old_code,old_naam,new_code,new_naam,pct_retained,n_new_touched,n_old_mapping_here,change_type
BU00030000,Appingedam-Centrum,BU19791149,Centrum-Appingedam,30.0,8,1,split
BU00030001,Appingedam-West,BU19791469,Buitengebied Noord-Appingedam,38.1,9,3,merged
BU00030002,Appingedam-Oost,BU19791256,Opwierde Noord,19.4,14,1,split
BU00030007,Verspreide huizen Damsterdiep en Eemskanaal,BU19791469,Buitengebied Noord-Appingedam,84.0,10,3,merged
BU00030008,Verspreide huizen ten zuiden van Eemskanaal,BU19791572,Buitengebied Zuid-Appingedam,81.1,7,1,split
BU00030009,Verspreide huizen ten noorden van het Damsterdiep,BU19791469,Buitengebied Noord-Appingedam,94.1,5,3,merged
BU00050000,Bedum,BU19660809,Bedum Noord - West,32.8,6,1,split
BU00050001,Verspreide huizen Bedum,BU19660802,Buitengebied Bedum,93.7,7,2,merged
BU00050002,Zuidwolde,BU19660803,Zuidwolde,55.7,2,1,split
BU00050003,Verspreide huizen Zuidwolde,BU19660801,Buitengebied Noord- en Zuidwolde,99.5,4,2,recoded (gemeente change)
BU00050004,Onderdendam,BU19660810,Onderdendam,56.3,2,1,split
BU00050005,Verspreide huizen Onderdendam,BU19660802,Buitengebied Bedum,99.9,4,2,recoded (gemeente change)
BU00050006,Noordwolde,BU19660804,Noordwolde,63.6,2,1,split
BU00050007,Verspreide huizen Noordwolde,BU19660801,Buitengebied Noord- en Zuidwolde,95.6,3,2,merged
BU00070000,Bellingwolde,BU19500000,Bellingwolde,100.0,1,1,recoded (gemeente change)
BU00070001,Vriescheloo,BU19500001,Vriescheloo,100.0,1,1,recoded (gemeente change)
BU00070002,Rhederweg-West,BU19500002,Rhederweg-West,100.0,1,1,recoded (gemeente change)
BU00070004,Vriescheloo-Zuid,BU19500004,Vriescheloo-Zuid,100.0,1,1,recoded (gemeente change)
BU00070005,Oudeschans,BU19500005,Oudeschans,100.0,1,1,recoded (gemeente change)
BU00070006,Klein-Ulsda,BU19500006,Klein-Ulsda,100.0,1,1,recoded (gemeente change)
BU00070007,Verspreide huizen ten zuidoosten van Bellingwolde,BU19500007,Verspreide huizen ten zuidoosten van Bellingwolde,100.0,1,1,recoded (gemeente change)
BU00070008,Verspreide huizen ten zuidoosten van Vriescheloo,BU19500008,Verspreide huizen ten zuidoosten van Vriescheloo,100.0,1,1,recoded (gemeente change)
BU00070009,Verspreide huizen Westerwoldse A,BU19500009,Verspreide huizen Westerwoldse A,100.0,1,1,recoded (gemeente change)
BU00070100,Veelerveen,BU19500100,Veelerveen,100.0,1,1,recoded (gemeente change)
BU00070101,Rhederbrug-Oost,BU19500101,Rhederbrug-Oost,100.0,1,1,recoded (gemeente change)
BU00070108,Verspreide huizen ten noordoosten van Rhederbrug,BU19500108,Verspreide huizen ten noordoosten van Rhederbrug,100.0,2,1,recoded (gemeente change)
BU00070109,Verspreide huizen Veelerveen,BU19500109,Verspreide huizen Veelerveen,100.0,1,1,recoded (gemeente change)
BU00070200,Blijham,BU19500200,Blijham,100.0,1,1,recoded (gemeente change)
BU00070201,Morige,BU19500201,Morige,100.0,1,1,recoded (gemeente change)
BU00070202,Wedde,BU19500202,Wedde,100.0,1,1,recoded (gemeente change)
BU00070203,Wedderheide,BU19500203,Wedderheide,100.0,1,1,recoded (gemeente change)
BU00070204,Wedderveer,BU19500204,Wedderveer,100.0,1,1,recoded (gemeente change)
BU00070206,Verspreide huizen in de polder Blijham,BU19500206,Verspreide huizen in de polder Blijham,100.0,1,1,recoded (gemeente change)
BU00070207,Verspreide huizen ten westen van Blijham,BU19500207,Verspreide huizen ten westen van Blijham,100.0,1,1,recoded (gemeente change)
BU00070208,Verspreide huizen Hoorn,BU19500208,Verspreide huizen Hoorn,100.0,1,1,recoded (gemeente change)
BU00070209,Verspreide huizen in de Weddermarke,BU19500209,Verspreide huizen in de Weddermarke,100.0,1,1,recoded (gemeente change)
BU00090000,Ten Boer,BU00141500,Ten Boer Dorp,88.8,4,1,split
BU00090001,Garmerwolde,BU00141502,Garmerwolde,100.0,1,1,recoded (gemeente change)
BU00090002,Thesinge,BU00141503,Thesinge,100.0,1,3,recoded (gemeente change)
BU00090003,Sint-Annen,BU00141504,Sint Annen,100.0,1,1,recoded (gemeente change)
BU00090005,Achter-Thesinge en Bovenrijge,BU00141503,Thesinge,76.4,3,3,merged
BU00090009,Verspreide huizen ten noorden van het Eemskanaal,BU00141503,Thesinge,32.5,10,3,merged
BU00090100,Ten Post,BU00141600,Ten Post Dorp,74.6,2,1,split
BU00090101,Winneweer (gedeeltelijk),BU00141603,Winneweer,100.0,1,1,recoded (gemeente change)
BU00090102,Woltersum,BU00141602,Woltersum,100.0,1,1,recoded (gemeente change)
BU00090104,Wittewierum,BU00141604,Wittewierum,61.4,2,1,split
BU00090106,Lellens,BU00141601,Lellens,100.0,1,1,recoded (gemeente change)
BU00090109,Verspreide huizen ten noorden van het Eemskanaal,BU00141605,Buitengebied Ten Post,60.7,10,1,split
BU00100000,Delfzijl-Centrum,BU19790831,Oosterhorn,68.2,6,2,merged
BU00100001,Farmsum,BU19790309,Koveltemp,41.9,12,1,split
BU00100002,Delfzijl-Noord,BU19790626,Bornholm,29.6,11,1,split
BU00100003,Delfzijl-West,BU19790203,Scheepvaartbuurt,32.4,16,1,split
BU00100004,Fivelzigt,BU19790518,Fivelmonde,67.2,10,1,split
BU00100005,Tuikwerd,BU19791016,Eelwerd,21.4,16,1,split
BU00100103,Meedhuizen,BU19790932,Meedhuizen,52.7,2,1,split
BU00100104,Uitwierde,BU19790739,Buitengebied Noord-Bierum,67.0,2,6,merged
BU00100107,Verspreide huizen Eemskanaal (ten zuiden),BU19790945,Buitengebied Zuid-Termunten,99.2,4,5,recoded (gemeente change)
BU00100108,Industrieterrein,BU19790831,Oosterhorn,87.5,5,2,merged
BU00100109,Verspreide huizen in het noorden,BU19790739,Buitengebied Noord-Bierum,95.5,5,6,merged
BU00100200,Woldendorp,BU19790943,Woldendorp,50.3,2,1,split
BU00100201,Termunten,BU19790945,Buitengebied Zuid-Termunten,52.9,3,5,merged
BU00100202,Termunterzijl,BU19790941,Termunterzijl,66.2,2,1,split
BU00100203,Borgsweer,BU19790945,Buitengebied Zuid-Termunten,56.2,2,5,merged
BU00100205,Wagenborgen,BU19790944,Wagenborgen,66.7,2,1,split
BU00100207,Verspreide huizen Wagenborgen,BU19790945,Buitengebied Zuid-Termunten,98.8,2,5,merged
BU00100209,Verspreide huizen Termunten,BU19790945,Buitengebied Zuid-Termunten,99.4,8,5,recoded (gemeente change)
BU00100300,Bierum,BU19790739,Buitengebied Noord-Bierum,51.9,2,6,merged
BU00100301,Spijk,BU19790738,Spijk,59.9,2,1,split
BU00100302,Holwierde,BU19790733,Holwierde,54.4,2,1,split
BU00100303,Godlinze,BU19790735,Godlinze,58.5,2,1,split
BU00100304,Losdorp,BU19790739,Buitengebied Noord-Bierum,60.0,2,6,merged
BU00100305,Krewerd,BU19790739,Buitengebied Noord-Bierum,79.7,2,6,merged
BU00100309,Verspreide huizen Bierum,BU19790739,Buitengebied Noord-Bierum,99.6,8,6,recoded (gemeente change)
BU00109998,,BU19799998,Buitenwater,99.8,6,1,recoded (gemeente change)
BU00140000,Binnenstad-Noord,BU00140000,Binnenstad-Noord,100.0,1,1,unchanged
BU00140001,Binnenstad-Zuid,BU00140001,Binnenstad-Zuid,100.0,1,1,unchanged
BU00140002,Binnenstad-Oost,BU00140002,Binnenstad-Oost,100.0,1,1,unchanged
BU00140003,Binnenstad-West,BU00140003,Binnenstad-West,100.0,1,1,unchanged
BU00140004,Noorderplantsoen,BU00140004,Noorderplantsoen,100.0,1,1,unchanged
BU00140005,Hortusbuurt,BU00140005,Hortusbuurt-Ebbingekwartier,100.0,1,2,unchanged
BU00140006,Ebbingekwartier,BU00140005,Hortusbuurt-Ebbingekwartier,100.0,1,2,recoded
BU00140007,UMCG,BU00140007,UMCG,100.0,1,1,unchanged
BU00140008,Stationsgebied,BU00140008,Stationsgebied,100.0,1,1,unchanged
BU00140100,De Meeuwen,BU00140100,De Meeuwen,100.0,1,1,unchanged
BU00140101,Oosterpoort,BU00140101,Oosterpoort,100.0,1,1,unchanged
BU00140102,Herewegbuurt,BU00140102,Herewegbuurt,100.0,1,1,unchanged
BU00140103,Rivierenbuurt,BU00140103,Rivierenbuurt,100.0,1,1,unchanged
BU00140104,Grunobuurt,BU00140104,Grunobuurt,100.0,1,1,unchanged
BU00140105,Badstratenbuurt,BU00140105,Badstratenbuurt,100.0,1,1,unchanged
BU00140106,Zeeheldenbuurt,BU00140106,Zeeheldenbuurt,100.0,1,1,unchanged
BU00140107,Laanhuizen,BU00140107,Laanhuizen,100.0,1,1,unchanged
BU00140108,Stadspark,BU00140108,Stadspark,100.0,1,1,unchanged
BU00140109,Martini Trade Park,BU00140109,Martini Trade Park,100.0,1,1,unchanged
BU00140200,Oranjebuurt,BU00140200,Oranjebuurt,100.0,1,1,unchanged
BU00140201,Noorderplantsoenbuurt,BU00140201,Noorderplantsoenbuurt,100.0,1,1,unchanged
BU00140202,Schildersbuurt,BU00140202,Schildersbuurt,100.0,1,1,unchanged
BU00140203,Kostverloren,BU00140203,Kostverloren,100.0,1,1,unchanged
BU00140300,De Hoogte,BU00140303,De Hoogte,61.8,2,1,split
BU00140301,Indische buurt,BU00140301,Indische buurt,100.0,1,1,unchanged
BU00140302,Professorenbuurt,BU00140302,Professorenbuurt,100.0,1,1,unchanged
BU00140400,Gorechtbuurt,BU00140400,Gorechtbuurt,100.0,1,1,unchanged
BU00140401,Vogelbuurt,BU00140401,Vogelbuurt,100.0,1,1,unchanged
BU00140402,Bloemenbuurt,BU00140402,Bloemenbuurt,100.0,1,1,unchanged
BU00140403,Florabuurt,BU00140403,Florabuurt,100.0,1,1,unchanged
BU00140404,Damsterbuurt,BU00140404,Damsterbuurt,100.0,1,1,unchanged
BU00140500,De Linie,BU00140500,De Linie,100.0,1,1,unchanged
BU00140501,Europapark,BU00140501,Europapark,100.0,1,1,unchanged
BU00140502,Eemskanaal,BU00140512,Eemskanaal-Noord,52.8,2,1,split
BU00140503,Kop van Oost,BU00140503,Kop van Oost,100.0,1,1,unchanged
BU00140504,Woonschepenhaven,BU00140504,Woonschepenhaven,100.0,1,1,unchanged
BU00140505,Driebond,BU00140505,Driebond,100.0,1,1,unchanged
BU00140506,Eemspoort,BU00140506,Eemspoort,100.0,1,1,unchanged
BU00140507,Euvelgunne,BU00140507,Euvelgunne,100.0,1,1,unchanged
BU00140508,Winschoterdiep,BU00140508,Winschoterdiep,100.0,1,1,unchanged
BU00140509,Stainkoel'n,BU00140509,Stainkoel'n,100.0,1,1,unchanged
BU00140510,Roodehaan,BU00140510,Roodehaan,100.0,1,1,unchanged
BU00140511,Waterhuizen,BU00140511,Waterhuizen,100.0,1,1,unchanged
BU00140600,Sterrebosbuurt,BU00140600,Sterrebosbuurt,100.0,1,1,unchanged
BU00140601,Coendersborg,BU00140601,Coendersborg,100.0,1,1,unchanged
BU00140602,Klein Martijn,BU00140602,Klein Martijn,100.0,1,1,unchanged
BU00140603,Villabuurt,BU00140603,Villabuurt,100.0,1,1,unchanged
BU00140604,Helpman,BU00140604,Helpman,100.0,1,1,unchanged
BU00140605,De Wijert,BU00140605,De Wijert,100.0,1,1,unchanged
BU00140606,De Wijert-Zuid,BU00140606,De Wijert-Zuid,100.0,1,1,unchanged
BU00140700,Corpus den Hoorn,BU00140700,Corpus den Hoorn,100.0,1,1,unchanged
BU00140701,Hoornse Meer,BU00140701,Hoornse Meer,100.0,1,1,unchanged
BU00140702,Hoornse Park,BU00140702,Hoornse Park,100.0,1,1,unchanged
BU00140703,Van Swieten,BU00140703,Van Swieten,100.0,1,1,unchanged
BU00140704,Piccardthof,BU00140704,Piccardthof,100.0,1,1,unchanged
BU00140705,Bruilweering,BU00140705,Bruilweering,100.0,1,1,unchanged
BU00140800,Hoogkerk Dorp,BU00140800,Hoogkerk Dorp,100.0,3,1,unchanged
BU00140801,Hoogkerk-Zuid,BU00140801,Hoogkerk-Zuid,100.0,1,1,unchanged
BU00140802,Westpoort,BU00140802,Westpoort,100.0,1,2,unchanged
BU00140803,Vierverlaten,BU00140802,Westpoort,55.7,2,2,merged
BU00140804,Zuidwending,BU00140804,Zuidwending,100.0,1,1,unchanged
BU00140805,Leegkerk,BU00140805,Leegkerk,100.0,1,1,unchanged
BU00140806,Gravenburg,BU00140806,Gravenburg,68.6,4,1,split
BU00140807,Suikerfabriekterrein,BU00140908,De Suikerzijde-Noord,100.0,1,1,recoded
BU00140808,Peizerweg,BU00140110,Peizerweg,100.0,1,1,recoded
BU00140809,Bangeweer,BU00140909,De Suikerzijde-Zuid,82.2,2,1,split
BU00140810,De Buitenhof,BU00140810,De Buitenhof,100.0,1,1,unchanged
BU00140811,Kranenburg,BU00140811,Kranenburg,100.0,1,1,unchanged
BU00140812,De Kring,BU00140812,De Kring,100.0,1,1,unchanged
BU00140900,Vinkhuizen-Noord,BU00140900,Vinkhuizen-Noord,88.7,2,1,split
BU00140901,Vinkhuizen-Zuid,BU00140901,Vinkhuizen-Zuid,100.0,1,1,unchanged
BU00140902,Hoendiep,BU00140902,Hoendiep,100.0,1,1,unchanged
BU00140903,Friesestraatweg,BU00140903,Reitdiepswaard,100.0,1,1,unchanged
BU00140904,Reitdiep,BU00140904,Reitdiep,100.0,1,1,unchanged
BU00140905,Dorkwerd,BU00140905,Dorkwerd,100.0,1,1,unchanged
BU00140906,De Held,BU00140906,De Held,61.7,3,1,split
BU00140907,Westpark,BU00140907,Westpark,99.4,2,1,unchanged
BU00141000,Selwerd,BU00141000,Selwerd,100.0,1,1,unchanged
BU00141001,Paddepoel-Zuid,BU00141001,Paddepoel-Zuid,100.0,1,1,unchanged
BU00141002,Paddepoel-Noord,BU00141002,Paddepoel-Noord,100.0,1,1,unchanged
BU00141003,Zernike Campus,BU00141003,Zernike Campus,100.0,1,1,unchanged
BU00141004,Selwerderhof,BU00141004,Selwerderhof,100.0,1,1,unchanged
BU00141005,Tuinwijk,BU00141005,Tuinwijk,100.0,1,1,unchanged
BU00141100,Beijum-West,BU00141100,Beijum-West,100.0,1,1,unchanged
BU00141101,Beijum-Oost,BU00141101,Beijum-Oost,100.0,1,1,unchanged
BU00141102,De Hunze,BU00141102,De Hunze,100.0,1,1,unchanged
BU00141103,Van Starkenborgh,BU00141103,Van Starkenborgh,100.0,1,1,unchanged
BU00141104,Noorderhoogebrug,BU00141104,Noorderhoogebrug,100.0,1,1,unchanged
BU00141105,Het Witte Lam,BU00141105,Het Witte Lam,100.0,1,1,unchanged
BU00141106,Koningslaagte,BU00141106,Koningslaagte,100.0,1,1,unchanged
BU00141107,Hunzeboord,BU00141107,Hunzeboord,100.0,1,1,unchanged
BU00141200,Lewenborg-Noord,BU00141200,Lewenborg-Noord,100.0,1,1,unchanged
BU00141201,Lewenborg-Zuid,BU00141201,Lewenborg-Zuid,100.0,1,1,unchanged
BU00141202,Lewenborg-West,BU00141202,Lewenborg-West,100.0,1,1,unchanged
BU00141203,Oosterhoogebrug,BU00141213,Oosterhoogebrug,68.3,5,1,split
BU00141204,Ulgersmaborg,BU00141214,Ulgersmaborg,49.6,4,1,split
BU00141205,Hunzepark,BU00141205,Hunzepark,100.0,1,1,unchanged
BU00141206,Zilvermeer,BU00141206,Zilvermeer,100.0,1,1,unchanged
BU00141207,Kardinge,BU00141207,Kardinge,100.0,1,1,unchanged
BU00141208,Drielanden,BU00141208,Drielanden,100.0,1,1,unchanged
BU00141209,Noorddijk,BU00141209,Noorddijk,100.0,1,1,unchanged
BU00141210,Ruischerbrug,BU00141210,Ruischerbrug,100.0,1,1,unchanged
BU00141211,Ruischerwaard,BU00141211,Ruischerwaard,100.0,1,1,unchanged
BU00141300,Middelbert,BU00141305,De Eems,61.2,3,1,split
BU00141301,Engelbert,BU00141301,Engelbert,98.9,3,1,split
BU00141302,Klein Harkstede,BU00141302,Klein Harkstede,79.7,2,1,split
BU00150000,Grootegast,BU19690000,Grootegast,100.0,1,1,recoded (gemeente change)
BU00150001,Doezum,BU19690001,Doezum,100.0,1,1,recoded (gemeente change)
BU00150002,Sebaldeburen,BU19690002,Sebaldeburen,100.0,1,1,recoded (gemeente change)
BU00150006,Het Peebos,BU19690006,Het Peebos,100.0,1,1,recoded (gemeente change)
BU00150007,Verspreide huizen ten zuiden van Sebaldeburen,BU19690007,Verspreide huizen ten zuiden van Sebaldeburen,100.0,1,1,recoded (gemeente change)
BU00150008,Verspreide huizen ten zuiden van Grootegast,BU19690008,Verspreide huizen ten zuiden van Grootegast,100.0,1,1,recoded (gemeente change)
BU00150009,Overige verspreide huizen,BU19690009,Overige verspreide huizen,100.0,1,1,recoded (gemeente change)
BU00150100,Lutjegast,BU19690100,Lutjegast,100.0,1,1,recoded (gemeente change)
BU00150109,Verspreide huizen Lutjegast,BU19690109,Verspreide huizen Lutjegast,100.0,1,1,recoded (gemeente change)
BU00150200,Opende-West,BU19690200,Opende-West,100.0,1,1,recoded (gemeente change)
BU00150201,Opende-Oost,BU19690201,Opende-Oost,100.0,1,1,recoded (gemeente change)
BU00150202,Kornhorn,BU19690202,Kornhorn,100.0,1,1,recoded (gemeente change)
BU00150209,Verspreide huizen ten zuiden van Opende,BU19690209,Verspreide huizen ten zuiden van Opende,100.0,1,1,recoded (gemeente change)
BU00150300,Niekerk,BU19690300,Niekerk,100.0,1,1,recoded (gemeente change)
BU00150301,Oldekerk,BU19690301,Oldekerk,100.0,1,1,recoded (gemeente change)
BU00150309,Verspreide huizen Oldekerk,BU19690309,Verspreide huizen Oldekerk,100.0,1,1,recoded (gemeente change)
BU00170000,Haren,BU00141702,Haren-Zuidoost,30.8,12,1,split
BU00170001,Oosterhaar,BU00141800,Oosterhaar,77.9,6,1,split
BU00170002,Voorveld,BU00141708,Buitengebied Haren-Zuidoost,52.7,7,1,split
BU00170003,Harenermolen,BU00141903,Buitengebied Glimmen,44.5,6,2,merged
BU00170004,Glimmen,BU00141903,Buitengebied Glimmen,65.6,2,2,merged
BU00170005,Hemmen,BU00141703,Haren-Noord,60.3,4,1,split
BU00170100,Noordlaren,BU00141902,Noordlaren Dorp,54.6,2,1,split
BU00170101,Onnen,BU00141901,Onnen Dorp,56.5,2,1,split
BU00170102,Paterswolde (gedeeltelijk),BU00141707,Paterswoldsemeer,100.0,1,2,recoded (gemeente change)
BU00170103,Essen,BU00141704,Essen,99.1,2,1,recoded (gemeente change)
BU00170106,Verspreide huizen ten westen van Noord-Willemskanaal,BU00141707,Paterswoldsemeer,66.9,4,2,merged
BU00170107,Verspreide huizen op de Hondsrug,BU00141905,Buitengebied Noordlaren,53.3,8,1,split
BU00170108,Verspreide huizen Onner Esch,BU00141904,Buitengebied Onnen,82.1,10,2,merged
BU00170109,Verspreide huizen ten oosten van de Hondsrug,BU00141904,Buitengebied Onnen,52.9,8,2,merged
BU00180101,Noorderpark,BU19520101,Noorderpark,100.0,1,1,recoded (gemeente change)
BU00180102,Westerpark,BU19520102,Westerpark,100.0,1,1,recoded (gemeente change)
BU00180103,Beukemabuurt,BU19520103,Beukemabuurt,100.0,1,1,recoded (gemeente change)
BU00180104,Oosterpark,BU19520104,Oosterpark,98.0,2,1,split
BU00180105,Martenshoek,BU19520105,Martenshoek en Industriegebied Martenshoek,100.0,3,1,recoded (gemeente change)
BU00180106,Industriegebied Martenshoek,BU19520107,Industriegebied Martenshoek,99.1,4,1,recoded (gemeente change)
BU00180107,Stadshart-Noord,BU19520106,Stadshart-Noord,100.0,1,1,recoded (gemeente change)
BU00180201,Spoorstraat en Kieldiep,BU19520201,Spoorstraat en Kieldiep,100.0,1,1,recoded (gemeente change)
BU00180202,Burgemeester van Royenstraat en omgeving,BU19520202,Burgemeester van Royenstraat en omgeving,100.0,1,1,recoded (gemeente change)
BU00180203,Gorecht-Noord,BU19520203,Gorecht-Noord,100.0,1,1,recoded (gemeente change)
BU00180204,Gorechtpark,BU19520210,Gorechtpark,93.6,2,1,split
BU00180205,Gorecht-West,BU19520205,Gorecht-West,100.0,1,1,recoded (gemeente change)
BU00180206,Woldwijck-West,BU19520206,Woldwijck-West,98.9,2,1,split
BU00180207,Woldwijck-Midden,BU19520207,Woldwijck-Midden,99.9,3,1,recoded (gemeente change)
BU00180208,Woldwijck-Oost,BU19520208,Woldwijck-Oost,99.9,2,1,recoded (gemeente change)
BU00180209,Kropswolderpolder,BU19520209,Kropswolderpolder,99.8,2,1,recoded (gemeente change)
BU00180210,Gorechtpark-Oost,BU19520204,Gorechtpark-Oost,100.0,1,1,recoded (gemeente change)
BU00180301,Stadshart-Zuid,BU19520301,Stadshart-Zuid,100.0,2,1,recoded (gemeente change)
BU00180302,Zuiderpark,BU19520302,Zuiderpark,88.3,4,1,split
BU00180303,De Dreven,BU19520303,De Dreven,100.0,2,1,recoded (gemeente change)
BU00180304,De Vosholen-West,BU19520304,De Vosholen-West,87.1,4,1,split
BU00180305,Kalkwijk-Zuid,BU19520306,Kalkwijk-Zuid,96.8,4,1,split
BU00180306,Kalkwijk-Noord,BU19520305,Kalkwijk-Noord,100.0,1,1,recoded (gemeente change)
BU00180501,Kiel-Windeweer,BU19520501,Kiel-Windeweer,95.3,2,1,split
BU00180502,Kiel-Windeweer Buiten,BU19520502,Kiel-Windeweer Buitengebied,96.6,5,1,split
BU00180601,Recreatiegebied Meerwijck,BU19520603,Kropswolde Recreatiegebied,98.5,3,2,merged
BU00180602,Polder Kropswolde,BU19520604,Kropswolde Buitengebied,86.0,7,2,merged
BU00180603,Meerwijck,BU19520602,Meerwijck,95.7,3,1,split
BU00180604,Polder Wolfsbarge,BU19520604,Kropswolde Buitengebied,91.6,3,2,merged
BU00180605,Kropswolderbuitenpolder,BU19520603,Kropswolde Recreatiegebied,99.5,8,2,recoded (gemeente change)
BU00180606,Kropswolde,BU19520601,Kropswolde,69.7,4,1,split
BU00180701,Foxhol,BU19520701,Foxhol,99.3,3,1,recoded (gemeente change)
BU00180702,Foxholsterbosch,BU19520702,Foxhol Industriegebied,96.7,8,1,split
BU00180801,Westerbroekstermolenpolder,BU19520803,Westerbroek Buitengebied,98.5,4,1,split
BU00180802,Westerbroekstermadepolder,BU19520805,Westerbroek Recreatiegebied,98.1,3,1,split
BU00180803,Industriegebied Winschoterdiep,BU19520804,Westerbroek Industriegebied,54.8,6,1,split
BU00180804,Westerbroek,BU19520802,Westerbroek,85.6,2,1,split
BU00180901,Waterhuizen,BU19520801,Waterhuizen,56.1,4,1,split
BU00181101,Magrietpark,BU19520401,Magrietpark,94.8,3,1,split
BU00181102,Sappemeer-Oost,BU19520402,Sappemeer-Oost,88.0,3,1,split
BU00181103,Boswijck-West,BU19520403,Boswijck-West,99.5,2,1,recoded (gemeente change)
BU00181104,Boswijck-Oost,BU19520404,Boswijck-Oost,100.0,2,1,recoded (gemeente change)
BU00181105,Compagniesterpark,BU19520405,Compagniesterpark,100.0,2,1,recoded (gemeente change)
BU00181106,De Vosholen-Oost,BU19520406,De Vosholen-Oost,80.0,3,1,split
BU00181107,Nieuw Woelwijck,BU19520407,Nieuw Woelwijck,99.8,5,1,recoded (gemeente change)
BU00181108,Polder De Nijverheid,BU19520408,Polder De Nijverheid,100.0,2,1,recoded (gemeente change)
BU00181109,Sappemeer-Noord,BU19520409,Sappemeer-Noord,100.0,2,1,recoded (gemeente change)
BU00220001,Diepswal,BU19690401,Diepswal,100.0,1,1,recoded (gemeente change)
BU00220002,Centrum Leek en omgeving,BU19690402,Centrum Leek en omgeving,100.0,1,1,recoded (gemeente change)
BU00220003,Rodenburg en omgeving,BU19690403,Rodenburg en omgeving,100.0,1,1,recoded (gemeente change)
BU00220004,Nienoordsrand,BU19690404,Nienoordsrand,100.0,1,1,recoded (gemeente change)
BU00220008,Buitengebied ten oosten van Leek,BU19690408,Buitengebied ten oosten van Leek,100.0,1,1,recoded (gemeente change)
BU00220009,Buitengebied ten zuiden van Leek,BU19690409,Buitengebied ten zuiden van Leek,100.0,1,1,recoded (gemeente change)
BU00220100,Bebouwde kom Zevenhuizen,BU19690500,Bebouwde kom Zevenhuizen,100.0,1,1,recoded (gemeente change)
BU00220101,De Haspel,BU19690501,De Haspel,100.0,1,1,recoded (gemeente change)
BU00220102,Drostinnewijk,BU19690502,Drostinnewijk,100.0,1,1,recoded (gemeente change)
BU00220103,Boerenstreek,BU19690503,Boerenstreek,100.0,1,1,recoded (gemeente change)
BU00220107,Buitengebied ten noorden van Zevenhuizen,BU19690507,Buitengebied ten noorden van Zevenhuizen,100.0,1,1,recoded (gemeente change)
BU00220108,Buitengebied ten oosten van Zevenhuizen,BU19690508,Buitengebied ten oosten van Zevenhuizen,100.0,1,1,recoded (gemeente change)
BU00220109,Buitengebied ten westen van Zevenhuizen,BU19690509,Buitengebied ten westen van Zevenhuizen,100.0,1,1,recoded (gemeente change)
BU00220200,Bebouwde kom Tolbert,BU19690600,Bebouwde kom Tolbert,100.0,1,1,recoded (gemeente change)
BU00220201,Sint Maheerdt,BU19690601,Sint Maheerdt,100.0,1,1,recoded (gemeente change)
BU00220209,Buitengebied Tolbert,BU19690609,Buitengebied Tolbert,100.0,1,1,recoded (gemeente change)
BU00220400,Bebouwde kom Midwolde,BU19690700,Bebouwde kom Midwolde,100.0,1,1,recoded (gemeente change)
BU00220401,Pasop,BU19690701,Pasop,100.0,1,1,recoded (gemeente change)
BU00220409,Buitengebied Midwolde,BU19690709,Buitengebied Midwolde,100.0,1,1,recoded (gemeente change)
BU00220500,Bebouwde kom Lettelbert,BU19690800,Bebouwde kom Lettelbert,100.0,1,1,recoded (gemeente change)
BU00220509,Buitengebied Lettelbert,BU19690809,Buitengebied Lettelbert,100.0,1,1,recoded (gemeente change)
BU00220600,Bebouwde kom Oostwold,BU19690900,Bebouwde kom Oostwold,100.0,1,1,recoded (gemeente change)
BU00220609,Buitengebied-Oostwold,BU19690909,Buitengebied-Oostwold,100.0,1,1,recoded (gemeente change)
BU00220700,Bebouwde kom Enumatil,BU19691000,Bebouwde kom Enumatil,100.0,1,1,recoded (gemeente change)
BU00220709,Buitengebied Enumatil,BU19691009,Buitengebied Enumatil,100.0,1,1,recoded (gemeente change)
BU00240000,Loppersum,BU19791673,Loppersum,81.8,2,1,split
BU00240001,Garrelsweer,BU19791676,Buitengebied Noord-Loppersum,65.1,2,6,merged
BU00240002,Wirdum,BU19791676,Buitengebied Noord-Loppersum,57.6,2,6,merged
BU00240003,Wirdumerdraai,BU19791676,Buitengebied Noord-Loppersum,69.0,2,6,merged
BU00240005,Winneweer (gedeeltelijk),BU19791676,Buitengebied Noord-Loppersum,100.0,1,6,recoded (gemeente change)
BU00240008,Verspreide huizen Eemskanaal en Damsterdiep,BU19791676,Buitengebied Noord-Loppersum,100.0,3,6,recoded (gemeente change)
BU00240009,Verspreide huizen ten noorden van het Damsterdiep,BU19791676,Buitengebied Noord-Loppersum,99.2,4,6,recoded (gemeente change)
BU00240100,Stedum,BU19791777,Stedum,56.8,2,1,split
BU00240101,Westeremden,BU19791778,Westeremden,60.3,2,1,split
BU00240102,Garsthuizen (gedeeltelijk),BU19791779,Garsthuizen,54.0,2,1,split
BU00240109,Verspreide huizen Stedum inclusief Startenhuizen,BU19791780,Buitengebied Noord-Stedum,99.8,4,1,recoded (gemeente change)
BU00240200,Middelstum,BU19791881,Middelstum,69.2,2,1,split
BU00240201,Westerwijtwerd,BU19791885,Buitengebied Noord-Middelstum,83.6,2,4,merged
BU00240202,Huizinge,BU19791885,Buitengebied Noord-Middelstum,54.1,2,4,merged
BU00240203,Toornwerd,BU19791885,Buitengebied Noord-Middelstum,54.7,2,4,merged
BU00240209,Verspreide huizen Middelstum,BU19791885,Buitengebied Noord-Middelstum,99.4,5,4,recoded (gemeente change)
BU00240300,'t Zandt,BU19791992,Buitengebied Noord-'t Zandt,58.3,2,5,merged
BU00240301,Zeerijp,BU19791987,Zeerijp,55.3,2,1,split
BU00240302,Zijldijk,BU19791992,Buitengebied Noord-'t Zandt,79.7,2,5,merged
BU00240303,Leermens,BU19791992,Buitengebied Noord-'t Zandt,60.6,2,5,merged
BU00240304,Oosterwijtwerd,BU19791992,Buitengebied Noord-'t Zandt,85.1,2,5,merged
BU00240305,Eenum,BU19791991,Eenum,51.9,2,1,split
BU00240309,Verspreide huizen 't Zandt,BU19791992,Buitengebied Noord-'t Zandt,99.8,6,5,recoded (gemeente change)
BU00250000,Marum,BU19691100,Marum,100.0,1,1,recoded (gemeente change)
BU00250002,Nuis,BU19691102,Nuis,100.0,1,1,recoded (gemeente change)
BU00250003,Niebert,BU19691103,Niebert,100.0,1,1,recoded (gemeente change)
BU00250004,Boerakker,BU19691104,Boerakker,100.0,1,1,recoded (gemeente change)
BU00250005,Lucaswolde,BU19691105,Lucaswolde,100.0,1,1,recoded (gemeente change)
BU00250006,Noordwijk,BU19691106,Noordwijk,100.0,1,1,recoded (gemeente change)
BU00250007,De Haar,BU19691107,De Haar,100.0,1,1,recoded (gemeente change)
BU00250008,Verspreide huizen in het noordwesten,BU19691108,Verspreide huizen in het noordwesten,100.0,1,1,recoded (gemeente change)
BU00250009,Verspreide huizen in het noordoosten,BU19691109,Verspreide huizen in het noordoosten,100.0,1,1,recoded (gemeente change)
BU00250100,De Wilp (gedeeltelijk),BU19691200,De Wilp (gedeeltelijk),100.0,1,1,recoded (gemeente change)
BU00250101,Wilpstervaart,BU19691201,Wilpstervaart,100.0,1,1,recoded (gemeente change)
BU00250102,Keuningswijk,BU19691202,Keuningswijk,100.0,1,1,recoded (gemeente change)
BU00250104,Jonkersvaart,BU19691204,Jonkersvaart,100.0,1,1,recoded (gemeente change)
BU00250108,Verspreide huizen ten noorden van Jonkersvaart,BU19691208,Verspreide huizen ten noorden van Jonkersvaart,100.0,1,1,recoded (gemeente change)
BU00250109,Verspreide huizen ten noorden van de Wilp,BU19691209,Verspreide huizen ten noorden van de Wilp,100.0,1,1,recoded (gemeente change)
BU00340101,Centrum Almere Haven,BU00340102,Centrum Haven Zuid,79.9,8,1,split
BU00340102,De Werven,BU00340201,Rozenwerf en Tuinderswerf,23.6,9,1,split
BU00340103,De Hoven,BU00340301,Buitenhof en Groenhof,36.8,8,1,split
BU00340104,De Meenten,BU00340402,Schapenmeent en Terpmeent,38.5,7,1,split
BU00340105,De Grienden,BU00340501,"Klavergriend, Klippriend en Wilgengriend",35.1,9,1,split
BU00340106,De Marken,BU00340606,Vliegerpark,20.7,12,1,split
BU00340107,De Gouwen,BU00340703,"Bosgouw, Brongouw en Nijvergouw",43.6,8,1,split
BU00340108,De Wierden,BU00340803,"Hoekwierde, Kimwierde en Zandwierde",33.4,10,1,split
BU00340109,De Velden,BU00340902,De Velden Zuid,57.5,5,1,split
BU00340110,Overgooi,BU00341001,Overgooi (brt),50.8,8,1,split
BU00340171,De Steiger,BU00341401,De Steiger (brt),100.0,4,1,recoded
BU00340173,Stichtsekant,BU00341501,Stichtsekant (brt),99.3,3,1,recoded
BU00340199,Overig Almere Haven,BU00341602,Overig Almere Haven West,50.9,20,1,split
BU00340201,Centrum Almere Stad,BU00341702,Centrum Stad Oost,35.4,7,1,split
BU00340202,Filmwijk,BU00341804,Filmwijk Midden,23.7,13,1,split
BU00340203,Danswijk,BU00341902,Danswijk Noordoost,41.8,7,1,split
BU00340204,Parkwijk,BU00342001,Parkwijk Noordwest,34.3,12,1,split
BU00340205,Verzetswijk,BU00342103,Hannie Schaftpark/Bos der Onverzettelijk,41.7,5,1,split
BU00340206,Waterwijk,BU00342202,Waterwijk Oost,26.4,10,1,split
BU00340207,Tussen de Vaarten Noord,BU00342304,Sportpark Fanny Blankers Koen,58.6,8,1,split
BU00340208,Tussen de Vaarten Zuid,BU00342408,Sallandsebos,30.6,15,1,split
BU00340209,Staatsliedenwijk,BU00342501,Staatsliedenwijk Oost,36.4,7,1,split
BU00340210,Kruidenwijk,BU00342609,Koningin Beatrixpark,32.9,15,1,split
BU00340211,Stedenwijk,BU00342704,Stedenwijk Zuid,20.3,16,1,split
BU00340212,Muziekwijk Noord,BU00342802,Muziekwijk N.-Noord,19.8,16,1,split
BU00340213,Muziekwijk Zuid,BU00342902,Muziekwijk Z.-Oost,46.6,12,1,split
BU00340214,Literatuurwijk,BU00343004,Literatuurwijk Zuid,27.6,13,1,split
BU00340215,Noorderplassen,BU00343101,Noorderplassen Oost,46.1,14,1,split
BU00340271,Randstad,BU00343401,Randstad Oost,59.3,4,1,split
BU00340272,Markerkant,BU00343501,Markerkant Noord,66.1,5,1,split
BU00340273,Hollandsekant,BU00343601,Hollandsekant (brt),99.9,5,1,recoded
BU00340274,Gooisekant,BU00343702,Gooisekant West,52.4,7,1,split
BU00340275,Veluwsekant,BU00343802,Veluwsekant West,50.2,3,1,split
BU00340276,Sallandsekant,BU00343902,Sallandsekant Zuidoost,35.8,8,1,split
BU00340299,Overig Almere Stad,BU00344001,Overig Almere Stad Noord,68.5,15,1,split
BU00340301,Centrum Almere Buiten,BU00344101,Centrum Almere Buiten Noord,70.2,4,1,split
BU00340302,Oostvaardersbuurt,BU00344203,Oostvaardersbuurt West,27.8,10,1,split
BU00340303,Seizoenenbuurt,BU00344301,Seizoenenbuurt Noord,32.5,10,1,split
BU00340304,Molenbuurt,BU00344401,Molenbuurt Oost,52.5,6,1,split
BU00340305,Bouwmeesterbuurt,BU00344501,Bouwmeesterbuurt Noord,34.0,10,1,split
BU00340306,Landgoederenbuurt,BU00344603,Landgoederenbuurt Zuid en West,49.3,7,1,split
BU00340307,Faunabuurt,BU00344701,Faunabuurt Noord,36.6,6,1,split
BU00340308,Bloemenbuurt,BU00344804,Bloemenbuurt West,26.9,7,1,split
BU00340309,Regenboogbuurt,BU00344901,Regenboogbuurt Noord en Oost,32.2,8,1,split
BU00340310,Indischebuurt,BU00345002,Indische Buurt West,70.1,13,1,split
BU00340311,Eilandenbuurt,BU00345102,Eilandenbuurt Oost,33.3,9,1,split
BU00340312,Stripheldenbuurt,BU00345204,Stripheldenbuurt Oost,27.6,11,1,split
BU00340313,Sieradenbuurt,BU00345301,Sieradenbuurt (brt),67.3,5,1,split
BU00340371,Poldervlak,BU00345601,Poldervlak Oost,55.1,5,1,split
BU00340372,De Vaart,BU00345701,Bedrijventerrein De Vaart 4-6,62.8,5,1,split
BU00340373,Buitenvaart,BU00345801,Buitenvaart (brt),100.0,4,1,recoded
BU00340399,Overig Almere Buiten,BU00345902,Overig Almere Buiten Zuid,56.8,15,1,split
BU00340401,Europakwartier,BU00346001,Europakwartier Oost (brt),37.0,10,1,split
BU00340402,Columbuskwartier,BU00346201,Columbuskwartier Noord,56.3,9,1,split
BU00340403,Homeruskwartier,BU00346302,Homeruskwartier Midden,36.6,8,1,split
BU00340404,Olympiakwartier,BU00346401,Olympiakwartier Oost (brt),64.8,8,1,split
BU00340405,Duin,BU00346602,Duin Zuid,60.9,10,1,split
BU00340471,Hogekant,BU00347101,Hogekant (brt),99.8,4,1,recoded
BU00340472,Middenkant,BU00347201,Middenkant (brt),100.0,6,1,recoded
BU00340473,Lagekant,BU00347301,Lagekant (brt),99.3,2,1,recoded
BU00340499,Overig Almere Poort,BU00347401,Overig Almere Poort Noord,52.3,14,1,split
BU00340502,Vogelhorst,BU00347501,Vogelhorst Noord,53.2,4,1,split
BU00340503,Nobelhorst,BU00347601,Nobelhorst Oost,43.2,7,1,split
BU00340571,Twentsekant,BU00347901,Twentsekant (brt),98.4,4,1,split
BU00340599,Overig Almere Hout,BU00347701,Oosterwold Noord,23.4,18,1,split
BU00340699,Overig Almere Pampus,BU00349615,Overig Almere Pampus (brt),99.9,6,1,recoded
BU00349997,,BU00349997,Groot binnenwater,99.9,10,1,unchanged
BU00370100,Stadskanaal Centrum,BU00370100,Stadskanaal Centrum,88.0,8,1,split
BU00370101,Maarsstee,BU00370101,Maarsstee,95.2,4,1,split
BU00370102,Maarswold,BU00370102,Maarswold,91.8,4,1,split
BU00370103,Maarsveld,BU00370103,Maarsveld,97.9,5,1,split
BU00370104,De Hagen,BU00370104,De Hagen,90.3,5,1,split
BU00370105,Vogelwijk en de Borgen,BU00370105,Vogelwijk en De Borgen,98.2,3,1,split
BU00370106,Industriegebied,BU00370106,Industriegebied Vleddermond,96.6,7,1,split
BU00370107,Dideldom,BU00370107,Dideldom,98.2,3,1,split
BU00370108,Parkwijk,BU00370108,Parkwijk,98.0,3,1,split
BU00370109,Noord Landskant,BU00370109,Stadskanaal Noord Landskant,94.8,2,1,split
BU00370110,Centrum-Noord,BU00370110,Stadskanaal Noord Centrum,92.1,10,1,split
BU00370111,Noord,BU00370111,Stadskanaal Noord,97.8,4,1,split
BU00370112,Waterland,BU00370112,Waterland,98.0,3,1,split
BU00370200,Musselkanaal Centrum,BU00370200,Musselkanaal Centrum,98.2,3,1,split
BU00370201,Zuid,BU00370201,Musselkanaal Zuid,95.6,3,1,split
BU00370202,Noord,BU00370202,Musselkanaal Noord,98.3,3,1,split
BU00370203,Ceresdorp,BU00370203,Ceresdorp,98.3,4,1,split
BU00370300,Onstwedde,BU00370300,Onstwedde,93.3,3,1,split
BU00370301,Holte,BU00370301,Holte,69.4,2,1,split
BU00370308,Buitengebied-Noord,BU00370308,Onstwedde Buitengebied Noord,97.8,6,1,split
BU00370309,Buitengebied-Zuid,BU00370309,Onstwedde Buitengebied Zuid,99.2,9,1,unchanged
BU00370400,Mussel,BU00370400,Mussel,97.7,5,1,split
BU00370401,Kopstukken,BU00370401,Kopstukken,93.4,2,1,split
BU00370402,Vledderveen,BU00370402,Vledderveen,97.0,2,1,split
BU00370409,Verspreide huizen Mussel,BU00370409,Mussel Buitengebied,96.8,11,1,split
BU00370500,Alteveer,BU00370500,Alteveer,88.6,5,1,split
BU00370509,Verspreide huizen Alteveer,BU00370509,Alteveer Buitengebied,97.0,6,1,split
BU00400000,Slochteren,BU19521201,Slochteren,98.4,4,1,split
BU00400001,Kolham,BU19521001,Kolham,88.5,4,4,merged
BU00400002,'s-Gravenschans en Ruiten,BU19521202,Slochteren Natuurgebied,75.3,6,2,merged
BU00400003,Rengerslaan,BU19521001,Kolham,53.6,3,4,merged
BU00400004,Knijpslaan,BU19521001,Kolham,82.5,3,4,merged
BU00400006,Froombosch,BU19521101,Froombosch,82.5,6,1,split
BU00400007,Verspreide huizen ten oosten van Slochteren,BU19521203,Slochteren Buitengebied,61.5,6,1,split
BU00400008,Verspreide huizen ten zuiden van Kolham,BU19521001,Kolham,30.3,5,4,merged
BU00400009,Verspreide huizen in de Hooilandspolder,BU19521202,Slochteren Natuurgebied,36.6,12,2,merged
BU00400100,Schildwolde,BU19521301,Schildwolde,82.9,5,1,split
BU00400101,Hellum,BU19521401,Hellum,95.7,4,1,split
BU00400102,Meenteweg,BU19521302,Schildwolde Natuurgebied,56.7,2,2,merged
BU00400108,Verspreide huizen ten noorden van Het Siep,BU19521303,Schildwolde Buitengebied,62.9,6,1,split
BU00400109,Verspreide huizen in De Zanden,BU19521302,Schildwolde Natuurgebied,64.1,7,2,merged
BU00400200,Siddeburen,BU19521501,Siddeburen,79.8,5,1,split
BU00400201,Oudeweg en Hoofdweg en Oostwolderweg,BU19521502,Siddeburen Buitengebied,94.9,2,3,merged
BU00400203,Steendam,BU19521702,Steendam,70.9,2,1,split
BU00400204,Tjuchem,BU19521701,Tjuchem,100.0,1,1,recoded (gemeente change)
BU00400208,Verspreide huizen in het Siddebuursterveen,BU19521502,Siddeburen Buitengebied,97.9,3,3,merged
BU00400209,Verspreide huizen ten noorden van Siddeburen,BU19521502,Siddeburen Buitengebied,39.2,6,3,merged
BU00400300,Harkstede,BU19520901,Harkstede,67.8,4,2,merged
BU00400301,Scharmer,BU19520905,Scharmer Buitengebied,44.4,4,3,merged
BU00400302,Hamweg,BU19520901,Harkstede,36.0,5,2,merged
BU00400304,Borgweg (gedeeltelijk),BU19520905,Scharmer Buitengebied,87.8,4,3,merged
BU00400308,Verspreide huizen ten oosten van Hamweg,BU19520905,Scharmer Buitengebied,37.6,9,3,merged
BU00400309,Verspreide huizen in het Westen,BU00141401,Harkstede GN,35.4,14,1,split
BU00400400,Overschild,BU19521602,Overschild Buitengebied,72.6,2,2,merged
BU00400409,Verspreide huizen Overschild,BU19521602,Overschild Buitengebied,83.4,7,2,merged
BU00470000,Veendam-Centrum,BU00470000,Veendam-Centrum,100.0,1,1,unchanged
BU00470001,Veendam-Oude Ae,BU00470001,Veendam-Oude Ae,100.0,1,1,unchanged
BU00470002,Veendam-Middenweg en omgeving,BU00470002,Veendam-Middenweg en omgeving,100.0,1,1,unchanged
BU00470003,Veendam en omgeving station,BU00470003,Veendam en omgeving station,100.0,1,1,unchanged
BU00470004,Veendam-Zuid,BU00470004,Veendam-Zuid,100.0,1,1,unchanged
BU00470005,Veendam-Sorghvliet,BU00470005,Veendam-Sorghvliet,100.0,1,1,unchanged
BU00470006,Veendam-industriegebied,BU00470006,Veendam-industriegebied,100.0,1,1,unchanged
BU00470007,Buitenwoel,BU00470007,Buitenwoel,100.0,1,1,unchanged
BU00470100,Borgercompagnie (gedeeltelijk),BU00470100,Borgercompagnie (gedeeltelijk),100.0,1,1,unchanged
BU00470101,Ommelanderwijk,BU00470101,Ommelanderwijk,100.0,1,1,unchanged
BU00470102,Zuidwending,BU00470102,Zuidwending,100.0,1,1,unchanged
BU00470109,Verspreide huizen,BU00470109,Verspreide huizen,100.0,1,1,unchanged
BU00470200,Wildervank,BU00470200,Wildervank,100.0,2,1,unchanged
BU00470201,Boven-Wildervank,BU00470201,Boven-Wildervank,100.0,1,1,unchanged
BU00470202,Bareveld,BU00470202,Bareveld,100.0,1,1,unchanged
BU00470203,Wildervanksterdallen,BU00470203,Wildervanksterdallen,100.0,1,1,unchanged
BU00470209,Verspreide huizen,BU00470209,Verspreide huizen,100.0,1,1,unchanged
BU00480000,Sellingen,BU19500300,Sellingen,100.0,1,1,recoded (gemeente change)
BU00480001,Laude,BU19500301,Laude,100.0,1,1,recoded (gemeente change)
BU00480004,Jipsinghuizen en Plaggenborg,BU19500304,Jipsinghuizen en Plaggenborg,100.0,1,1,recoded (gemeente change)
BU00480006,Leemdobben en Lammerweg,BU19500306,Leemdobben en Lammerweg,100.0,1,1,recoded (gemeente change)
BU00480008,Verspreide huizen ten oosten van Ruiten A-kanaal,BU19500308,Verspreide huizen ten oosten van Ruiten A-kanaal,100.0,1,1,recoded (gemeente change)
BU00480009,Verspreide huizen Sellingen,BU19500309,Verspreide huizen Sellingen,100.0,1,1,recoded (gemeente change)
BU00480100,Vlagtwedde,BU19500400,Vlagtwedde,100.0,1,1,recoded (gemeente change)
BU00480101,Wollinghuizen,BU19500401,Wollinghuizen,100.0,1,1,recoded (gemeente change)
BU00480102,Vlagtwedder-Veldhuis,BU19500402,Vlagtwedder-Veldhuis,100.0,1,1,recoded (gemeente change)
BU00480103,Veele,BU19500403,Veele,100.0,1,1,recoded (gemeente change)
BU00480104,Ellersinghuizen,BU19500404,Ellersinghuizen,100.0,1,1,recoded (gemeente change)
BU00480109,Verspreide huizen Vlagtwedde,BU19500409,Verspreide huizen Vlagtwedde,100.0,1,1,recoded (gemeente change)
BU00480200,Bourtange,BU19500500,Bourtange,100.0,1,1,recoded (gemeente change)
BU00480201,Pallert,BU19500501,Pallert,100.0,1,1,recoded (gemeente change)
BU00480202,Weite,BU19500502,Weite,100.0,1,1,recoded (gemeente change)
BU00480204,Stakenborg,BU19500504,Stakenborg,100.0,1,1,recoded (gemeente change)
BU00480207,Verspreide huizen Hebrecht,BU19500507,Verspreide huizen Hebrecht,100.0,1,1,recoded (gemeente change)
BU00480208,Verspreide huizen Bourtange,BU19500508,Verspreide huizen Bourtange,100.0,1,1,recoded (gemeente change)
BU00480209,Verspreide huizen ten noorden van Vlagtwedde,BU19500509,Verspreide huizen ten noorden van Vlagtwedde,100.0,1,1,recoded (gemeente change)
BU00480300,Harpel,BU19500600,Harpel,100.0,1,1,recoded (gemeente change)
BU00480301,Sellingerbeetse,BU19500601,Sellingerbeetse,100.0,1,1,recoded (gemeente change)
BU00480302,Jipsingboertange,BU19500602,Jipsingboertange,100.0,1,1,recoded (gemeente change)
BU00480309,Verspreide huizen tussen Harpel en Sellingerbeetse,BU19500609,Verspreide huizen tussen Harpel en Sellingerbeetse,100.0,1,1,recoded (gemeente change)
BU00480400,Ter Apel,BU19500700,Ter Apel,100.0,1,1,recoded (gemeente change)
BU00480401,Barnflair,BU19500701,Barnflair,100.0,1,1,recoded (gemeente change)
BU00480402,Ter Apelkanaal,BU19500702,Ter Apelkanaal,100.0,1,1,recoded (gemeente change)
BU00480403,Ter Apel-West,BU19500703,Ter Apel-West,100.0,2,1,recoded (gemeente change)
BU00480404,Jipsingboermussel en Zandberg,BU19500704,Jipsingboermussel en Zandberg,100.0,1,1,recoded (gemeente change)
BU00480405,Munnekemoer,BU19500705,Munnekemoer,100.0,1,1,recoded (gemeente change)
BU00480406,Burgemeester Beinsdorp,BU19500706,Burgemeester Beinsdorp,100.0,1,1,recoded (gemeente change)
BU00480407,Agobuurt,BU19500707,Agobuurt,100.0,1,1,recoded (gemeente change)
BU00480408,Ter Apel 't Heem,BU19500708,Ter Apel 't Heem,100.0,1,1,recoded (gemeente change)
BU00480409,Verspreide huizen Ter Apel en Ter Apelkanaal,BU19500709,Verspreide huizen Ter Apel en Ter Apelkanaal,100.0,1,1,recoded (gemeente change)
BU00480508,Verspreide huizen te Laudermarke,BU19500808,Verspreide huizen te Laudermarke,100.0,1,1,recoded (gemeente change)
BU00480509,Verspreide huizen Ter Wisch,BU19500809,Verspreide huizen Ter Wisch,100.0,1,1,recoded (gemeente change)
BU00480600,De Maten,BU19500900,De Maten,100.0,1,1,recoded (gemeente change)
BU00480609,Verspreide huizen ten zuiden van Ter Apel,BU19500909,Verspreide huizen ten zuiden van Ter Apel,100.0,1,1,recoded (gemeente change)
BU00500000,Centrum,BU00500000,Centrum,100.0,3,1,unchanged
BU00500001,Eerste woonwijk,BU00500001,Eerste woonwijk,100.0,2,1,unchanged
BU00500002,Tweede woonwijk,BU00500002,Tweede woonwijk,99.9,2,1,unchanged
BU00500003,Derde woonwijk,BU00500003,Derde woonwijk,100.0,1,1,unchanged
BU00500004,Buurt 4,BU00500004,Buurt 4,100.0,1,1,unchanged
BU00500005,Buurt 5,BU00500005,Buurt 5,100.0,1,1,unchanged
BU00500006,Zuidlob,BU00500006,Zuidlob,100.0,2,1,unchanged
BU00500007,Middengebied,BU00500007,Middengebied,100.0,2,1,unchanged
BU00500008,Knardijkgebied,BU00500008,Knardijkgebied,100.0,2,1,unchanged
BU00500009,Trekkersveld,BU00500009,Trekkersveld,100.0,2,1,unchanged
BU00500010,Horstenparc,BU00500010,Horstenparc,100.0,1,1,unchanged
BU00509997,,BU00509997,Groot binnenwater,98.5,6,1,split
BU00530000,Winsum,BU19660602,Winsum Zuid - West,97.3,4,1,split
BU00530001,Obergum,BU19660606,Winsum Noord - West,78.6,3,1,split
BU00530002,Ripperda,BU19660603,Winsum Midden,97.8,3,1,split
BU00530003,Potmaar,BU19660604,Winsum Zuid - Oost,98.2,3,1,split
BU00530004,De Brake,BU19660605,Winsum Noord - Oost,90.6,6,1,split
BU00530009,Verspreide huizen Winsum,BU19660601,Buitengebied Winsum,95.1,14,1,split
BU00530100,Ezinge,BU19691300,Ezinge,100.0,1,1,recoded (gemeente change)
BU00530101,Feerwerd,BU19691301,Feerwerd,100.0,1,1,recoded (gemeente change)
BU00530102,Garnwerd,BU19691302,Garnwerd,99.9,2,1,recoded (gemeente change)
BU00530109,Verspreide huizen Ezinge,BU19691309,Verspreide huizen Ezinge,99.9,3,1,recoded (gemeente change)
BU00530200,Baflo,BU19660702,Baflo,83.1,3,1,split
BU00530201,Den Andel,BU19660704,Den Andel,78.4,2,1,split
BU00530202,Rasquert,BU19660703,Rasquert,78.6,3,1,split
BU00530203,Tinallinge,BU19660701,Buitengebied Baflo,100.0,1,3,recoded (gemeente change)
BU00530204,Saaxumhuizen,BU19660701,Buitengebied Baflo,100.0,1,3,recoded (gemeente change)
BU00530209,Verspreide huizen Baflo,BU19660701,Buitengebied Baflo,98.2,7,3,merged
BU00530300,Adorp,BU19660502,Adorp,62.5,2,1,split
BU00530301,Sauwerd,BU19660503,Sauwerd,99.7,2,1,recoded (gemeente change)
BU00530302,Wetsinge,BU19660501,Buitengebied Sauwerd,100.0,1,2,recoded (gemeente change)
BU00530309,Verspreide huizen Adorp,BU19660501,Buitengebied Sauwerd,96.4,6,2,merged
BU00560000,Zuidhorn,BU19691400,Zuidhorn,100.0,1,1,recoded (gemeente change)
BU00560001,Noordhorn,BU19691401,Noordhorn,100.0,1,1,recoded (gemeente change)
BU00560002,Niezijl,BU19691402,Niezijl,100.0,1,1,recoded (gemeente change)
BU00560003,Briltil,BU19691403,Briltil,100.0,1,1,recoded (gemeente change)
BU00560009,Verspreide huizen Zuidhorn,BU19691409,Verspreide huizen Zuidhorn,100.0,1,1,recoded (gemeente change)
BU00560100,Grijpskerk,BU19691500,Grijpskerk,100.0,1,1,recoded (gemeente change)
BU00560102,Visvliet,BU19691502,Visvliet,100.0,1,1,recoded (gemeente change)
BU00560103,Kommerzijl,BU19691503,Kommerzijl,100.0,1,1,recoded (gemeente change)
BU00560104,Pieterzijl,BU19691504,Pieterzijl,100.0,1,1,recoded (gemeente change)
BU00560109,Verspreide huizen Grijpskerk,BU19691509,Verspreide huizen Grijpskerk,100.0,1,1,recoded (gemeente change)
BU00560200,Oldehove,BU19691600,Oldehove,100.0,1,1,recoded (gemeente change)
BU00560201,Niehove,BU19691601,Niehove,100.0,1,1,recoded (gemeente change)
BU00560203,Saaksum,BU19691603,Saaksum,100.0,1,1,recoded (gemeente change)
BU00560204,Lauwerzijl,BU19691604,Lauwerzijl,100.0,1,1,recoded (gemeente change)
BU00560208,Verspreide huizen Ruigezand en Nieuwe Ruigezand,BU19691608,Verspreide huizen Ruigezand en Nieuwe Ruigezand,100.0,2,1,recoded (gemeente change)
BU00560209,Overige verspreide huizen,BU19691609,Overige verspreide huizen,100.0,1,1,recoded (gemeente change)
BU00560300,Aduard,BU19691700,Aduard,100.0,1,1,recoded (gemeente change)
BU00560301,Den Horn,BU19691701,Den Horn,100.0,1,1,recoded (gemeente change)
BU00560302,Den Ham,BU19691702,Den Ham,100.0,1,1,recoded (gemeente change)
BU00560309,Verspreide huizen Aduard,BU19691709,Verspreide huizen Aduard,100.0,1,1,recoded (gemeente change)
BU00569997,,BU19699997,Groot binnenwater,98.7,2,1,split
BU00580000,Dokkum binnen de Bolwerken,BU19700000,Dokkum binnen de Bolwerken,100.0,1,1,recoded (gemeente change)
BU00580001,Dokkum Noord,BU19700001,Dokkum Noord,100.0,1,1,recoded (gemeente change)
BU00580002,Dokkum Fonteinslanden,BU19700002,Dokkum Fonteinslanden,100.0,1,1,recoded (gemeente change)
BU00580003,Dokkum Fugellan,BU19700003,Dokkum Fugellan,100.0,1,1,recoded (gemeente change)
BU00580004,Dokkum Betterwird,BU19700004,Dokkum Betterwird,100.0,1,1,recoded (gemeente change)
BU00580005,Dokkum Hoedemakerspolder,BU19700005,Dokkum Hoedemakerspolder,100.0,1,1,recoded (gemeente change)
BU00580006,Dokkum De Woudhorne,BU19700006,Dokkum De Woudhorne,100.0,1,1,recoded (gemeente change)
BU00580007,De Trije Terpen,BU19700007,De Trije Terpen,100.0,1,1,recoded (gemeente change)
BU00580008,Dokkum Weeshuislanden,BU19700008,Dokkum Weeshuislanden,100.0,1,1,recoded (gemeente change)
BU00580009,Dokkum Jantjeszeepolder,BU19700009,Dokkum Jantjeszeepolder,100.0,1,1,recoded (gemeente change)
BU00580010,Dokkum Kooilanden,BU19700010,Dokkum Kooilanden,100.0,1,1,recoded (gemeente change)
BU00580011,Dokkum Hogedijken,BU19700011,Dokkum Hogedijken,100.0,1,1,recoded (gemeente change)
BU00580100,Metslawier,BU19700100,Metslawier,100.0,1,1,recoded (gemeente change)
BU00580101,Jouswier,BU19700101,Jouswier,100.0,1,1,recoded (gemeente change)
BU00580102,Niawier,BU19700102,Niawier,100.0,1,1,recoded (gemeente change)
BU00580103,Wetsens,BU19700103,Wetsens,100.0,1,1,recoded (gemeente change)
BU00580104,Aalsum,BU19700104,Aalsum,100.0,1,1,recoded (gemeente change)
BU00580105,Oostrum,BU19700105,Oostrum,100.0,1,1,recoded (gemeente change)
BU00580107,Verspreide huizen Metslawier,BU19700107,Verspreide huizen Metslawier,100.0,1,1,recoded (gemeente change)
BU00580108,Verspreide huizen Niawier,BU19700108,Verspreide huizen Niawier,100.0,1,1,recoded (gemeente change)
BU00580109,Verspreide huizen Oostrum,BU19700109,Verspreide huizen Oostrum,100.0,1,1,recoded (gemeente change)
BU00580200,Ee,BU19700200,Ee,100.0,1,1,recoded (gemeente change)
BU00580201,Engwierum,BU19700201,Engwierum,100.0,1,1,recoded (gemeente change)
BU00580202,Dokkumer Nieuwe Zijlen,BU19700202,Dokkumer Nieuwe Zijlen,100.0,2,1,recoded (gemeente change)
BU00580208,Verspreide huizen Ee,BU19700208,Verspreide huizen Ee,100.0,1,1,recoded (gemeente change)
BU00580209,Verspreide huizen Engwierum,BU19700209,Verspreide huizen Engwierum,100.0,2,1,recoded (gemeente change)
BU00580300,Anjum,BU19700300,Anjum,100.0,1,1,recoded (gemeente change)
BU00580301,Lioessens,BU19700301,Lioessens,100.0,1,1,recoded (gemeente change)
BU00580302,Morra,BU19700302,Morra,100.0,1,1,recoded (gemeente change)
BU00580303,Oostmahorn,BU19700303,Oostmahorn,99.8,2,1,recoded (gemeente change)
BU00580307,Verspreide huizen Anjum,BU19700307,Verspreide huizen Anjum,99.9,2,1,recoded (gemeente change)
BU00580308,Verspreide huizen Lioessens,BU19700308,Verspreide huizen Lioessens,100.0,2,1,recoded (gemeente change)
BU00580309,Verspreide huizen Morra,BU19700309,Verspreide huizen Morra,100.0,1,1,recoded (gemeente change)
BU00580400,Oosternijkerk,BU19700400,Oosternijkerk,100.0,1,1,recoded (gemeente change)
BU00580401,Paesens,BU19700401,Paesens,100.0,1,1,recoded (gemeente change)
BU00580408,Verspreide huizen Oosternijkerk,BU19700408,Verspreide huizen Oosternijkerk,100.0,1,1,recoded (gemeente change)
BU00580409,Verspreide huizen Paesens,BU19700409,Verspreide huizen Paesens,99.9,2,1,recoded (gemeente change)
BU00580500,Ternaard,BU19700500,Ternaard,100.0,1,1,recoded (gemeente change)
BU00580501,Wierum,BU19700501,Wierum,100.0,1,1,recoded (gemeente change)
BU00580502,Nes,BU19700502,Nes,100.0,1,1,recoded (gemeente change)
BU00580503,Moddergat,BU19700503,Moddergat,100.0,1,1,recoded (gemeente change)
BU00580506,Verspreide huizen Ternaard,BU19700506,Verspreide huizen Ternaard,100.0,1,1,recoded (gemeente change)
BU00580507,Verspreide huizen Wierum,BU19700507,Verspreide huizen Wierum,99.7,2,1,recoded (gemeente change)
BU00580508,Verspreide huizen Nes,BU19700508,Verspreide huizen Nes,86.7,2,1,split
BU00580509,Verspreide huizen Moddergat,BU19700509,Verspreide huizen Moddergat,100.0,2,1,recoded (gemeente change)
BU00580600,Holwerd,BU19700600,Holwerd,100.0,1,1,recoded (gemeente change)
BU00580601,Waaxens,BU19700601,Waaxens,100.0,1,1,recoded (gemeente change)
BU00580602,Brantgum,BU19700602,Brantgum,100.0,1,1,recoded (gemeente change)
BU00580603,Foudgum,BU19700603,Foudgum,100.0,1,1,recoded (gemeente change)
BU00580604,Bornwird,BU19700604,Bornwird,100.0,1,1,recoded (gemeente change)
BU00580605,Raard,BU19700605,Raard,100.0,1,1,recoded (gemeente change)
BU00580608,Verspreide huizen Holwerd,BU19700608,Verspreide huizen Holwerd,99.7,2,1,recoded (gemeente change)
BU00580609,Verspreide huizen Brantgum,BU19700609,Verspreide huizen Brantgum,100.0,1,1,recoded (gemeente change)
BU00580700,Hantum,BU19700700,Hantum,100.0,1,1,recoded (gemeente change)
BU00580701,Hantumhuizen,BU19700701,Hantumhuizen,100.0,1,1,recoded (gemeente change)
BU00580702,Hantumeruitburen,BU19700702,Hantumeruitburen,100.0,1,1,recoded (gemeente change)
BU00580703,Hiaure,BU19700703,Hiaure,100.0,1,1,recoded (gemeente change)
BU00580708,Verspreide huizen Hantum,BU19700708,Verspreide huizen Hantum,100.0,1,1,recoded (gemeente change)
BU00580709,Verspreide huizen Hantumhuizen,BU19700709,Verspreide huizen Hantumhuizen,100.0,1,1,recoded (gemeente change)
BU00589997,,BU19709997,Groot binnenwater,99.8,5,2,recoded (gemeente change)
BU00589998,,BU19709998,Buitenwater,96.7,9,2,merged
BU00590000,Buitenpost,BU00590000,Buitenpost,100.0,1,1,unchanged
BU00590001,Twijzel,BU00590001,Twijzel,100.0,1,1,unchanged
BU00590002,Kootstertille,BU00590002,Kootstertille,100.0,1,1,unchanged
BU00590003,Twijzelerheide,BU00590003,Twijzelerheide,100.0,1,1,unchanged
BU00590004,Gerkesklooster,BU00590004,Gerkesklooster,100.0,1,1,unchanged
BU00590005,Verspreide huizen Buitenpost,BU00590005,Verspreide huizen Buitenpost,100.0,1,1,unchanged
BU00590006,Verspreide huizen Twijzel,BU00590006,Verspreide huizen Twijzel,100.0,1,1,unchanged
BU00590007,Verspreide huizen Kootstertille,BU00590007,Verspreide huizen Kootstertille,100.0,1,1,unchanged
BU00590008,Verspreide huizen Twijzelerheide,BU00590008,Verspreide huizen Twijzelerheide,100.0,1,1,unchanged
BU00590009,Verspreide huizen Gerkesklooster,BU00590009,Verspreide huizen Gerkesklooster,100.0,1,1,unchanged
BU00590100,Stroobos,BU00590100,Stroobos,100.0,1,1,unchanged
BU00590102,Drogeham,BU00590102,Drogeham,100.0,1,1,unchanged
BU00590103,Augustinusga,BU00590103,Augustinusga,100.0,1,1,unchanged
BU00590107,Verspreide huizen Stroobos,BU00590107,Verspreide huizen Stroobos,100.0,1,1,unchanged
BU00590108,Verspreide huizen Drogeham,BU00590108,Verspreide huizen Drogeham,100.0,1,1,unchanged
BU00590109,Verspreide huizen Augustinusga,BU00590109,Verspreide huizen Augustinusga,100.0,1,1,unchanged
BU00590200,Surhuisterveen,BU00590200,Surhuisterveen,100.0,1,1,unchanged
BU00590201,Harkema,BU00590201,Harkema,100.0,1,1,unchanged
BU00590202,Surhuizum,BU00590202,Surhuizum,100.0,1,1,unchanged
BU00590203,Boelenslaan,BU00590203,Boelenslaan,100.0,1,1,unchanged
BU00590206,Verspreide huizen Surhuisterveen,BU00590206,Verspreide huizen Surhuisterveen,100.0,1,1,unchanged
BU00590207,Verspreide huizen Harkema,BU00590207,Verspreide huizen Harkema,100.0,1,1,unchanged
BU00590208,Verspreide huizen Surhuizum,BU00590208,Verspreide huizen Surhuizum,100.0,2,1,unchanged
BU00590209,Verspreide huizen Boelenslaan,BU00590209,Verspreide huizen Boelenslaan,100.0,1,1,unchanged
BU00600000,Nes,BU00600000,Nes,100.0,1,1,unchanged
BU00600001,Buren,BU00600001,Buren,90.4,2,1,split
BU00600002,Ballum,BU00600002,Ballum,100.0,1,1,unchanged
BU00600003,Hollum,BU00600003,Hollum,100.0,1,1,unchanged
BU00600007,Verspreide huizen Ballum,BU00600007,Verspreide huizen Ballum,99.8,3,1,unchanged
BU00600008,Verspreide huizen Nes,BU00600008,Verspreide huizen Nes,99.9,2,1,unchanged
BU00600009,Verspreide huizen Hollum,BU00600009,Verspreide huizen Hollum,85.7,3,1,split
BU00609998,,BU00609998,Buitenwater,99.2,5,1,unchanged
BU00630000,Sint Annaparochie,BU19491605,St.-Annaparochie Zuidwest,26.5,6,1,split
BU00630001,Oude Bildtdijk Sint Annaparochie,BU19491600,Buitengebied St.-Annaparochie,99.0,4,4,merged
BU00630002,Nieuwe Bildtdijk Sint Annaparochie,BU19491600,Buitengebied St.-Annaparochie,98.1,2,4,merged
BU00630003,Nij Altoenae,BU19491600,Buitengebied St.-Annaparochie,53.3,2,4,merged
BU00630004,Sint Jacobiparochie,BU19493200,Buitengebied St.-Jacobiparochie,49.8,4,2,merged
BU00630005,Oude Bildtdijk Sint Jacobiparochie,BU19495100,Westhoek,50.7,3,1,split
BU00630008,Verspreide huizen Sint Annaparochie,BU19491600,Buitengebied St.-Annaparochie,96.1,11,4,merged
BU00630009,Verspreide huizen Sint Jacobiparochie,BU19493200,Buitengebied St.-Jacobiparochie,85.4,5,2,merged
BU00630100,Vrouwenparochie,BU19495000,Buitengebied Vrouwenparochie,55.6,2,2,merged
BU00630101,Oude Bildtzijl,BU19493900,Buitengebied Oudebildtzijl,61.7,2,4,merged
BU00630102,Oude Bildtdijk Oude Bildtzijl,BU19493900,Buitengebied Oudebildtzijl,98.8,2,4,merged
BU00630103,Nieuwe Bildtzijl en Nieuwe Bildtdijk,BU19493900,Buitengebied Oudebildtzijl,100.0,2,4,recoded (gemeente change)
BU00630108,Verspreide huizen Vrouwenparochie,BU19495000,Buitengebied Vrouwenparochie,96.6,5,2,merged
BU00630109,Verspreide huizen Oude Bildtzijl,BU19493900,Buitengebied Oudebildtzijl,99.6,5,4,recoded (gemeente change)
BU00630200,Minnertsga,BU19493600,Buitengebied Minnertsga,40.4,4,2,merged
BU00630201,Verspreide huizen Minnertsga,BU19493600,Buitengebied Minnertsga,98.9,5,2,merged
BU00639998,,BU19499998,Buitenwater,91.6,4,2,merged
BU00700000,Franeker Binnenstad,BU19492802,Franeker Binnenstad,90.5,7,1,split
BU00700001,Professorenbuurt,BU19492811,Franeker Professorenbuurt,98.5,2,1,split
BU00700002,"Stationsbuurt, oostelijk en zuidelijk industrieterrein",BU19492806,Franeker Industrieterrein Oost,44.7,6,1,split
BU00700003,"Vliet, Tuinen en Frisia",BU19492816,Franeker Vliet Tuinen en Frisia,99.5,4,1,recoded (gemeente change)
BU00700004,Kaatsersbuurt,BU19492809,Franeker Kaatsersbuurt,96.5,5,1,split
BU00700005,C. van Saarloosstraat en omgeving,BU19492808,Franeker It Stiselplak,86.6,7,1,split
BU00700006,Hamburgerrak en Het Want,BU19492804,Franeker Hamburgerrak en st Want,93.2,5,1,split
BU00700007,Schalsumerplan en Arkens,BU19492800,Buitengebied Franeker,70.2,7,2,merged
BU00700008,"Watertoren, Bloemketerp en Zevenhuizen",BU19492803,Franeker Bloemketerp en Watertorenbuurt,78.9,6,1,split
BU00700009,Verspreide huizen Franeker,BU19492800,Buitengebied Franeker,98.5,13,2,merged
BU00700100,Dongjum,BU19492501,Dongjum,67.3,2,1,split
BU00700101,Firdgum,BU19492700,Firdgum,98.9,5,1,split
BU00700102,Klooster-Lidlum,BU19493300,Klooster Lidlum,96.2,5,1,split
BU00700103,Oosterbierum,BU19493800,Buitengebied Oosterbierum,54.3,3,2,merged
BU00700104,Tzummarum,BU19494900,Buitengebied Tzummarum,63.7,3,2,merged
BU00700107,Verspreide huizen Dongjum,BU19492500,Buitengebied Dongjum,87.2,10,1,split
BU00700108,Verspreide huizen Oosterbierum,BU19493800,Buitengebied Oosterbierum,96.5,6,2,merged
BU00700109,Verspreide huizen Tzummarum,BU19494900,Buitengebied Tzummarum,96.9,9,2,merged
BU00700200,Boer,BU19492200,Boer,97.7,6,1,split
BU00700201,Peins,BU19494000,Peins,100.0,1,2,recoded (gemeente change)
BU00700202,Ried,BU19494201,Ried,51.9,2,1,split
BU00700203,Schalsum,BU19494300,Schalsum,99.5,5,1,recoded (gemeente change)
BU00700204,Zweins,BU19495500,Zweins,98.1,5,1,split
BU00700208,Verspreide huizen Peins,BU19494000,Peins,88.8,4,2,merged
BU00700209,Verspreide huizen Ried,BU19494200,Buitengebied Ried,98.6,7,1,split
BU00700300,Achlum,BU19491501,Achlum,71.7,2,1,split
BU00700301,Hitzum,BU19493000,Hitzum,99.5,2,2,recoded (gemeente change)
BU00700302,Tzum,BU19494801,Tzum,67.8,2,1,split
BU00700307,Verspreide huizen Achlum,BU19491500,Buitengebied Achlum,94.5,5,1,split
BU00700308,Verspreide huizen Hitzum,BU19493000,Hitzum,94.1,5,2,merged
BU00700309,Verspreide huizen Tzum,BU19494800,Buitengebied Tzum,99.3,5,1,recoded (gemeente change)
BU00700400,Herbaijum,BU19492900,Herbaijum,100.0,1,2,recoded (gemeente change)
BU00700401,Pietersbierum,BU19494100,Pietersbierum,96.0,3,2,merged
BU00700402,Sexbierum,BU19494401,Sexbierum,61.5,4,1,split
BU00700407,Verspreide huizen Herbaijum,BU19492900,Herbaijum,95.7,4,2,merged
BU00700408,Verspreide huizen Pietersbierum,BU19494100,Pietersbierum,99.4,6,2,recoded (gemeente change)
BU00700409,Verspreide huizen Sexbierum,BU19494400,Buitengebied Sexbierum,79.1,9,1,split
BU00700500,Sexbierumerplan,BU19492813,Franeker Sexbierumerplan,94.9,7,1,split
BU00700501,"'t War, Witzens en Groot Lankum",BU19492810,Franeker Keningspark,43.9,9,1,split
BU00700502,Franeker-Zuid,BU19492801,Franeker Alvestudewyk,54.3,7,1,split
BU00700503,Industriegebied West en bedrijventerrein Kie,BU19492805,Franeker Industrieter. West en Kie,96.2,6,1,split
BU00709998,,BU19499998,Buitenwater,99.6,3,2,recoded (gemeente change)
BU00720001,De Spiker en het industrieterrein Hermes,BU00720001,De Spiker en het industrieterrein Hermes,100.0,1,1,unchanged
BU00720002,Trebolbuurt,BU00720002,Trebolbuurt,100.0,1,1,unchanged
BU00720003,Plan-Zuid,BU00720003,Plan-Zuid,99.6,2,1,unchanged
BU00720004,Oosterpark,BU00720004,Oosterpark,100.0,1,1,unchanged
BU00720005,Koningsbuurt,BU00720005,Koningsbuurt,100.0,1,1,unchanged
BU00720006,Binnenstad,BU00720006,Binnenstad,98.9,2,1,split
BU00720007,Industriehaven en omgeving,BU00720007,Industriehaven en omgeving,100.0,1,1,unchanged
BU00720009,Verspreide huizen Harlingen,BU00720009,Verspreide huizen Harlingen,100.0,1,1,unchanged
BU00720100,Midlum,BU00720100,Midlum,100.0,1,1,unchanged
BU00720109,Verspreide huizen Midlum,BU00720109,Verspreide huizen Midlum,100.0,2,1,unchanged
BU00720200,Wijnaldum,BU00720200,Wijnaldum,100.0,1,1,unchanged
BU00720209,Verspreide huizen Wijnaldum,BU00720209,Verspreide huizen Wijnaldum,100.0,3,1,unchanged
BU00729998,,BU00729998,Buitenwater,100.0,5,1,unchanged
BU00740100,Noord,BU00740100,Noord,100.0,1,1,unchanged
BU00740101,Centrum,BU00740101,Centrum,100.0,1,1,unchanged
BU00740102,Midden,BU00740102,Midden,100.0,1,1,unchanged
BU00740103,Nijehaske,BU00740103,Nijehaske,100.0,1,1,unchanged
BU00740104,De Greiden,BU00740104,De Greiden,100.0,1,1,unchanged
BU00740105,De Heide,BU00740105,De Heide,100.0,2,1,unchanged
BU00740106,De Akkers,BU00740106,De Akkers,100.0,1,1,unchanged
BU00740107,Skoatterwald,BU00740107,Skoatterwald,100.0,1,1,unchanged
BU00740108,Het meer,BU00740108,Het meer,100.0,1,1,unchanged
BU00740109,Nieuweschoot,BU00740109,Nieuweschoot,100.0,1,1,unchanged
BU00740110,Haskerveen,BU00740110,Haskerveen,100.0,1,1,unchanged
BU00740201,Terband,BU00740201,Terband,100.0,1,1,unchanged
BU00740202,Luinjeberd,BU00740202,Luinjeberd,100.0,1,1,unchanged
BU00740203,Tjalleberd,BU00740203,Tjalleberd,100.0,1,1,unchanged
BU00740204,Gersloot,BU00740204,Gersloot,100.0,1,1,unchanged
BU00740205,Gersloot-polder,BU00740205,Gersloot-polder,100.0,1,1,unchanged
BU00740301,De Knipe,BU00740301,De Knipe,100.0,1,1,unchanged
BU00740302,Bontebok,BU00740302,Bontebok,100.0,1,1,unchanged
BU00740401,Oudeschoot,BU00740401,Oudeschoot,100.0,1,1,unchanged
BU00740402,Mildam,BU00740402,Mildam,100.0,1,1,unchanged
BU00740403,Katlijk,BU00740403,Katlijk,100.0,1,1,unchanged
BU00740404,Nieuwehorne,BU00740404,Nieuwehorne,100.0,1,1,unchanged
BU00740405,Oudehorne,BU00740405,Oudehorne,100.0,1,1,unchanged
BU00740406,Jubbega,BU00740406,Jubbega,100.0,2,1,unchanged
BU00740407,Hoornsterzwaag,BU00740407,Hoornsterzwaag,100.0,1,1,unchanged
BU00740601,Oranjewoud,BU00740601,Oranjewoud,100.0,1,1,unchanged
BU00740701,Haskerdijken,BU00740701,Haskerdijken,100.0,1,1,unchanged
BU00740702,Nieuwebrug,BU00740702,Nieuwebrug,100.0,1,1,unchanged
BU00740901,Akkrum,BU00740901,Akkrum,100.0,1,1,unchanged
BU00740902,Nes,BU00740902,Nes,100.0,2,1,unchanged
BU00740903,Aldeboarn,BU00740903,Aldeboarn,100.0,1,1,unchanged
BU00790000,Kollum,BU19701100,Kollum,100.0,1,1,recoded (gemeente change)
BU00790009,Verspreide huizen Kollum,BU19701109,Verspreide huizen Kollum,100.0,2,1,recoded (gemeente change)
BU00790100,Burum,BU19701200,Burum,100.0,1,1,recoded (gemeente change)
BU00790101,Kollumerpomp,BU19701201,Kollumerpomp,100.0,1,1,recoded (gemeente change)
BU00790102,Warfstermolen,BU19701202,Warfstermolen,100.0,1,1,recoded (gemeente change)
BU00790103,Munnekezijl,BU19701203,Munnekezijl,100.0,1,1,recoded (gemeente change)
BU00790104,Augsbuurt,BU19701204,Augsbuurt,100.0,1,1,recoded (gemeente change)
BU00790106,Verspreide huizen Burum,BU19701206,Verspreide huizen Burum,100.0,1,1,recoded (gemeente change)
BU00790107,Verspreide huizen Kollumerpomp,BU19701207,Verspreide huizen Kollumerpomp,100.0,1,1,recoded (gemeente change)
BU00790108,Verspreide huizen Warfstermolen,BU19701208,Verspreide huizen Warfstermolen,100.0,1,1,recoded (gemeente change)
BU00790109,Verspreide huizen Munnekezijl,BU19701209,Verspreide huizen Munnekezijl,99.9,2,1,recoded (gemeente change)
BU00790200,Oudwoude,BU19701300,Oudwoude,100.0,1,1,recoded (gemeente change)
BU00790201,Triemen,BU19701301,Triemen,100.0,1,1,recoded (gemeente change)
BU00790202,Westergeest,BU19701302,Westergeest,100.0,1,1,recoded (gemeente change)
BU00790208,Verspreide huizen Oudwoude,BU19701308,Verspreide huizen Oudwoude,100.0,1,1,recoded (gemeente change)
BU00790209,Verspreide huizen Westergeest,BU19701309,Verspreide huizen Westergeest,100.0,1,1,recoded (gemeente change)
BU00790300,Kollumerzwaag,BU19701400,Kollumerzwaag,100.0,1,1,recoded (gemeente change)
BU00790301,Zwagerbosch,BU19701401,Zwagerbosch,100.0,1,1,recoded (gemeente change)
BU00790302,Veenklooster,BU19701402,Veenklooster,100.0,1,1,recoded (gemeente change)
BU00790309,Verspreide huizen Kollumerzwaag,BU19701409,Verspreide huizen Kollumerzwaag,100.0,1,1,recoded (gemeente change)
BU00799997,,BU19709997,Groot binnenwater,99.9,2,2,recoded (gemeente change)
BU00801001,De Waag,BU00801001,De Waag,100.0,1,1,unchanged
BU00801002,Nieuwestad,BU00801002,Nieuwestad,100.0,1,1,unchanged
BU00801003,Oldehove,BU00801003,Oldehove,100.0,1,1,unchanged
BU00801004,Grote Kerkbuurt,BU00801004,Grote Kerkbuurt,100.0,1,1,unchanged
BU00801005,Hoek,BU00801005,Hoek,100.0,1,1,unchanged
BU00801006,Blokhuisplein,BU00801006,Blokhuisplein,100.0,1,1,unchanged
BU00801007,Zaailand,BU00801007,Zaailand,100.0,1,1,unchanged
BU00801008,Stationskwartier,BU00801008,Stationskwartier,78.9,2,1,split
BU00802001,Transvaalwijk,BU00803001,Transvaalwijk,100.0,1,1,recoded
BU00802002,Bonifatius,BU00803002,Bonifatius,100.0,1,1,recoded
BU00802003,Rengerspark,BU00803003,Rengerspark,100.0,1,1,recoded
BU00802101,Bilgaard,BU00806001,Bilgaard,100.0,1,1,recoded
BU00802102,Havankpark,BU00806002,Havankpark,100.0,1,1,recoded
BU00802103,Vierhuisterweg e.o.,BU00806003,Vierhuisterweg e.o.,100.0,1,1,recoded
BU00802201,Vrijheidswijk-West,BU00806101,Vrijheidswijk-West,100.0,1,1,recoded
BU00802202,Vrijheidswijk-Oost,BU00806102,Vrijheidswijk-Oost,100.0,1,1,recoded
BU00802301,Lekkum,BU00806201,Lekkum,100.0,1,1,recoded
BU00802302,Snakkerburen,BU00806202,Snakkerburen,100.0,1,1,recoded
BU00802303,Buitengebied Lekkum en Miedum,BU00806203,Buitengebied Lekkum en Miedum,100.0,1,1,recoded
BU00802401,Blitsaerd,BU00806204,Blitsaerd,100.0,2,1,recoded
BU00803001,Oldegalileën,BU00802001,Oldegalileën,100.0,1,1,recoded
BU00803002,Bloemenbuurt,BU00802002,Bloemenbuurt,100.0,1,1,recoded
BU00803101,Cambuursterpad,BU00802003,Cambuursterpad,100.0,1,1,recoded
BU00803102,Zamenhofpark,BU00802004,Zamenhofpark,100.0,1,1,recoded
BU00803103,Cambuur,BU00802005,Cambuur,100.0,1,1,recoded
BU00803201,Zeeheldenbuurt,BU00802006,Zeeheldenbuurt,100.0,1,1,recoded
BU00803202,Indische buurt,BU00802007,Indische buurt,100.0,1,1,recoded
BU00803203,Molenpad,BU00802008,Molenpad,100.0,1,1,recoded
BU00803204,Welgelegen,BU00802009,Welgelegen,100.0,1,1,recoded
BU00803301,Tulpenburg,BU00801101,Tulpenburg,100.0,1,1,recoded
BU00803302,Oranjewijk,BU00801102,Oranjewijk,100.0,1,1,recoded
BU00803401,Heechterp,BU00805001,Heechterp,100.0,1,1,recoded
BU00803501,Schieringen,BU00805002,Schieringen,100.0,1,1,recoded
BU00803502,De Centrale,BU00805003,De Centrale,100.0,3,1,recoded
BU00803601,Camminghaburen-Noord,BU00805101,Camminghaburen-Noord,100.0,1,1,recoded
BU00803602,Camminghaburen-Midden,BU00805102,Camminghaburen-Midden,100.0,1,1,recoded
BU00803603,Camminghaburen-Zuid,BU00805103,Camminghaburen-Zuid,100.0,1,1,recoded
BU00803701,Grote Wielen,BU00805104,Grote Wielen,100.0,2,1,recoded
BU00803702,De Groene Ster,BU00805105,De Groene Ster,100.0,1,1,recoded
BU00803801,Hemrik,BU00807004,Hemrik,100.0,2,1,recoded
BU00804001,Achter de Hoven,BU00801103,Achter de Hoven,100.0,1,1,recoded
BU00804101,Schepenbuurt,BU00801104,Schepenbuurt,100.0,1,1,recoded
BU00804201,Wielenpôlle,BU00801105,Wielenpôlle,100.0,1,1,recoded
BU00804301,Huizum-Dorp,BU00801106,Huizum-Dorp,100.0,1,1,recoded
BU00804302,Huizum-Sixma,BU00801107,Huizum-Sixma,100.0,1,1,recoded
BU00804303,Huizum-Bornia,BU00801108,Huizum-Bornia,100.0,1,1,recoded
BU00804304,Huizum-Badweg,BU00801109,Huizum-Badweg,100.0,1,1,recoded
BU00804401,Hollanderwijk,BU00804001,Hollanderwijk,100.0,1,1,recoded
BU00804402,Gerard Dou,BU00804002,Gerard Dou,100.0,1,1,recoded
BU00804403,Julianapark,BU00804003,Julianapark,100.0,1,1,recoded
BU00804404,Jan van Scorelbuurt,BU00804004,Jan van Scorelbuurt,100.0,1,1,recoded
BU00804501,Aldlân-Oost,BU00807001,Aldlân-Oost,100.0,1,1,recoded
BU00804502,Aldlân-West,BU00807002,Aldlân-West,100.0,1,1,recoded
BU00804503,Rapenburg,BU00807003,Rapenburg,100.0,1,1,recoded
BU00804601,Nijlân,BU00804101,Nijlân,100.0,1,1,recoded
BU00805001,Hempens/Teerns,BU00807201,Hempens/Teerns,100.0,1,1,recoded
BU00805002,Buitengebied Hempens,BU00807202,Buitengebied Hempens,100.0,2,1,recoded
BU00805003,Zuiderburen,BU00807203,Zuiderburen,99.9,2,1,recoded
BU00805101,Wirdum,BU00808001,Wirdum,100.0,3,1,recoded
BU00805102,Swichum,BU00808002,Swichum,100.0,4,1,recoded
BU00805103,Buitengebied Wirdum,BU00808003,Buitengebied Wirdum,72.0,11,1,split
BU00805201,Wytgaard,BU00808101,Wytgaard,100.0,1,1,recoded
BU00805202,Buitengebied Wytgaard,BU00808102,Buitengebied Wytgaard,100.0,2,1,recoded
BU00805301,Goutum,BU00807101,Goutum,100.0,3,1,recoded
BU00805302,Buitengebied Goutum,BU00804109,Buitengebied De Zwette,66.2,7,1,split
BU00805401,Techum,BU00807301,Techum,69.9,4,1,split
BU00805601,Wiarda,BU00807302,Wiarda,99.2,2,1,recoded
BU00805801,De Werp,BU00807303,De Werp,100.0,1,1,recoded
BU00806001,Harlingervaart,BU00803204,Spoordok,99.5,4,1,recoded
BU00806002,Zwette-Schenkenschans,BU00804103,De Zwette II Zwettehaven,40.9,4,1,split
BU00806003,Businesspark Leeuwarden,BU00804110,Buitengebied West,57.4,4,1,split
BU00806004,Newton,BU00804106,De Zwette V Newton,54.6,3,1,split
BU00806101,Vossepark,BU00803201,Vossepark,100.0,1,1,recoded
BU00806102,Helicon,BU00803202,Helicon,100.0,1,1,recoded
BU00806103,Harlingervaart Noord,BU00803203,Harlingervaart Noord,100.0,1,1,recoded
BU00806201,Vogelwijk,BU00803004,Vogelwijk,100.0,1,1,recoded
BU00806202,Sonnenborgh,BU00803005,Sonnenborgh,100.0,1,1,recoded
BU00806301,Valeriuskwartier,BU00803006,Valeriuskwartier,100.0,1,1,recoded
BU00806302,Magere Weide,BU00803007,Magere Weide,100.0,2,1,recoded
BU00806401,Westeinde,BU00803101,Westeinde,100.0,1,1,recoded
BU00806501,Buitengebied Noordwest,BU00803102,Buitengebied Noordwest,100.0,2,1,recoded
BU00806901,"""De Zuidlanden""",BU00807304,De Zuidlanden,80.7,4,1,split
BU00807001,Wergea,BU00808004,Wergea,100.0,2,1,recoded
BU00807002,Buitengebied Wergea,BU00808005,Buitengebied Wergea,100.0,5,1,recoded
BU00807003,Warstiens,BU00808006,Warstiens,100.0,3,1,recoded
BU00807004,Warten,BU00808007,Warten,100.0,2,1,recoded
BU00807005,Buitengebied Warten,BU00808008,Buitengebied Warten,100.0,5,1,recoded
BU00807101,Reduzum,BU00808201,Reduzum,100.0,1,1,recoded
BU00807102,Buitengebied Reduzum,BU00808202,Buitengebied Reduzum,100.0,3,1,recoded
BU00807103,Eagum,BU00808203,Eagum,100.0,3,1,recoded
BU00807104,Ideard,BU00808204,Idaerd,100.0,4,1,recoded
BU00807105,Friens,BU00808205,Friens,100.0,3,1,recoded
BU00807201,Grou,BU00808206,Grou,100.0,2,1,recoded
BU00807202,Buitengebied Grou,BU00808207,Buitengebied Grou,99.7,6,1,recoded
BU00807301,Jirnsum,BU00808208,Jirnsum,100.0,3,1,recoded
BU00807302,Buitengebied Jirnsum,BU00808209,Buitengebied Jirnsum,100.0,2,1,recoded
BU00810000,Stiens,BU00806301,Stiens,89.8,3,1,split
BU00810001,Finkum,BU00806303,Feinsum,100.0,1,1,recoded (gemeente change)
BU00810002,Hijum,BU00806305,Hijum,100.0,1,1,recoded (gemeente change)
BU00810006,Verspreide huizen Stiens,BU00806302,Buitengebied Stiens,97.5,2,1,split
BU00810007,Verspreide huizen Finkum,BU00806304,Buitengebied Feinsum,100.0,1,1,recoded (gemeente change)
BU00810008,Verspreide huizen Hijum,BU00806306,Buitengebied Hijum,100.0,1,1,recoded (gemeente change)
BU00810009,Oude Leije,BU00806307,Alde Leie,99.8,3,1,recoded (gemeente change)
BU00810100,Britsum,BU00806209,Britsum,96.7,2,1,split
BU00810101,Cornjum,BU00806208,Buitengebied Koarnjum,65.9,3,2,merged
BU00810102,Jelsum,BU00806206,Buitengebied Jelsum,77.7,2,2,merged
BU00810107,Verspreide huizen Britsum,BU00806210,Buitengebied Britsum,98.1,4,1,split
BU00810108,Verspreide huizen Cornjum,BU00806208,Buitengebied Koarnjum,99.5,3,2,recoded (gemeente change)
BU00810109,Verspreide huizen Jelsum,BU00806206,Buitengebied Jelsum,97.6,4,2,merged
BU00850000,Oosterwolde,BU00851118,Oosterwolde-Buitengebied,14.8,18,2,merged
BU00850008,Industriepark Oosterwolde,BU00851117,Oosterwolde-Industrie,92.6,4,1,split
BU00850009,Verspreide huizen Oosterwolde,BU00851118,Oosterwolde-Buitengebied,94.4,16,2,merged
BU00850100,Donkerbroek,BU00850202,Donkerbroek-Zuid,46.9,3,1,split
BU00850101,Haule,BU00850502,Haule-Buitengebied,88.0,2,2,merged
BU00850108,Verspreide huizen Donkerbroek,BU00850203,Donkerbroek-Buitengebied,98.7,7,1,split
BU00850109,Verspreide huizen Haule,BU00850502,Haule-Buitengebied,94.8,5,2,merged
BU00850200,Makkinga,BU00850802,Makkinga-Buitengebied,55.3,2,2,merged
BU00850201,Elsloo,BU00850302,Elsloo-Buitengebied,66.6,2,2,merged
BU00850202,Langedijke,BU00850702,Langedijke-Buitengebied,91.0,5,1,split
BU00850208,Verspreide huizen Makkinga,BU00850802,Makkinga-Buitengebied,99.1,7,2,recoded
BU00850209,Verspreide huizen Elsloo,BU00850302,Elsloo-Buitengebied,97.8,6,2,merged
BU00850300,Oldeberkoop,BU00851001,Oldeberkoop-Oost,46.9,3,1,split
BU00850301,Nijeberkoop,BU00850901,Nijeberkoop,80.6,2,1,split
BU00850302,Verspreide huizen Nijeberkoop,BU00850902,Nijeberkoop-Buitengebied,99.3,4,1,recoded
BU00850309,Verspreide huizen Oldeberkoop,BU00851003,Oldeberkoop-Buitengebied,97.8,4,1,split
BU00850400,Haulerwijk,BU00850608,Haulerwijk-Buitengebied,60.1,10,2,merged
BU00850401,Waskemeer,BU00851301,Waskemeer,71.5,2,1,split
BU00850408,Verspreide huizen Haulerwijk,BU00850608,Haulerwijk-Buitengebied,95.9,6,2,merged
BU00850409,Verspreide huizen Waskemeer,BU00851302,Waskemeer-Buitengebied,99.0,4,1,split
BU00850500,Appelscha,BU00850111,Appelscha-Buitengebied,60.3,11,3,merged
BU00850501,Ravenswoud,BU00851201,Ravenswoud,70.0,2,1,split
BU00850502,Fochteloo,BU00850402,Fochteloo-Buitengebied,94.6,2,2,merged
BU00850504,Oud Appelscha,BU00850111,Appelscha-Buitengebied,99.1,2,3,recoded
BU00850507,Verspreide huizen Appelscha,BU00850111,Appelscha-Buitengebied,98.5,11,3,merged
BU00850508,Verspreide huizen Ravenswoud,BU00851202,Ravenswoud-Buitengebied,98.3,4,1,split
BU00850509,Verspreide huizen Fochteloo,BU00850402,Fochteloo-Buitengebied,97.2,5,2,merged
BU00860000,Gorredijk,BU00860508,Gorredijk-Buitengebied,26.3,11,2,merged
BU00860009,Verspreide huizen Gorredijk,BU00860508,Gorredijk-Buitengebied,99.2,5,2,recoded
BU00860100,Langezwaag,BU00860802,Langezwaag-Buitengebied,60.9,2,2,merged
BU00860101,Luxwoude,BU00861002,Luxwoude-Buitengebied,66.6,2,2,merged
BU00860102,Tijnje,BU00861502,Tijnje-Buitengebied,74.4,2,2,merged
BU00860107,Verspreide huizen Langezwaag,BU00860802,Langezwaag-Buitengebied,70.0,8,2,merged
BU00860108,Verspreide huizen Luxwoude,BU00861002,Luxwoude-Buitengebied,86.7,5,2,merged
BU00860109,Verspreide huizen Tijnje,BU00861502,Tijnje-Buitengebied,96.5,4,2,merged
BU00860200,Terwispel,BU00861401,Terwispel-Kom,64.9,2,1,split
BU00860201,Nij beets,BU00861101,Nij Beets-Kom,74.2,2,1,split
BU00860208,Verspreide huizen Terwispel,BU00861402,Terwispel-Buitengebied,94.2,9,1,split
BU00860209,Verspreide huizen Nij Beets,BU00861102,Nij Beets-Buitengebied,96.7,5,1,split
BU00860300,Beetsterzwaag,BU00860209,Beetsterzwaag-Buitengebied,35.3,8,2,merged
BU00860301,Olterterp,BU00860208,Beetsterzwaag-Olterterp,99.7,4,1,recoded
BU00860302,Lippenhuizen,BU00860902,Lippenhuizen-Buitengebied,55.7,2,2,merged
BU00860303,Hemrik,BU00860602,Hemrik-Buitengebied,59.9,3,2,merged
BU00860307,Verspreide huizen Beetsterzwaag,BU00860209,Beetsterzwaag-Buitengebied,98.7,9,2,merged
BU00860308,Verspreide huizen Lippenhuizen,BU00860902,Lippenhuizen-Buitengebied,97.3,7,2,merged
BU00860309,Verspreide huizen Hemrik,BU00860602,Hemrik-Buitengebied,98.0,6,2,merged
BU00860400,Ureterp,BU00861607,Ureterp-Buitengebied,41.7,6,2,merged
BU00860401,Frieschepalen,BU00860401,Frieschepalen-Kom,73.6,2,1,split
BU00860402,Siegerswoude,BU00861302,Siegerswoude-Buitengebied,97.8,6,1,split
BU00860408,Verspreide huizen Ureterp,BU00861607,Ureterp-Buitengebied,96.4,10,2,merged
BU00860409,Verspreide huizen Frieschepalen,BU00860402,Frieschepalen-Buitengebied,91.6,4,1,split
BU00860500,Bakkeveen,BU00860103,Bakkeveen-Buitengebied,52.0,3,2,merged
BU00860501,Wijnjewoude,BU00861703,Wijnjewoude-Buitengebied-Kleine Groningen,41.9,3,3,merged
BU00860507,Verspreide huizen Bakkeveen,BU00860103,Bakkeveen-Buitengebied,99.8,4,2,recoded
BU00860508,Verspreide huizen Wijnjewoude-Oost,BU00861703,Wijnjewoude-Buitengebied-Kleine Groningen,98.5,5,3,merged
BU00860509,Verspreide huizen Wijnjewoude-West,BU00861703,Wijnjewoude-Buitengebied-Kleine Groningen,99.8,5,3,recoded
BU00880000,Schiermonnikoog,BU00880000,Schiermonnikoog,100.0,1,1,unchanged
BU00880009,Verspreide huizen Schiermonnikoog,BU00880009,Verspreide huizen Schiermonnikoog,97.9,2,1,split
BU00889998,,BU00889998,Buitenwater,95.9,2,1,split
BU00900001,Centrum,BU00900101,Drachten centrum,98.4,9,1,split
BU00900002,De Wiken,BU00900204,De Wiken centrum,26.0,8,1,split
BU00900003,De Singels,BU00900302,De Singels west,38.3,15,1,split
BU00900004,De Drait,BU00900402,De Drait west,22.1,9,1,split
BU00900005,De Wiken-Oost,BU00900206,De Wiken oost,92.1,7,1,split
BU00900006,De Venen,BU00900603,De Venen zuid,36.8,9,1,split
BU00900007,De Folgeren,BU00900703,De Folgeren centrum,37.4,8,1,split
BU00900008,De Swetten,BU00900801,De Swetten west,50.1,8,1,split
BU00900009,De Bouwen,BU00900904,De Bouwen zuid,36.2,10,1,split
BU00900010,Noordoost,BU00901001,Noord-Oost noord,37.3,13,1,split
BU00900011,De Haven,BU00901101,De Haven,90.7,6,1,split
BU00900012,Buitengebied Drachten,BU00902201,Buitengebied west,54.5,25,1,split
BU00900013,De Trisken,BU00901302,De Trisken rondom,79.0,5,1,split
BU00900014,Fennepark,BU00900704,Fennepark,97.5,7,1,split
BU00900015,Himsterhout,BU00901303,Himsterhout,67.2,5,1,split
BU00900016,Bedrijvenpark,BU00901201,A7 Noord,98.9,2,1,split
BU00900017,Vrijburg,BU00900706,Vrijburgh,98.8,3,1,split
BU00900018,Burmaniapark,BU00900705,Burmaniapark,99.7,3,1,recoded
BU00900120,Opeinde,BU00902104,"Opeinde, onder de Vaart",52.1,11,1,split
BU00900121,Rottevalle,BU00902311,Rottevalle,97.9,7,1,split
BU00900122,Houtigehage,BU00902308,Houtigehage,99.6,3,1,recoded
BU00900123,Drachtstercompagnie,BU00902307,Drachtstercompagnie,79.8,5,1,split
BU00900124,Kortehemmen,BU00902216,Kortehemmen,96.6,3,1,split
BU00900125,Boornbergum,BU00902206,Boornbergum,97.9,6,1,split
BU00900126,De Wilgen,BU00902202,De Wilgen,87.4,8,1,split
BU00900127,Smalle Ee,BU00902212,Smalle Ee,72.0,5,1,split
BU00900128,De Veenhoop,BU00902215,De Veenhoop,96.4,5,1,split
BU00900129,Goëngahuizen,BU00902213,Goengahuizen,94.9,3,1,split
BU00900130,Oudega,BU00902110,Oudega,98.4,5,1,split
BU00900131,Nijega,BU00902109,Nijega,96.7,5,1,split
BU00900132,De Tike,BU00902114,De Tike,90.2,3,1,split
BU00930000,West-Terschelling,BU00930000,West-Terschelling,99.8,2,1,unchanged
BU00930002,Verspreide huizen West-Terschelling,BU00930002,Verspreide huizen West-Terschelling,97.3,3,1,split
BU00930110,Midsland,BU00930110,Midsland,100.0,1,1,unchanged
BU00930111,Verspreide huizen Midsland-Zuid,BU00930111,Verspreide huizen Midsland-Zuid,99.7,2,1,unchanged
BU00930112,Verspreide huizen Midsland-Noord,BU00930112,Verspreide huizen Midsland-Noord,100.0,2,1,unchanged
BU00930213,Formerum,BU00930213,Formerum,100.0,1,1,unchanged
BU00930214,Verspreide huizen Formerum-Zuid,BU00930214,Verspreide huizen Formerum-Zuid,99.7,2,1,unchanged
BU00930215,Verspreide huizen Formerum-Noord,BU00930215,Verspreide huizen Formerum-Noord,100.0,1,1,unchanged
BU00930316,Lies,BU00930316,Lies,100.0,1,1,unchanged
BU00930317,Verspreide huizen Lies-Zuid,BU00930317,Verspreide huizen Lies-Zuid,99.9,2,1,unchanged
BU00930418,Koegelwieck,BU00930418,Koegelwieck,100.0,1,1,unchanged
BU00930419,Hoorn,BU00930419,Hoorn,100.0,1,1,unchanged
BU00930420,Verspreide huizen Hoorn-Zuid,BU00930420,Verspreide huizen Hoorn-Zuid,99.3,3,1,unchanged
BU00930521,Oosterend,BU00930521,Oosterend,100.0,1,1,unchanged
BU00930522,Verspreide huizen Oosterend-Zuid,BU00930522,Verspreide huizen Oosterend-Zuid,98.8,3,1,split
BU00930523,De Boschplaat,BU00930523,De Boschplaat,96.0,2,1,split
BU00939998,,BU00939998,Buitenwater,99.1,11,1,unchanged
BU00960000,Oost-Vlieland,BU00960000,Oost-Vlieland,98.9,3,1,split
BU00960009,Verspreide huizen Vlieland,BU00960009,Verspreide huizen Vlieland,98.6,2,1,split
BU00969998,,BU00969998,Buitenwater,97.6,3,1,split
BU00980000,Wolvega,BU00980021,Wolvega-Buitengebied,16.5,25,2,merged
BU00980009,Verspreide huizen Wolvega,BU00980021,Wolvega-Buitengebied,85.4,7,2,merged
BU00980100,Sonnega,BU00980502,Sonnega,99.9,5,2,recoded
BU00980101,Nijelamer,BU00980201,Nijelamer,99.1,4,2,recoded
BU00980102,Nijeholtwolde,BU00980101,Nijeholtwolde,95.8,5,2,merged
BU00980103,Oldeholtwolde,BU00980102,Oldeholtwolde,94.7,4,2,merged
BU00980104,Ter Idzard,BU00980104,Ter Idzard-Buitengebied,94.9,4,2,merged
BU00980105,Verspreide huizen Sonnega,BU00980502,Sonnega,100.0,1,2,recoded
BU00980106,Verspreide huizen Nijelamer,BU00980201,Nijelamer,99.4,3,2,recoded
BU00980107,Verspreide huizen Nijeholtwolde,BU00980101,Nijeholtwolde,96.8,3,2,merged
BU00980108,Verspreide huizen Oldeholtwolde,BU00980102,Oldeholtwolde,97.8,3,2,merged
BU00980109,Verspreide huizen Ter Idzard,BU00980104,Ter Idzard-Buitengebied,99.0,3,2,merged
BU00980200,Oldetrijne,BU00980501,Oldetrijne,98.7,3,2,merged
BU00980201,Oldelamer,BU00980202,Oldelamer,98.5,3,2,merged
BU00980208,Verspreide huizen Oldetrijne,BU00980501,Oldetrijne,98.2,5,2,merged
BU00980209,Verspreide huizen Oldelamer,BU00980202,Oldelamer,99.2,2,2,recoded
BU00980300,Munnekeburen,BU00980304,Munnekeburen-Buitengebied,92.2,5,2,merged
BU00980301,Nijetrijne,BU00980305,Nijetrijne,99.3,2,2,recoded
BU00980302,Langelille,BU00980302,Langeville-Buitengebied,68.9,4,2,merged
BU00980307,Verspreide huizen Munnekeburen,BU00980304,Munnekeburen-Buitengebied,97.6,4,2,merged
BU00980308,Verspreide huizen Nijetrijne,BU00980305,Nijetrijne,97.8,5,2,merged
BU00980309,Verspreide huizen Langelille,BU00980302,Langeville-Buitengebied,88.6,4,2,merged
BU00980400,Scherpenzeel,BU00980402,Scherpenzeel-Buitengebied,86.0,5,2,merged
BU00980401,Spanga,BU00980403,Slijkenburg-Spanga,98.2,3,3,merged
BU00980402,Slijkenburg,BU00980403,Slijkenburg-Spanga,100.0,1,3,recoded
BU00980408,Verspreide huizen Scherpenzeel,BU00980402,Scherpenzeel-Buitengebied,98.1,4,2,merged
BU00980409,Verspreide huizen Spanga,BU00980403,Slijkenburg-Spanga,99.4,3,3,recoded
BU00980500,Oldeholtpade,BU00981502,Oldeholtpade-Buitengebied,91.8,4,2,merged
BU00980501,Nijeholtpade,BU00981402,Nijeholtpade-Buitengebied,95.3,3,2,merged
BU00980508,Verspreide huizen Oldeholtpade,BU00981502,Oldeholtpade-Buitengebied,99.1,6,2,recoded
BU00980509,Verspreide huizen Nijeholtpade,BU00981402,Nijeholtpade-Buitengebied,100.0,4,2,recoded
BU00980600,Blesdijke,BU00980602,Blesdijke-Buitengebied,95.2,3,2,merged
BU00980601,De Blesse,BU00980701,De Blesse,99.3,2,2,recoded
BU00980602,Peperga,BU00980702,Peperga,99.7,2,2,recoded
BU00980607,Verspreide huizen De Blesse,BU00980701,De Blesse,95.1,4,2,merged
BU00980608,Verspreide huizen Blesdijke,BU00980602,Blesdijke-Buitengebied,98.9,6,2,merged
BU00980609,Verspreide huizen Peperga,BU00980702,Peperga,99.0,5,2,merged
BU00980700,Steggerda,BU00980802,Steggerda-Buitengebied,84.9,3,2,merged
BU00980701,Vinkega,BU00980903,Vinkega,96.6,3,2,merged
BU00980702,De Hoeve,BU00980902,De Hoeve-Buitengebied,95.7,6,2,merged
BU00980707,Verspreide huizen Steggerda,BU00980802,Steggerda-Buitengebied,99.5,5,2,recoded
BU00980708,Verspreide huizen Vinkega,BU00980903,Vinkega,94.3,4,2,merged
BU00980709,Verspreide huizen De Hoeve,BU00980902,De Hoeve-Buitengebied,99.3,3,2,recoded
BU00980800,Noordwolde,BU00981009,Noordwolde-Buitengebied,83.4,15,1,split
BU00980801,Boijl,BU00981302,Boijl-Buitengebied,67.1,3,2,merged
BU00980807,Oosterstreek,BU00981102,Oosterstreek-Buitengebied,95.9,6,1,split
BU00980808,Verspreide huizen Noordwolde en Zandhuizen,BU00981201,Zandhuizen,99.6,5,1,recoded
BU00980809,Verspreide huizen Boijl,BU00981302,Boijl-Buitengebied,99.2,5,2,recoded
BU01060000,Brinkkwartier,BU01060000,Brinkkwartier,99.7,3,1,unchanged
BU01060001,Erfgoedkwartier,BU01060001,Erfgoedkwartier,98.4,6,1,split
BU01060002,Overcingel,BU01060002,Overcingel,98.9,8,1,split
BU01060003,Oranjebuurt,BU01060003,Oranjebuurt,98.7,9,1,split
BU01060004,Galgenveld,BU01060004,Galgenveld,99.6,5,1,unchanged
BU01060005,Koopmanskwartier,BU01060005,Koopmanskwartier,99.8,5,1,unchanged
BU01060006,Cultuureelkwartier,BU01060006,Cultureelkwartier,99.4,2,1,unchanged
BU01060007,Oude Gasfabriek,BU01060009,Asserbos,51.7,5,2,merged
BU01060008,De Hertenkamp,BU01060008,De Hertenkamp,99.9,5,1,unchanged
BU01060009,Asserbos,BU01060009,Asserbos,99.8,6,2,unchanged
BU01060010,De Esch,BU01060010,De Esch,100.0,3,1,unchanged
BU01060011,Bomenbuurt,BU01060011,Bomenbuurt,99.6,6,1,unchanged
BU01060012,Zuiderpark,BU01060012,Zuiderpark,99.8,6,1,unchanged
BU01060100,De Lariks Oost,BU01060100,De Lariks Oost,99.8,7,1,unchanged
BU01060101,Landgoed Lariks,BU01060101,Landgoed Lariks,99.4,5,1,unchanged
BU01060102,De Lariks West,BU01060102,De Lariks West,99.9,3,1,unchanged
BU01060103,Luchiesland Zuid,BU01060103,Luchiesland Zuid,99.4,6,1,unchanged
BU01060104,Zuid Molukse Buurt,BU01060104,Zuid Molukse Buurt,99.9,4,1,unchanged
BU01060105,Luchiesland Noord,BU01060105,Luchiesland Noord,99.6,6,1,unchanged
BU01060200,Oude Molenbuurt,BU01060200,Oude Molenbuurt,99.8,6,1,unchanged
BU01060201,Dichtershof,BU01060201,Dichtershof,99.0,7,1,split
BU01060202,Veningerland,BU01060202,Veningerland,99.9,5,1,unchanged
BU01060203,Zwarte Water,BU01060203,Zwarte Water,99.8,7,1,unchanged
BU01060204,Componistenbuurt West,BU01060204,Componistenbuurt West,100.0,5,1,unchanged
BU01060205,Componistenbuurt Oost,BU01060205,Componistenbuurt Oost,99.9,5,1,unchanged
BU01060300,Dijkveld,BU01069918,Dijkveld,95.0,6,1,split
BU01060301,Vreebergen,BU01060303,Vreebergen/Amelterhout,99.9,2,2,recoded
BU01060302,Houtlaan,BU01060302,Houtlaan,99.8,3,1,unchanged
BU01060303,Amelterhout,BU01060303,Vreebergen/Amelterhout,99.8,5,2,unchanged
BU01060304,Schildersbuurt,BU01060304,Schildersbuurt,99.8,5,1,unchanged
BU01060305,Vredeveld Noord,BU01060305,Vredeveld Noord,99.7,7,1,unchanged
BU01060306,Sluisdennen,BU01060306,Sluisdennen,100.0,5,1,unchanged
BU01060307,Vredeveld Zuid,BU01060307,Vredeveld Zuid,99.9,5,1,unchanged
BU01060308,De Dorpen,BU01060308,De Dorpen,99.2,6,1,unchanged
BU01060309,GGZ-terrein,BU01060309,GGZ-terrein,95.6,7,1,split
BU01060310,Park Diepstroeten,BU01060310,Park Diepstroeten,45.4,6,1,split
BU01060400,Pittelo Zuid,BU01060400,Pittelo Zuid,99.8,3,1,unchanged
BU01060401,Pittelo Midden,BU01060401,Pittelo Midden,99.9,5,1,unchanged
BU01060402,Pittelo Noord,BU01060402,Pittelo Noord,99.7,5,1,unchanged
BU01060403,Recreatiepark Pittelo,BU01060403,Recreatiepark Pittelo,99.9,6,1,unchanged
BU01060500,De Maten,BU01060500,De Maten,99.3,7,1,unchanged
BU01060501,De Boskamp,BU01060501,De Boskamp,97.4,6,1,split
BU01060502,Baggelhuizen Zuid,BU01060502,Baggelhuizen Zuid,99.8,5,1,unchanged
BU01060503,Baggelhuizen Midden,BU01060503,Baggelhuizen Midden,99.9,3,1,unchanged
BU01060504,Baggelhuizen Noord,BU01060504,Baggelhuizen Noord,99.8,3,1,unchanged
BU01060505,Lauwers,BU01060505,Lauwers,58.0,7,1,split
BU01060506,Huize Nassau,BU01060506,Huize Nassau,100.0,4,1,unchanged
BU01060507,Kazerneterrein,BU01060507,Kazerneterrein,99.9,5,1,unchanged
BU01060508,Westerpark,BU01060508,Westerpark,99.9,5,1,unchanged
BU01060509,Sportpark Stadsbroek,BU01060509,Sportpark Stadsbroek,99.8,4,1,unchanged
BU01060600,De Venen/De Wallen,BU01060600,De Venen/De Wallen,99.9,5,1,unchanged
BU01060601,De Velden/De Stukken,BU01060601,De Velden/De Stukken,100.0,4,1,unchanged
BU01060602,De Landen/De Akkers,BU01060602,De Landen/De Akkers,100.0,4,1,unchanged
BU01060603,De Kampen/De Essen,BU01060603,De Kampen/De Essen,99.9,6,1,unchanged
BU01060604,Peelerpark,BU01060604,Peelerpark,76.7,7,1,split
BU01060700,Messchenveld,BU01060700,Messchenveld,89.6,7,1,split
BU01060701,De Messchen,BU01060701,De Messchen,100.0,6,1,unchanged
BU01060702,De Hamels,BU01060702,De Hamels,99.1,4,1,unchanged
BU01060703,De Kleuven,BU01060703,De Kleuven,100.0,3,1,unchanged
BU01060704,De Dreven,BU01060704,De Dreven,100.0,5,1,unchanged
BU01060705,De Breeën,BU01060705,De Breeën,99.9,5,1,unchanged
BU01060706,De Hoven,BU01060706,De Hoven,100.0,5,1,unchanged
BU01060707,De Heugten,BU01060707,De Heugten,100.0,3,1,unchanged
BU01060708,De Beemden,BU01060708,De Beemden,100.0,2,1,unchanged
BU01060709,De Hullen,BU01060709,De Hullen,100.0,1,1,unchanged
BU01060710,De Stoepen,BU01060710,De Stoepen,100.0,4,1,unchanged
BU01060711,De Goorns,BU01060711,De Goorns,100.0,4,1,unchanged
BU01060712,Bedrijventerrein Marsdijk West,BU01060712,Bedrijventerrein Marsdijk West,100.0,6,1,unchanged
BU01060713,Bedrijventerrein West,BU01060713,Bedrijventerrein West,99.5,4,1,unchanged
BU01060714,Bedrijventerrein Oost,BU01060714,Bedrijventerrein Oost,99.8,4,1,unchanged
BU01060715,Bedrijventerrein Marsdijk Oost,BU01060715,Bedrijventerrein Marsdijk Oost,99.7,8,1,unchanged
BU01060716,Havenkanaal Noordzijde,BU01060716,Havenkanaal Noordzijde,99.6,5,1,unchanged
BU01060717,Havenkanaal Zuidzijde,BU01060717,Havenkanaal Zuidzijde,99.1,6,1,unchanged
BU01060800,Kloosterveste,BU01060800,Kloosterveste,100.0,1,1,unchanged
BU01060801,Kloostertuinen,BU01060801,Kloostertuinen,99.9,6,1,unchanged
BU01060802,Kloosterhaven,BU01060802,Kloosterhaven,99.9,6,1,unchanged
BU01060803,Kloosterlanen,BU01060803,Kloosterlanen,100.0,4,1,unchanged
BU01060804,Kloosterhoven,BU01060804,Kloosterhoven,100.0,6,1,unchanged
BU01060805,Kloosterstede,BU01060805,Kloosterstede,100.0,4,1,unchanged
BU01060806,Kloostergaarde,BU01060806,Kloostergaarde,99.9,3,1,unchanged
BU01060807,Kloosterhage,BU01060807,Kloosterhage,100.0,2,1,unchanged
BU01060808,Kloosterkade,BU01060808,Kloosterkade,100.0,3,1,unchanged
BU01060809,Sterrenbeeldenbuurt,BU01060809,Sterrenbeeldenbuurt,100.0,5,1,unchanged
BU01060810,Planetenbuurt,BU01060810,Planetenbuurt,100.0,5,1,unchanged
BU01060811,De Zoom,BU01060811,De Zoom,100.0,5,1,unchanged
BU01060812,De Hoogspanning,BU01060812,De Hoogspanning,99.8,6,1,unchanged
BU01060813,Groene Dijk,BU01060813,Groene Dijk,64.1,9,1,split
BU01060814,Recreatiepark Zeijerveen,BU01069910,Bos en Golf,100.0,2,2,recoded
BU01060815,Kloosterhout,BU01060815,Kloosterhout,100.0,6,1,unchanged
BU01060816,Kloosterbos,BU01060816,Kloosterbos,100.0,4,1,unchanged
BU01060817,Uitbreidingsgebied Kloosterveen,BU01060899,Uitbreidingsgebied Kloosterveen,78.0,6,1,split
BU01069900,Loon,BU01069900,Loon,99.6,2,1,unchanged
BU01069901,Verspreide huizen Loon,BU01069901,Buitengebied Loon,99.8,8,1,unchanged
BU01069902,Het grote Veld,BU01069902,Het Grote Veld,99.7,5,1,unchanged
BU01069903,Verspreide huizen Ubbena Oost,BU01069903,Buitengebied Ubbena Oost,100.0,1,1,unchanged
BU01069904,Ubbena,BU01069904,Ubbena,100.0,1,1,unchanged
BU01069905,Verspreide huizen Ubbena West,BU01069905,Buitengebied Ubbena West,100.0,1,1,unchanged
BU01069906,Rhee,BU01069906,Rhee,100.0,2,1,unchanged
BU01069907,Verspreide huizen Ter Aard,BU01069907,Buitengebied Ter Aard,100.0,2,1,unchanged
BU01069908,Ter Aard,BU01069908,Ter Aard,100.0,1,1,unchanged
BU01069909,Zeijerveld,BU01069909,Zeijerveld,100.0,1,1,unchanged
BU01069910,Bos en Golf,BU01069910,Bos en Golf,100.0,2,2,unchanged
BU01069911,Verspreide huizen Witten,BU01069911,Buitengebied Witten,100.0,9,1,unchanged
BU01069912,Witten,BU01069912,Witten,99.7,2,1,unchanged
BU01069913,Graswijkbuurt,BU01069913,Graswijkbuurt,99.9,2,1,unchanged
BU01069914,Verspreide huizen Anreep,BU01069914,Buitengebied Anreep,99.8,7,1,unchanged
BU01069915,Anreep/Schieven,BU01069915,Anreep/Schieven,97.7,3,1,split
BU01069916,Verspreide huizen Schieven,BU01069916,Buitengebied Schieven,99.7,6,1,unchanged
BU01069917,Natuurgebied Amelte,BU01069917,Natuurgebied Amelte,99.9,7,1,unchanged
BU01091000,Coevorden-Centrum,BU01091000,Coevorden-Centrum,100.0,1,1,unchanged
BU01091001,Lootuinen,BU01091001,Lootuinen,100.0,1,1,unchanged
BU01091002,Poppenhare,BU01091002,Poppenhare,100.0,1,1,unchanged
BU01091003,Binnenvree Buitenvree Pikveld,BU01091003,Binnenvree Buitenvree Pikveld,100.0,1,1,unchanged
BU01091004,De Heege,BU01091004,De Heege,100.0,1,1,unchanged
BU01091006,Klooster,BU01091006,Klooster,100.0,1,1,unchanged
BU01091007,Ballast,BU01091007,Ballast,100.0,1,1,unchanged
BU01091008,De Loo,BU01091008,De Loo,100.0,1,1,unchanged
BU01091009,Verspreide huizen Coevorden,BU01091009,Verspreide huizen Coevorden,100.0,1,1,unchanged
BU01091010,Holwert,BU01091010,Holwert,100.0,1,1,unchanged
BU01091011,Hare,BU01091011,Hare,100.0,1,1,unchanged
BU01091012,Leeuwerikenveld,BU01091012,Leeuwerikenveld,100.0,1,1,unchanged
BU01091013,De Heege en De Mars,BU01091013,De Heege en De Mars,100.0,1,1,unchanged
BU01091014,Klinkenvlier,BU01091014,Klinkenvlier,100.0,1,1,unchanged
BU01091015,Ossehaar,BU01091015,Ossehaar,100.0,1,1,unchanged
BU01091116,Steenwijksmoer,BU01091116,Steenwijksmoer,100.0,1,1,unchanged
BU01091117,Verspreide huizen Steenwijksmoer,BU01091117,Verspreide huizen Steenwijksmoer,100.0,1,1,unchanged
BU01091218,Nieuwe Krim,BU01091218,Nieuwe Krim,100.0,1,1,unchanged
BU01091219,Verspreide huizen Nieuwe Krim,BU01091219,Verspreide huizen Nieuwe Krim,100.0,1,1,unchanged
BU01091320,Verspreide huizen Weijerswold,BU01091320,Verspreide huizen Weijerswold,100.0,1,1,unchanged
BU01091421,Verspreide huizen Vlieghuis en Padhuis,BU01091421,Verspreide huizen Vlieghuis en Padhuis,100.0,1,1,unchanged
BU01092022,Dalen,BU01092022,Dalen,100.0,1,1,unchanged
BU01092023,Verspreide huizen Dalen,BU01092023,Verspreide huizen Dalen,100.0,1,1,unchanged
BU01092024,Wachtum,BU01092024,Wachtum,100.0,1,1,unchanged
BU01092025,Verspreide huizen Wachtum,BU01092025,Verspreide huizen Wachtum,100.0,1,1,unchanged
BU01092026,Dalerpeel,BU01092026,Dalerpeel,100.0,1,1,unchanged
BU01092027,Verspreide huizen Dalerpeel,BU01092027,Verspreide huizen Dalerpeel,100.0,1,1,unchanged
BU01092028,Dalerveen,BU01092028,Dalerveen,100.0,1,1,unchanged
BU01092029,Verspreide huizen Dalerveen,BU01092029,Verspreide huizen Dalerveen,100.0,1,1,unchanged
BU01092030,Stieltjeskanaal,BU01092030,Stieltjeskanaal,100.0,1,1,unchanged
BU01092031,Verspreide huizen Stieltjeskanaal,BU01092031,Verspreide huizen Stieltjeskanaal,100.0,1,1,unchanged
BU01093032,Oosterhesselen,BU01093032,Oosterhesselen,100.0,1,1,unchanged
BU01093033,Verspreide huizen Oosterhesselen,BU01093033,Verspreide huizen Oosterhesselen,100.0,1,1,unchanged
BU01093034,Gees,BU01093034,Gees,100.0,1,1,unchanged
BU01093035,Verspreide huizen Gees,BU01093035,Verspreide huizen Gees,100.0,1,1,unchanged
BU01093036,Zwinderen,BU01093036,Zwinderen,100.0,1,1,unchanged
BU01093037,Verspreide huizen Zwinderen,BU01093037,Verspreide huizen Zwinderen,100.0,1,1,unchanged
BU01093038,Geesbrug,BU01093038,Geesbrug,100.0,1,1,unchanged
BU01093039,Verspreide huizen Geesbrug,BU01093039,Verspreide huizen Geesbrug,100.0,1,1,unchanged
BU01093068,Verspreide huizen Nieuwlande,BU01093068,Verspreide huizen Nieuwlande,100.0,1,1,unchanged
BU01094040,Sleen,BU01094040,Sleen,100.0,1,1,unchanged
BU01094041,Diphoorn,BU01094041,Diphoorn,100.0,1,1,unchanged
BU01094042,Verspreide huizen Sleen,BU01094042,Verspreide huizen Sleen,100.0,1,1,unchanged
BU01094043,Noord-Sleen,BU01094043,Noord-Sleen,100.0,1,1,unchanged
BU01094044,'t Haantje,BU01094044,'t Haantje,100.0,1,1,unchanged
BU01094045,Verspreide huizen 't Haantje,BU01094045,Verspreide huizen 't Haantje,100.0,1,1,unchanged
BU01094046,Verspreide huizen Noord-Sleen,BU01094046,Verspreide huizen Noord-Sleen,100.0,1,1,unchanged
BU01094047,Schoonoord,BU01094047,Schoonoord,100.0,1,1,unchanged
BU01094048,De Kiel,BU01094048,De Kiel,100.0,1,1,unchanged
BU01094049,Verspreide huizen De Kiel,BU01094049,Verspreide huizen De Kiel,100.0,1,1,unchanged
BU01094050,Verspreide huizen Kibbelveen,BU01094050,Verspreide huizen Kibbelveen,100.0,1,1,unchanged
BU01094051,Verspreide huizen Schoonoord,BU01094051,Verspreide huizen Schoonoord,100.0,1,1,unchanged
BU01094052,Verspreide huizen Veenoord,BU01094052,Verspreide huizen Veenoord,100.0,1,1,unchanged
BU01094053,Erm,BU01094053,Erm,100.0,1,1,unchanged
BU01094054,Achterste Erm,BU01094054,Achterste Erm,100.0,1,1,unchanged
BU01094055,Holsloot,BU01094055,Holsloot,100.0,1,1,unchanged
BU01094056,Verspreide huizen Holsloot,BU01094056,Verspreide huizen Holsloot,100.0,1,1,unchanged
BU01094057,Verspreide huizen Elm,BU01094057,Verspreide huizen Erm,100.0,1,1,unchanged
BU01095058,Zweeloo,BU01095058,Zweeloo,100.0,1,1,unchanged
BU01095059,Aalden,BU01095059,Aalden,100.0,1,1,unchanged
BU01095060,Verspreide huizen Zweeloo,BU01095060,Verspreide huizen Zweeloo,100.0,1,1,unchanged
BU01095061,Meppen,BU01095061,Meppen,100.0,1,1,unchanged
BU01095062,Verspreide huizen Meppen,BU01095062,Verspreide huizen Meppen,100.0,1,1,unchanged
BU01095063,Wezup,BU01095063,Wezup,100.0,1,1,unchanged
BU01095064,Wezuperbrug,BU01095064,Wezuperbrug,100.0,1,1,unchanged
BU01095065,Benneveld,BU01095065,Benneveld,100.0,1,1,unchanged
BU01095066,Verspreide huizen Benneveld,BU01095066,Verspreide huizen Benneveld,100.0,1,1,unchanged
BU01095067,Verspreide huizen Wezuperbrug,BU01095067,Verspreide huizen Wezuperbrug,100.0,1,1,unchanged
BU01140100,3e Kruisdiep,BU01140100,Derde Kruisdiep,100.0,1,1,unchanged
BU01140101,1e Kruisdiep,BU01140101,Eerste Kruisdiep,100.0,1,1,unchanged
BU01140102,Tramwijk,BU01140102,Tramwijk,100.0,1,1,unchanged
BU01140103,Achterdiep,BU01140103,Achterdiep,100.0,1,1,unchanged
BU01140104,Weerdingerkanaal,BU01140104,Weerdingerkanaal,100.0,1,1,unchanged
BU01140106,Siepelveen,BU01140106,Siepelveen,100.0,1,1,unchanged
BU01140109,Verspreide huizen Nieuw-Weerdinge,BU01140109,Verspreide huizen Nieuw-Weerdinge,99.7,2,1,unchanged
BU01140200,Roswinkel-Centrum,BU01140200,Roswinkel-Centrum,100.0,1,1,unchanged
BU01140206,Oude Schuttingskanaal,BU01140206,Oude Schuttingskanaal,100.0,1,1,unchanged
BU01140208,Roswinkelerstraat,BU01140208,Roswinkelerstraat,100.0,1,1,unchanged
BU01140209,Verspreide huizen Roswinkel,BU01140209,Verspreide huizen Roswinkel,100.0,1,1,unchanged
BU01140300,Emmer-Compascuum Centrum,BU01140300,Emmer-Compascuum-Centrum,99.7,2,1,unchanged
BU01140301,Emmer-Erfscheidenveen,BU01140301,Emmer-Erfscheidenveen,100.0,1,1,unchanged
BU01140302,Foxel,BU01140302,Foxel,100.0,1,1,unchanged
BU01140303,Oosterdiep,BU01140303,Oosterdiep,100.0,1,1,unchanged
BU01140304,Hoofdkanaal,BU01140304,Hoofdkanaal,100.0,1,1,unchanged
BU01140309,Verspreide huizen Emmer-Compascuum,BU01140309,Verspreide huizen Emmer-Compascuum,100.0,1,1,unchanged
BU01140400,Barger-Compascuum-Centrum,BU01140400,Barger-Compascuum-Centrum,100.0,1,1,unchanged
BU01140401,Scholtenskanaal,BU01140401,Scholtenskanaal,100.0,1,1,unchanged
BU01140402,Verlengde-Oosterdiep,BU01140402,Verlengde Oosterdiep,100.0,1,1,unchanged
BU01140408,Limietweg,BU01140408,Limietweg,100.0,1,1,unchanged
BU01140409,Verspreide huizen Barger-Compascuum,BU01140409,Verspreide huizen Barger-Compascuum,100.0,1,1,unchanged
BU01140500,Nieuw-Dordrecht,BU01140500,Nieuw-Dordrecht-Centrum,100.0,1,1,unchanged
BU01140502,Oranjedorp,BU01140502,Oranjedorp,99.6,2,1,unchanged
BU01140503,Vastenow,BU01140503,Vastenow,100.0,1,1,unchanged
BU01140504,Herenstreek,BU01140504,Herenstreek,100.0,1,1,unchanged
BU01140509,Verspreide huizen Nieuw-Dordrecht,BU01140509,Verspreide huizen Nieuw-Dordrecht,100.0,1,1,unchanged
BU01140600,Nieuw-Amsterdam-Centrum,BU01140600,Nieuw-Amsterdam-Centrum,100.0,1,1,unchanged
BU01140601,Barger-Erfscheidenveen,BU01140601,Barger-Erfscheidenveen,100.0,1,1,unchanged
BU01140608,Langs de Vaart,BU01140608,Langs de Vaart,100.0,1,1,unchanged
BU01140609,Verspreide huizen Nieuw-Amsterdam,BU01140609,Verspreide huizen Nieuw-Amsterdam,100.0,1,1,unchanged
BU01140700,Erica-Centrum,BU01140700,Erica-Centrum,100.0,1,1,unchanged
BU01140701,Amsterdamscheveld,BU01140701,Amsterdamscheveld,100.0,1,1,unchanged
BU01140702,Beekweg,BU01140702,Beekweg,100.0,1,1,unchanged
BU01140707,Verlengde Vaart,BU01140707,Verlengde Vaart,100.0,1,1,unchanged
BU01140708,Ericasestraat,BU01140708,Ericasestraat,100.0,1,1,unchanged
BU01140709,Verspreide huizen Erica,BU01140709,Verspreide huizen Erica,100.0,1,1,unchanged
BU01140800,Klazienaveen-Noord,BU01140800,Klazienaveen-Noord,100.0,1,1,unchanged
BU01140801,Klazienaveen-Zuid,BU01140801,Klazienaveen-Zuid,100.0,1,1,unchanged
BU01140802,Barger-Oosterveen,BU01140802,Barger-Oosterveen,100.0,1,1,unchanged
BU01140803,Kloostermanswijk,BU01140803,Kloostermanswijk,100.0,1,1,unchanged
BU01140804,Dordse Dijk,BU01140804,Dordsedijk,100.0,1,1,unchanged
BU01140806,Derksweg,BU01140806,Derksweg,100.0,1,1,unchanged
BU01140807,Tuinbouwcentrum Klazienaveen,BU01140807,Tuinbouwcentrum Klazienaveen,100.0,1,1,unchanged
BU01140809,Verspreide huizen Klazienaveen,BU01140809,Verspreide huizen Klazienaveen,98.1,3,1,split
BU01140900,Zwartemeer-Centrum,BU01140900,Zwartemeer-Centrum,99.3,2,1,unchanged
BU01140901,Kamerlingswijk,BU01140901,Kamerlingswijk,100.0,1,1,unchanged
BU01140909,Verspreide huizen Zwartemeer,BU01140909,Verspreide huizen Zwartemeer,100.0,1,1,unchanged
BU01141000,Schoonebeek,BU01141000,Schoonebeek,100.0,1,1,unchanged
BU01141001,Oosterse Bos en Middendorp,BU01141001,Oosterse Bos en Middendorp,100.0,1,1,unchanged
BU01141002,Westerse Bos,BU01141002,Westerse Bos,100.0,1,1,unchanged
BU01141003,Zandpol,BU01141003,Zandpol,97.3,2,1,split
BU01141004,Industrieterrein De Vierslagen,BU01141004,Industrieterrein De Vierslagen,86.5,2,1,split
BU01141009,Verspreide huizen Schoonebeek,BU01141009,Verspreide huizen Schoonebeek,100.0,2,1,unchanged
BU01141300,Veenoord,BU01141300,Veenoord,100.0,2,1,unchanged
BU01141308,Ermerveen,BU01141308,Ermerveen,100.0,1,1,unchanged
BU01141309,Verspreide huizen Veenoord,BU01141309,Verspreide huizen Veenoord,100.0,1,1,unchanged
BU01142100,Nieuw-Schoonebeek,BU01142100,Nieuw-Schoonebeek,100.0,1,1,unchanged
BU01142101,Westelijk Nieuw-Schoonebeek,BU01142101,Westelijk Nieuw-Schoonebeek,100.0,1,1,unchanged
BU01142102,Oostelijk Nieuw-Schoonebeek,BU01142102,Oostelijk Nieuw-Schoonebeek,100.0,1,1,unchanged
BU01142109,Verspreide huizen Nieuw-Schoonebeek,BU01142109,Verspreide huizen Nieuw-Schoonebeek,100.0,1,1,unchanged
BU01143200,Weiteveen,BU01143200,Weiteveen,100.0,1,1,unchanged
BU01143201,Oost- en West-Weiteveen,BU01143201,Westelijk en oostelijk Weiteveen,100.0,1,1,unchanged
BU01143209,Verspreide huizen Weiteveen,BU01143209,Verspreide huizen Weiteveen,100.0,1,1,unchanged
BU01144000,Emmen-Centrum,BU01144000,Emmen-Centrum,100.0,1,1,unchanged
BU01144100,Emmen-Omgeving Oude Roswinkelerweg,BU01144100,Emmen-omgeving Oude Roswinkelerweg,77.8,2,1,split
BU01144101,Emmen over 't spoor,BU01144101,Emmen over 't spoor,100.0,1,1,unchanged
BU01144200,Emmermeer,BU01144200,Emmermeer,100.0,1,1,unchanged
BU01144300,Angelslo,BU01144300,Angelslo,100.0,1,1,unchanged
BU01144400,Emmerhout,BU01144400,Emmerhout,100.0,1,1,unchanged
BU01144500,Emmerschans,BU01144500,Emmerschans,100.0,1,1,unchanged
BU01144600,Bargeres,BU01144600,Bargeres,100.0,1,1,unchanged
BU01144700,Rietlanden,BU01144700,Rietlanden,100.0,1,1,unchanged
BU01144800,Parc Sandur,BU01144800,Parc Sandur,100.0,1,1,unchanged
BU01144900,Delftlanden,BU01144900,Delftlanden,100.0,1,1,unchanged
BU01145000,Barger-Oosterveld,BU01145000,Barger-Oosterveld,100.0,1,1,unchanged
BU01145100,Weerdinge,BU01145100,Weerdinge,100.0,1,1,unchanged
BU01145101,Westenesch,BU01145101,Westenesch,100.0,1,1,unchanged
BU01145109,Verspreide huizen Emmen,BU01145109,Verspreide huizen Emmen,100.0,1,1,unchanged
BU01145200,Noordbarge,BU01145200,Noordbarge,100.0,1,1,unchanged
BU01145201,Zuidbarge,BU01145201,Zuidbarge,100.0,1,1,unchanged
BU01145300,Industrieterrein Bargermeer,BU01145300,Industrieterrein Bargermeer,100.0,1,1,unchanged
BU01145301,Bedrijvenpark A37,BU01145301,Bedrijvenpark A37,100.0,1,1,unchanged
BU01185000,Centrum,BU01185000,Centrum,100.0,1,1,unchanged
BU01185001,Noord,BU01185001,Noord,100.0,1,1,unchanged
BU01185002,Bentinckspark,BU01185002,Bentinckspark,100.0,1,1,unchanged
BU01185003,Krakeel,BU01185003,Krakeel,100.0,1,1,unchanged
BU01185004,Wolfsbos,BU01185004,Wolfsbos,100.0,1,1,unchanged
BU01185005,Zuid,BU01185005,Zuid,100.0,1,1,unchanged
BU01185006,Venesluis,BU01185006,Venesluis,100.0,1,1,unchanged
BU01185007,West,BU01185007,West,100.0,1,1,unchanged
BU01185008,Oost,BU01185008,Oost,100.0,1,1,unchanged
BU01185100,Steenbergerweiden,BU01185100,Steenbergerweiden,100.0,1,1,unchanged
BU01185101,Kinholt,BU01185101,Kinholt,100.0,1,1,unchanged
BU01185102,Grittenhof,BU01185102,Grittenhof,100.0,1,1,unchanged
BU01185103,Schoonvelde-West,BU01185103,Schoonvelde-West,100.0,1,1,unchanged
BU01185104,Schoonvelde-Oost,BU01185104,Schoonvelde-Oost,100.0,1,1,unchanged
BU01185105,Schutlanden-Oost,BU01185105,Schutlanden-Oost,100.0,1,1,unchanged
BU01185106,Schutlanden-West,BU01185106,Schutlanden-West,100.0,1,1,unchanged
BU01185107,Kattouw,BU01185107,Kattouw,100.0,1,1,unchanged
BU01185108,Trasselt,BU01185108,Trasselt,100.0,1,1,unchanged
BU01185109,Erflanden,BU01185109,Erflanden,100.0,1,1,unchanged
BU01185200,Fluitenberg kern,BU01185200,Fluitenberg kern,100.0,1,1,unchanged
BU01185201,Verspreide huizen Fluitenberg,BU01185201,Verspreide huizen Fluitenberg,100.0,1,1,unchanged
BU01185300,Elim Kern,BU01185300,Elim Kern,100.0,1,1,unchanged
BU01185301,Verspreide huizen Elim-Noord,BU01185301,Verspreide huizen Elim-Noord,100.0,1,1,unchanged
BU01185302,Verspreide huizen Elim-Zuid,BU01185302,Verspreide huizen Elim-Zuid,100.0,1,1,unchanged
BU01185400,Hollandscheveld kern,BU01185400,Hollandscheveld kern,100.0,1,1,unchanged
BU01185401,Verspreide huizen Hollandscheveld-West,BU01185401,Verspreide huizen Hollandscheveld-West,100.0,1,1,unchanged
BU01185402,Verspreide huizen Hollandscheveld-Oost,BU01185402,Verspreide huizen Hollandscheveld-Oost,100.0,1,1,unchanged
BU01185500,Noordscheschut kern,BU01185500,Noordscheschut kern,100.0,1,1,unchanged
BU01185501,Verspreide huizen Noordscheschut,BU01185501,Verspreide huizen Noordscheschut,100.0,1,1,unchanged
BU01185600,Nieuwlande kern,BU01185600,Nieuwlande kern,100.0,1,1,unchanged
BU01185601,Verspreide huizen Nieuwlande,BU01185601,Verspreide huizen Nieuwlande,100.0,1,1,unchanged
BU01185700,Nieuweroord kern,BU01185700,Nieuweroord kern,100.0,1,1,unchanged
BU01185701,Verspreide huizen Nieuweroord,BU01185701,Verspreide huizen Nieuweroord,100.0,2,1,unchanged
BU01185800,Tiendeveen kern,BU01185800,Tiendeveen kern,100.0,1,1,unchanged
BU01185801,Verspreide huizen Tiendeveen,BU01185801,Verspreide huizen Tiendeveen,100.0,1,1,unchanged
BU01185900,Stuifzand kern,BU01185900,Stuifzand kern,100.0,1,1,unchanged
BU01185901,Verspreide huizen Stuifzand,BU01185901,Verspreide huizen Stuifzand,100.0,1,1,unchanged
BU01186000,Pesse kern,BU01186000,Pesse kern,100.0,1,1,unchanged
BU01186001,Verspreide huizen Pesse-Oost,BU01186001,Verspreide huizen Pesse-Oost,100.0,1,1,unchanged
BU01186002,Verspreide huizen Pesse-West,BU01186002,Verspreide huizen Pesse-West,100.0,1,1,unchanged
BU01186003,Verspreide huizen Pesse-Zuid,BU01186003,Verspreide huizen Pesse-Zuid,100.0,1,1,unchanged
BU01186100,Zuideropgaande Nieuw Moscou,BU01186100,Zuideropgaande Nieuw Moscou,100.0,1,1,unchanged
BU01186201,Industriegebied Toldijk,BU01186201,Industriegebied Toldijk,100.0,1,1,unchanged
BU01186202,Industriegebied Noord A,BU01186202,Industriegebied Noord A,100.0,1,1,unchanged
BU01186203,Industriegebied Noord B,BU01186203,Industriegebied Noord B,100.0,1,1,unchanged
BU01186204,Industriegebied Buitenvaart,BU01186204,Industriegebied Buitenvaart,100.0,1,1,unchanged
BU01186205,Verspreide huizen Alteveer,BU01186205,Verspreide huizen Alteveer,100.0,1,1,unchanged
BU01186206,Verspreide huizen Nijstad,BU01186206,Verspreide huizen Nijstad,100.0,2,1,unchanged
BU01190000,Centrum,BU01190002,Koninginnebuurt,50.2,3,1,split
BU01190001,Watertoren,BU01190701,Nieuwveenselanden,48.0,5,1,split
BU01190002,Haveltermade,BU01190201,Staatsliedenbuurt,38.1,4,1,split
BU01190003,Koedijkslanden,BU01191102,Verspreid gebied Meppel Zuid,32.2,7,1,split
BU01190004,Ezinge,BU01190501,"Onderwijs-, sportpark",71.4,3,1,split
BU01190005,Oosterboer,BU01190603,Verzetsbuurt,31.0,6,1,split
BU01190006,Industrieterrein Oevers en omgeving,BU01191003,Industrie Oevers D,29.7,8,1,split
BU01190007,Industrieterrein-Noord,BU01190900,Industrieterrein Noord I,52.7,2,1,split
BU01190008,Bedrijvenpark Blankenstein,BU01190800,Blankenstein,86.9,3,1,split
BU01190009,Verspreide huizen Meppel,BU01191100,Verspreid gebied Meppel Noord,71.5,8,1,split
BU01190010,Berggierslanden,BU01190400,Plantenbuurt,60.5,2,1,split
BU01190100,Kern Nijeveen,BU01191201,Griftebuurt,34.3,7,1,split
BU01190101,Nijeveen-Oost,BU01191200,Nijeveen Oost,100.0,1,1,recoded
BU01190102,Kolderveen,BU01191206,Kolderveen,100.0,1,1,recoded
BU01190103,Kolderveense Bovenboer,BU01191207,Kolderveense Bovenboer,100.0,1,1,recoded
BU01190104,Nijeveense Bovenboer,BU01191208,Nijeveense Bovenboer,100.0,1,1,recoded
BU01190109,Verspreide huizen Nijeveen,BU01191209,Verspreid gebied Nijeveen,94.9,7,1,split
BU01190200,Kern Rogat,BU01191300,Rogat,96.9,2,1,split
BU01190209,Verspreide huizen Rogat,BU01191301,Broekhuizen,43.9,5,1,split
BU01400000,Wommels,BU19002001,Wommels,100.0,1,1,recoded (gemeente change)
BU01400001,Easterein,BU19002002,Easterein,100.0,1,1,recoded (gemeente change)
BU01400002,Hinnaard,BU19002003,Hinnaard,95.5,4,1,split
BU01400003,Itens,BU19002004,Itens,100.0,1,1,recoded (gemeente change)
BU01400004,Rien,BU19002005,Rien,100.0,1,1,recoded (gemeente change)
BU01400005,Lytsewierrum,BU19002006,Lytsewierrum,100.0,1,1,recoded (gemeente change)
BU01400006,Hidaard,BU19002007,Hidaard,100.0,1,1,recoded (gemeente change)
BU01400007,Reahûs,BU19002008,Reahûs,100.0,1,1,recoded (gemeente change)
BU01400008,Verspreide huizen Wommels,BU19002009,Verspreide huizen Wommels,100.0,1,1,recoded (gemeente change)
BU01400009,Verspreide huizen Easterein,BU19002010,Verspreide huizen Easterein,100.0,1,1,recoded (gemeente change)
BU01400100,Wjelsryp,BU19495400,Buitengebied Wjelsryp,62.2,2,2,merged
BU01400101,Baaium,BU19491700,Baaium,97.3,3,1,split
BU01400102,Spannum,BU19494700,Buitengebied Spannum,52.1,2,2,merged
BU01400103,Iens,BU19002011,Iens,100.0,1,1,recoded (gemeente change)
BU01400104,Kûbaard,BU19002012,Kûbaard,100.0,1,1,recoded (gemeente change)
BU01400105,Waaksens,BU19002013,Waaksens,100.0,1,1,recoded (gemeente change)
BU01400107,Verspreide huizen Wjelsryp,BU19495400,Buitengebied Wjelsryp,99.2,6,2,recoded (gemeente change)
BU01400108,Verspreide huizen Spannum,BU19494700,Buitengebied Spannum,61.9,5,2,merged
BU01400109,Verspreide huizen Kûbaard,BU19002014,Verspreide huizen Kûbaard,100.0,2,1,recoded (gemeente change)
BU01400200,Mantgum,BU00808103,Mantgum,64.6,2,1,split
BU01400209,Verspreide huizen Mantgum,BU00808104,Buitengebied Mantgum,89.6,8,1,split
BU01400300,Baard,BU00808115,Baard,92.0,7,1,split
BU01400301,Easterlittens,BU00808117,Buitengebied Easterlittens,56.0,3,2,merged
BU01400302,Winsum,BU19495301,Winsum,53.7,3,1,split
BU01400303,Britswert,BU19002015,Britswert,98.2,5,1,split
BU01400304,Wiuwert,BU19002016,Wiuwert,99.8,2,1,recoded (gemeente change)
BU01400305,Boazum,BU19002017,Boazum,100.0,1,1,recoded (gemeente change)
BU01400306,Easterwierrum,BU19002018,Easterwierrum,99.7,2,1,recoded (gemeente change)
BU01400307,Verspreide huizen Easterlittens,BU00808117,Buitengebied Easterlittens,83.7,6,2,merged
BU01400308,Verspreide huizen Winsum,BU19495300,Buitengebied Winsum,86.5,12,1,split
BU01400309,Verspreide huizen Boazum,BU19002019,Verspreide huizen Boazum,100.0,1,1,recoded (gemeente change)
BU01400400,Weidum,BU00808106,Buitengebied Weidum,52.7,2,2,merged
BU01400401,Jellum,BU00808107,Jellum,90.8,3,1,split
BU01400402,Bears,BU00808108,Bears,84.7,5,1,split
BU01400403,Jorwert,BU00808110,Buitengebied Jorwert,72.7,2,2,merged
BU01400404,Hilaard,BU00808111,Hilaard,50.7,3,1,split
BU01400405,Húns,BU00808113,Húns,96.1,5,1,split
BU01400406,Leons,BU00808114,Leons,97.3,4,1,split
BU01400407,Verspreide huizen Weidum,BU00808106,Buitengebied Weidum,99.1,5,2,recoded (gemeente change)
BU01400408,Verspreide huizen Jorwert,BU00808110,Buitengebied Jorwert,94.7,9,2,merged
BU01400409,Verspreide huizen Hilaard,BU00808112,Buitengebied Hilaard,98.4,6,1,split
BU01411000,Binnenstad-Noord,BU01411000,Binnenstad Noord,89.9,6,1,split
BU01411001,Binnenstad-Zuid,BU01411001,Binnenstad Zuid,49.6,10,1,split
BU01411002,Ulk en omgeving,BU01411002,Ulk en omgeving,91.8,4,1,split
BU01411003,Java en omgeving,BU01411003,Java en omgeving,99.4,2,1,unchanged
BU01411100,Bornsestraat en omgeving Midden,BU01411100,Bornsestraat Midden-Riet Noord,58.8,5,2,merged
BU01411101,Riet Noord,BU01411100,Bornsestraat Midden-Riet Noord,92.2,5,2,merged
BU01411102,Arendsboer en omgeving Noord,BU01411102,Arendsboer en omgeving Noord,93.8,3,1,split
BU01411103,Nieuwland,BU01411103,Nieuwland,67.8,5,1,split
BU01411104,Arendsboer en omgeving Zuid,BU01411104,Arendsboer en omgeving Zuid-Riet Zuid,99.3,4,2,unchanged
BU01411105,Riet Zuid,BU01411104,Arendsboer en omgeving Zuid-Riet Zuid,99.9,2,2,recoded
BU01411106,Bornsestraat en omgeving Zuid,BU01411101,Bornsestraat en omgeving Zuid,91.4,2,1,split
BU01411109,Verspreide huizen wijk 11,BU01411109,Verspreide huizen wijk 11,49.7,8,1,split
BU01411200,Vriezenveenseweg en omgeving Haghoek Oost,BU01411200,Vriezenveenseweg en omgeving Haghoek Oost,98.4,5,1,split
BU01411201,Parkweg en omgeving,BU01411201,Parkweg en omgeving,98.3,7,1,split
BU01411202,Vriezenveenseweg en omgeving Haghoek West,BU01411202,Vriezenveenseweg en omgeving Haghoek West,84.3,4,1,split
BU01411209,Verspreide huizen wijk 12,BU01411204,Bedrijventerrein Dollegoor Turfkade,50.5,15,1,split
BU01411300,Ootmarsumsestraat en omgeving,BU01411300,Ootmarsumsestraat en omgeving,79.0,8,1,split
BU01411301,Markgraven,BU01411301,Markgraven,99.4,8,1,unchanged
BU01411302,Rumerslanden,BU01411302,Rumerslanden,95.8,3,1,split
BU01411303,Wester-Sluitersveldlanden,BU01411303,Wester Sluitersveldlanden,99.5,3,1,unchanged
BU01411309,Verspreide huizen wijk 13,BU01411309,Verspreide huizen wijk 13,62.1,8,1,split
BU01411400,Dijkstraat en omgeving,BU01411402,Kerkelanden,59.9,5,2,merged
BU01411401,Rohof en omgeving,BU01411400,Rohof en omgeving,71.2,5,1,split
BU01411402,Kerkelanden,BU01411402,Kerkelanden,99.5,3,2,unchanged
BU01411403,Aalderinkshoek Noordoost,BU01411403,Aalderinkshoek Noordoost,99.4,4,1,unchanged
BU01411404,Aalderinkshoek Zuidoost,BU01411404,Aalderinkshoek Zuidoost,97.5,5,1,split
BU01411405,Aalderinkshoek Noordwest,BU01411405,Aalderinkshoek Noordwest,95.4,4,1,split
BU01411406,Aalderinkshoek Zuidwest,BU01411406,Aalderinkshoek Zuidwest,87.1,6,1,split
BU01411409,Verspreide huizen wijk 14,BU01411409,Verspreide huizen wijk 14,74.2,12,1,split
BU01411500,Nieuwstraat en omgeving,BU01411500,Nieuwstraat -Witvoet en omgeving,58.0,9,2,merged
BU01411501,Wonde en omgeving,BU01411501,Wonde en omgeving,96.7,4,1,split
BU01411502,Witvoet en omgeving,BU01411500,Nieuwstraat -Witvoet en omgeving,71.3,3,2,merged
BU01411503,Achterlanden en omgeving,BU01411502,Achterlanden en omgeving,59.8,5,1,split
BU01411600,Boomplaats,BU01411600,Boomplaats,96.9,6,1,split
BU01411601,Ossenkoppelerhoek-Oost,BU01411601,Ossenkoppelerhoek Oost,91.8,6,1,split
BU01411602,Beeklust,BU01411602,Beeklust,91.3,4,1,split
BU01411603,Ossenkoppelerhoek-Midden-Noord,BU01411603,Ossenkoppelerhoek Midden Noord,88.2,6,1,split
BU01411604,Ossenkoppelerhoek-West,BU01411604,Ossenkoppelerhoek West,91.2,8,1,split
BU01411605,Ossenkoppelerhoek-Midden-Zuid,BU01411605,Ossenkoppelerhoek Midden Zuid,99.5,4,1,unchanged
BU01411700,Hofkamp-West,BU01411700,Hofkamp West,97.2,2,1,split
BU01411701,Hofkamp-Oost,BU01411701,Hofkamp Oost,81.0,7,1,split
BU01411702,Paradijs,BU01411702,Paradijs,64.1,4,1,split
BU01411703,Kollenveld-Bolkshoek,BU01411709,Verspreide huizen wijk 17,85.8,6,2,merged
BU01411709,Verspreide huizen Hofkamp,BU01411709,Verspreide huizen wijk 17,99.6,7,2,unchanged
BU01411800,Schelfhorst-Zuidwest,BU01411800,Schelfhorst Zuidwest,97.1,6,1,split
BU01411801,Drakensteyn en omgeving,BU01411801,Drakensteyn en omgeving,98.1,2,1,split
BU01411802,Schelfhorst-Noordwest,BU01411802,Schelfhorst Noordwest,61.4,8,1,split
BU01411803,Havezathe,BU01411803,Havezathe,97.7,4,1,split
BU01411804,Schelfhorst-Noordoost,BU01411804,Schelfhorst Noordoost,99.0,6,1,split
BU01411805,Schelfhorst-Zuidoost,BU01411805,Schelfhorst Zuidoost,98.8,10,1,split
BU01411806,Veenelanden,BU01411806,Veenelanden,48.8,6,1,split
BU01411900,Groeneveld,BU01411900,Groeneveld,81.7,7,1,split
BU01411901,Kanaalzijde,BU01411920,Verspreide huizen wijk 19,68.1,7,3,merged
BU01411902,Leemslagen-Noord,BU01411902,Leemslagen Noord,91.0,4,1,split
BU01411903,Leemslagen-Zuid,BU01411903,Leemslagen Zuid,96.4,5,1,split
BU01411904,Zeven Bosjes,BU01411920,Verspreide huizen wijk 19,53.1,6,3,merged
BU01411905,Leemslagen-Oost,BU01411905,Leemslagen Oost,98.1,7,1,split
BU01411906,Huttenveld,BU01411906,Huttenveld,69.1,7,1,split
BU01411907,Maardijk,BU01411907,Maardijk,56.0,3,1,split
BU01411908,De Grens,BU01411908,Bedrijventerrein Twentepoort - Stadion,56.3,4,1,split
BU01411909,Nijrees,BU01411909,Nijrees,99.8,3,1,unchanged
BU01411910,Verspreide huizen wijk 19,BU01411920,Verspreide huizen wijk 19,51.6,9,3,merged
BU01412000,Aadorp-West,BU01412000,Aadorp West,95.7,3,1,split
BU01412001,Aadorp-Oost,BU01412001,Aadorp Oost,72.3,5,1,split
BU01412002,Bedrijvenpark Twente,BU01411205,Bedrijvenpark Twente,99.7,5,1,recoded
BU01412009,Verspreide huizen wijk 20,BU01411209,Verspreide huizen wijk 12,99.7,4,1,recoded
BU01412100,Bornerbroek,BU01412100,Bornerbroek Kern,77.1,2,1,split
BU01412109,Verspreide huizen wijk 21,BU01412109,Verspreide huizen wijk 21,87.9,6,1,split
BU01470000,Bornsche Maten,BU01470000,Bornsche Maten,100.0,1,1,unchanged
BU01470001,Borne Centrum,BU01470001,Borne Centrum,100.0,1,1,unchanged
BU01470002,'t Wensink Noord,BU01470002,'t Wensink Noord,100.0,1,1,unchanged
BU01470003,'t Wensink Zuid,BU01470003,'t Wensink Zuid,100.0,1,1,unchanged
BU01470004,Dikkerslaan-Molenkampsweg en omgeving,BU01470004,Dikkerslaan-Molenkampsweg en omgeving,100.0,1,1,unchanged
BU01470005,Lettersveld I,BU01470005,Letterveld I,100.0,1,1,unchanged
BU01470006,Lettersveld II,BU01470006,Letterveld II,100.0,1,1,unchanged
BU01470007,Tichelkamp,BU01470007,Tichelkamp,100.0,1,1,unchanged
BU01470008,Stroom-Esch,BU01470008,Stroom-Esch,100.0,1,1,unchanged
BU01470009,Verspreide huizen Borne-West,BU01470009,Verspreide huizen Borne-West,100.0,1,1,unchanged
BU01470100,Verspreide huizen Borne-Oost,BU01470100,Verspreide huizen Borne-Oost,100.0,1,1,unchanged
BU01470101,Zenderen,BU01470101,Zenderen,100.0,1,1,unchanged
BU01470102,Verspreide huizen Zenderen,BU01470102,Verspreide huizen Zenderen,100.0,1,1,unchanged
BU01470105,Hertme,BU01470105,Hertme,100.0,1,1,unchanged
BU01470106,Verspreide huizen Hertme,BU01470106,Verspreide huizen Hertme,100.0,1,1,unchanged
BU01480000,Dalfsen-Kom,BU01480101,Dalfsen Centrum,99.6,3,1,recoded
BU01480001,Dalfsen-Vechtvliet,BU01480102,Vechtvliet-Leemcule,62.1,4,2,merged
BU01480002,Dalfsen-Rondweg,BU01480107,Bedrijventerrein Rondweg,64.9,7,1,split
BU01480003,Dalfsen-Pleijendal,BU01480103,Pleijendal,85.7,4,1,split
BU01480004,Dalfsen-Leemcule,BU01480102,Vechtvliet-Leemcule,98.8,4,2,merged
BU01480005,Dalfsen-Polhaar-Oost,BU01480104,Polhaar,96.3,5,2,merged
BU01480006,Dalfsen-Polhaar-West,BU01480104,Polhaar,98.5,3,2,merged
BU01480007,Dalfsen-Ankummer-Es I,BU01480105,Ankummer Es,98.6,4,2,merged
BU01480008,Dalfsen-Ankummer-Es II,BU01480105,Ankummer Es,99.6,2,2,recoded
BU01480009,De Gerner Marke,BU01480106,Gernermarke-Oosterdalfsen,87.0,5,1,split
BU01480100,Ankum-Kern,BU01480108,Ankum kern,94.6,2,1,split
BU01480104,Verspreide huizen Ankum,BU01480109,Verspreide huizen Ankum,98.7,8,1,split
BU01480105,Verspreide huizen Dalfserveld,BU01480110,Verspreide huizen Dalfserveld,99.6,4,1,recoded
BU01480106,Verspreide huizen Gerner-Welsum,BU01480111,Verspreide huizen Welsum-Gerner,88.9,9,1,split
BU01480107,Verspreide huizen Rechteren-Hessum,BU01480112,Verspreide huizen Hessum-Rechteren,99.5,5,1,recoded
BU01480108,Verspreide huizen Milligen,BU01480114,Verspreide huizen Millingen,99.2,7,2,recoded
BU01480109,Verspreide huizen Emmen-De Marshoek,BU01480115,Verspreide huizen Emmen-De Marshoek,98.8,6,1,split
BU01480200,Oudleusen kern,BU01480118,Oudleusen kern,98.5,2,1,split
BU01480209,Verspreide huizen Oudleusenerveld,BU01480119,Verspreide huizen Oudleusenerveld,98.5,5,2,merged
BU01480300,Hoonhorst kern,BU01480116,Hoonhorst kern,97.8,2,1,split
BU01480309,Verspreide huizen Lenthe,BU01480117,Verspreide huizen Lenthe,94.4,4,2,merged
BU01480409,Verspreide huizen Lenthe-2,BU01480117,Verspreide huizen Lenthe,100.0,1,2,recoded
BU01480509,Verspreide huizen Kluinhaar,BU01480114,Verspreide huizen Millingen,91.5,3,2,merged
BU01480600,Lemelerveld kern,BU01480302,Lemelerveld kern oost,36.4,6,1,split
BU01480606,"Miga, 't Zwarte, Koelen en Schanebroek 1",BU01480306,Verspreide huizen Lemelerveld oost,98.5,2,2,merged
BU01480607,Schanebroek 2 en Wolthaarshoek,BU01480306,Verspreide huizen Lemelerveld oost,66.2,3,2,merged
BU01480608,Verspreide huizen Strenkhaar,BU01480305,Verspreide huizen Lemelerveld west,99.3,5,1,recoded
BU01480609,Verspreide huizen Dalmsholte,BU01480113,Verspreide huizen Dalmsholte,60.1,6,1,split
BU01480700,Nieuwleusen-Zuid,BU01480204,Nieuwleusen Zuid,47.4,6,1,split
BU01480701,Nieuwleusen-Noord,BU01480201,Nieuwleusen Noord,70.2,6,1,split
BU01480705,Verspreide huizen Nieuwleusen-Zuid (gedeeltelijk),BU01480211,Verspreide huizen Oosteinde,60.8,9,1,split
BU01480706,Verspreide huizen Nieuwleusen-Noord (gedeeltelijk),BU01480209,Verspreide huizen Oosterhulst,61.4,7,1,split
BU01480707,Verspreide huizen Ruitenveen,BU01480210,Verspreide huizen Ruitenveen,99.1,3,1,recoded
BU01480708,Verspreide huizen De Meele,BU01480208,Verspreide huizen De Meele,92.6,3,1,split
BU01480709,Veenekampen-De Ruiten,BU01480119,Verspreide huizen Oudleusenerveld,100.0,3,2,recoded
BU01500101,Centrum,BU01500101,Centrum,99.2,6,1,unchanged
BU01500102,Bergkwartier,BU01500102,Bergkwartier,93.8,5,1,split
BU01500103,Noordenbergkwartier,BU01500103,Noordenbergkwartier,88.3,3,1,split
BU01500104,Noordenbergsingel,BU01500104,Noordenbergsingel,99.5,4,1,unchanged
BU01500105,Singel,BU01500105,Singel,96.2,8,1,split
BU01500106,Raambuurt,BU01500106,Raambuurt,99.3,5,1,unchanged
BU01500107,Knutteldorp,BU01500107,Knutteldorp,99.3,5,1,unchanged
BU01500201,De Hoven,BU01500201,De Hoven,99.9,5,1,unchanged
BU01500301,Noorderplein,BU01500301,Noorderplein,94.9,5,1,split
BU01500302,Zwolseweg,BU01500302,Zwolseweg,97.9,7,1,split
BU01500303,Lange Zandstraat,BU01500303,Lange Zandstraat,97.9,5,1,split
BU01500304,Zandweerd-Zuid,BU01500304,Zandweerd-Zuid,99.4,4,1,unchanged
BU01500305,Zandweerd-Noord,BU01500305,Zandweerd-Noord,99.8,5,1,unchanged
BU01500306,Schrijversbuurt,BU01500306,Schrijversbuurt,99.7,4,1,unchanged
BU01500401,Rode Dorp,BU01500401,Rode Dorp,99.4,8,1,unchanged
BU01500402,Oudegoedstraat,BU01500402,Oudegoedstraat,99.7,5,1,unchanged
BU01500403,Burgemeestersbuurt,BU01500403,Burgemeestersbuurt,96.7,6,1,split
BU01500404,Oosterstraat,BU01500404,Oosterstraat,98.9,6,1,split
BU01500405,Rielerweg-West,BU01500405,Rielerweg-West,95.5,8,1,split
BU01500406,Rielerweg-Oost,BU01500406,Rielerweg-Oost,99.3,8,1,unchanged
BU01500407,Brinkgreven,BU01500407,Brinkgreven,98.4,4,1,split
BU01500501,Borgele,BU01500501,Borgele,99.6,7,1,unchanged
BU01500502,Platvoet,BU01500502,Platvoet,99.6,4,1,unchanged
BU01500601,Ludgeruskwartier,BU01500601,Ludgeruskwartier,97.7,7,1,split
BU01500602,Tuindorp,BU01500602,Tuindorp,99.4,6,1,unchanged
BU01500603,Rollecatekwartier,BU01500603,Rollecatekwartier,98.6,8,1,split
BU01500604,Oranjekwartier,BU01500604,Oranjekwartier,98.9,7,1,split
BU01500605,Landsherenkwartier,BU01500605,Landsherenkwartier,99.2,6,1,unchanged
BU01500701,Rivierenbuurt,BU01500701,Rivierenbuurt,98.7,5,1,split
BU01500702,Deltabuurt,BU01500702,Deltabuurt,99.7,4,1,unchanged
BU01500703,Hoornwerk,BU01500703,Hoornwerk,98.4,6,1,split
BU01500704,Industrieterrein,BU01500704,Industrieterrein,99.4,9,1,unchanged
BU01500705,Kloosterlanden,BU01500705,Kloosterlanden,97.4,8,1,split
BU01500706,Epse-Noord,BU01500706,Epse-Noord,99.7,4,1,unchanged
BU01500801,Het Oostrik,BU01500801,Het Oostrik,97.4,5,1,split
BU01500802,Groot Douwel,BU01500802,Groot Douwel,97.8,7,1,split
BU01500803,Blauwenoord,BU01500803,Blauwenoord,94.1,6,1,split
BU01500901,Op den Haar,BU01500901,Op den Haar,99.0,7,1,split
BU01500902,Steinvoorde,BU01500902,Steinvoorde,97.7,6,1,split
BU01500903,Graveland,BU01500903,Graveland,96.9,4,1,split
BU01500904,Het Jeurlink,BU01500904,Het Jeurlink,99.8,6,1,unchanged
BU01500905,Het Fetlaer en Spijkvoorder Enk,BU01500905,Het Fetlaer en Spijkvoorder Enk,98.6,4,1,split
BU01500906,Spikvoorde,BU01500906,Spikvoorde,99.9,5,1,unchanged
BU01500907,Overig Colmschate-Noord,BU01500907,Overig Colmschate-Noord,99.6,8,1,unchanged
BU01501001,Snipperling,BU01501001,Snipperling,98.5,5,1,split
BU01501002,Dorp Colmschate,BU01501002,Dorp Colmschate,99.1,8,1,unchanged
BU01501003,De Scheg,BU01501003,De Scheg,98.0,5,1,split
BU01501004,Colmschaterenk,BU01501004,Colmschaterenk,99.1,4,1,unchanged
BU01501005,Roessink,BU01501005,Roessink,97.6,5,1,split
BU01501006,Het Bramelt,BU01501006,Het Bramelt,97.4,6,1,split
BU01501007,Essenerveld,BU01501007,Essenerveld,96.9,6,1,split
BU01501008,Swormink,BU01501008,Swormink,95.4,6,1,split
BU01501009,Handelspark De Weteringen,BU01501009,Handelspark De Weteringen,93.9,6,1,split
BU01501010,Bannink,BU01501010,Bannink,99.7,6,1,unchanged
BU01501011,Oxerhof,BU01501505,Oxerhof,99.9,6,1,recoded
BU01501101,Dorp Diepenveen,BU01501101,Dorp Diepenveen,99.7,4,1,unchanged
BU01501102,Rande,BU01501102,Rande,100.0,4,1,unchanged
BU01501103,Tjoene,BU01501103,Tjoene,88.7,7,1,split
BU01501201,Dorp Schalkhaar,BU01501201,Dorp Schalkhaar,99.5,7,1,unchanged
BU01501202,Averlo en Frieswijk,BU01501202,Averlo en Frieswijk,99.8,5,1,unchanged
BU01501301,Okkenbroek,BU01501301,Okkenbroek,99.7,2,1,unchanged
BU01501401,Dorp Lettele,BU01501401,Dorp Lettele,99.2,2,1,unchanged
BU01501402,Oude Molen,BU01501402,Oude Molen,97.7,3,1,split
BU01501403,Buitengebied Lettele en Okkenbroek,BU01501403,Buitengebied Lettele en Okkenbroek,99.9,10,1,unchanged
BU01501501,Dorp Bathmen,BU01501501,Dorp Bathmen,99.9,8,1,unchanged
BU01501502,Loo,BU01501502,Loo,100.0,4,1,unchanged
BU01501503,Dortherhoek,BU01501503,Dortherhoek,99.9,4,1,unchanged
BU01501504,Zuidloo,BU01501504,Zuidloo,99.9,3,1,unchanged
BU01530000,City,BU01530000,City,100.0,1,1,unchanged
BU01530001,"Lasonder, Zeggelt",BU01530001,"Lasonder, Zeggelt",100.0,1,1,unchanged
BU01530002,De Laares,BU01530002,De Laares,100.0,1,1,unchanged
BU01530003,De Bothoven,BU01530003,De Bothoven,100.0,1,1,unchanged
BU01530004,Hogeland-Noord,BU01530004,Hogeland-Noord,100.0,1,1,unchanged
BU01530005,Getfert,BU01530005,Getfert,100.0,1,1,unchanged
BU01530006,Veldkamp-Getfert-West,BU01530006,Veldkamp-Getfert-West,100.0,1,1,unchanged
BU01530007,Horstlanden-Stadsweide,BU01530007,Horstlanden-Stadsweide,100.0,1,1,unchanged
BU01530008,Boddenkamp,BU01530008,Boddenkamp,100.0,1,1,unchanged
BU01530100,Velve-Lindenhof,BU01530100,Velve-Lindenhof,100.0,1,1,unchanged
BU01530101,Wooldrik,BU01530101,Wooldrik,100.0,1,1,unchanged
BU01530102,Hogeland-Zuid,BU01530102,Hogeland-Zuid,100.0,1,1,unchanged
BU01530103,Varvik-Diekman,BU01530103,Varvik-Diekman,100.0,1,1,unchanged
BU01530104,Sleutelkamp,BU01530104,Sleutelkamp,100.0,1,1,unchanged
BU01530105,'t Weldink,BU01530105,'t Weldink,100.0,1,1,unchanged
BU01530106,De Leuriks,BU01530106,De Leuriks,100.0,1,1,unchanged
BU01530200,Cromhoffsbleek-Kotman,BU01530200,Cromhoffsbleek-Kotman,100.0,1,1,unchanged
BU01530201,Boswinkel-De Braker,BU01530201,Boswinkel-De Braker,100.0,1,1,unchanged
BU01530202,Pathmos,BU01530202,Pathmos,100.0,1,1,unchanged
BU01530203,Stevenfenne,BU01530203,Stevenfenne,100.0,1,1,unchanged
BU01530204,Stadsveld-Zuid,BU01530204,Stadsveld-Zuid,100.0,1,1,unchanged
BU01530205,Elferink-Heuwkamp,BU01530205,Elferink-Heuwkamp,100.0,1,1,unchanged
BU01530206,Stadsveld-Noord-Bruggert,BU01530206,Stadsveld-Noord-Bruggert,100.0,1,1,unchanged
BU01530207,'t Zwering,BU01530207,'t Zwering,100.0,1,1,unchanged
BU01530208,Ruwenbos,BU01530208,Ruwenbos,100.0,1,1,unchanged
BU01530300,Tubantia-Toekomst,BU01530300,Tubantia-Toekomst,100.0,1,1,unchanged
BU01530301,Twekkelerveld,BU01530301,Twekkelerveld,100.0,1,1,unchanged
BU01530400,Walhof-Roessingh,BU01530400,Walhof-Roessingh,100.0,1,1,unchanged
BU01530401,Bolhaar,BU01530401,Bolhaar,100.0,1,1,unchanged
BU01530402,Roombeek-Roomveldje,BU01530402,Roombeek-Roomveldje,100.0,1,1,unchanged
BU01530403,Mekkelholt,BU01530403,Mekkelholt,100.0,1,1,unchanged
BU01530404,Deppenbroek,BU01530404,Deppenbroek,100.0,1,1,unchanged
BU01530405,Voortman-Amelink,BU01530405,Voortman-Amelink,100.0,1,1,unchanged
BU01530406,Drienerveld-U.T.,BU01530406,Drienerveld-U.T.,100.0,1,1,unchanged
BU01530500,Schreurserve,BU01530500,Schreurserve,100.0,1,1,unchanged
BU01530501,Ribbelt-Ribbelerbrink,BU01530501,Ribbelt-Ribbelerbrink,100.0,1,1,unchanged
BU01530502,Park Stokhorst,BU01530502,Park Stokhorst,100.0,1,1,unchanged
BU01530503,Stokhorst,BU01530503,Stokhorst,100.0,1,1,unchanged
BU01530600,Stroinkslanden Noord-Oost,BU01530600,Stroinkslanden Noord-Oost,100.0,1,1,unchanged
BU01530601,Stroinkslanden-Zuid,BU01530601,Stroinkslanden-Zuid,100.0,1,1,unchanged
BU01530602,Stroinkslanden Noord-West,BU01530602,Stroinkslanden Noord-West,100.0,1,1,unchanged
BU01530603,Wesselerbrink Noord-Oost,BU01530603,Wesselerbrink Noord-Oost,100.0,1,1,unchanged
BU01530604,Wesselerbrink Zuid-Oost,BU01530604,Wesselerbrink Zuid-Oost,100.0,1,1,unchanged
BU01530605,Wesselerbrink Zuid-West,BU01530605,Wesselerbrink Zuid-West,100.0,1,1,unchanged
BU01530606,Wesselerbrink Noord-West,BU01530606,Wesselerbrink Noord-West,100.0,1,1,unchanged
BU01530607,Helmerhoek-Noord,BU01530607,Helmerhoek-Noord,100.0,1,1,unchanged
BU01530608,Helmerhoek-Zuid,BU01530608,Helmerhoek-Zuid,100.0,1,1,unchanged
BU01530609,het Brunink,BU01530609,het Brunink,100.0,1,1,unchanged
BU01530700,Industrie- en havengebied,BU01530700,Industrie- en havengebied,100.0,1,1,unchanged
BU01530701,Marssteden,BU01530701,Marssteden,100.0,1,1,unchanged
BU01530702,Koekoeksbeekhoek,BU01530702,Koekoeksbeekhoek,100.0,1,1,unchanged
BU01530703,Kennispark,BU01530703,Kennispark,100.0,1,1,unchanged
BU01530800,Glanerveld,BU01530800,Glanerveld,100.0,1,1,unchanged
BU01530801,Bentveld-Bultserve,BU01530801,Bentveld-Bultserve,100.0,1,1,unchanged
BU01530802,Schipholt-Glanermaten,BU01530802,Schipholt-Glanermaten,100.0,1,1,unchanged
BU01530803,Eekmaat,BU01530803,Eekmaat,100.0,1,1,unchanged
BU01530804,Oikos,BU01530804,Oikos,100.0,1,1,unchanged
BU01530805,Eilermarke,BU01530805,Eilermarke,100.0,1,1,unchanged
BU01530806,De Slank,BU01530806,De Slank,100.0,1,1,unchanged
BU01530807,Dolphia,BU01530807,Dolphia,100.0,1,1,unchanged
BU01530808,Eekmaat West,BU01530808,Eekmaat West,100.0,1,1,unchanged
BU01530900,Dorp Lonneker,BU01530900,Dorp Lonneker,100.0,1,1,unchanged
BU01530901,Dorp Boekelo,BU01530901,Dorp Boekelo,100.0,1,1,unchanged
BU01530902,Buurtschap Lonneker-West,BU01530902,Buurtschap Lonneker-West,100.0,1,1,unchanged
BU01530903,Noord Esmarke,BU01530903,Noord Esmarke,100.0,1,1,unchanged
BU01530904,Buurtschap Zuid-Esmarke,BU01530904,Buurtschap Zuid-Esmarke,100.0,1,1,unchanged
BU01530905,Buurtschap Broekheurne,BU01530905,Buurtschap Broekheurne,100.0,1,1,unchanged
BU01530906,Buurtschap Usselo,BU01530906,Buurtschap Usselo,100.0,1,1,unchanged
BU01530907,Boekelerveld,BU01530907,Boekelerveld,100.0,1,1,unchanged
BU01530908,Buurtschap Twekkelo,BU01530908,Buurtschap Twekkelo,100.0,1,1,unchanged
BU01580001,Haaksbergen Kern-1,BU01580001,Haaksbergen Kern-1,100.0,1,1,unchanged
BU01580002,Haaksbergen Kern-2,BU01580002,Haaksbergen Kern-2,100.0,2,1,unchanged
BU01580003,Haaksbergen Kern-3,BU01580003,Haaksbergen Kern-3,100.0,1,1,unchanged
BU01580004,Haaksbergen Kern-4,BU01580004,Haaksbergen Kern-4,100.0,1,1,unchanged
BU01580010,Veldmaat 1,BU01580010,Veldmaat 1,100.0,1,1,unchanged
BU01580011,Veldmaat 2,BU01580011,Veldmaat 2,100.0,1,1,unchanged
BU01580020,Leemdijk,BU01580020,Leemdijk,100.0,1,1,unchanged
BU01580030,Zienesch,BU01580030,Zienesch,100.0,1,1,unchanged
BU01580040,De Pas,BU01580040,De Pas,100.0,1,1,unchanged
BU01580041,De Els,BU01580041,De Els,100.0,1,1,unchanged
BU01580050,Wolferink 1 en 4,BU01580050,Wolferink 1 en 4,100.0,1,1,unchanged
BU01580051,Wolferink 2,BU01580051,Wolferink 2,100.0,1,1,unchanged
BU01580052,Wolferink 5,BU01580052,Wolferink 5,100.0,1,1,unchanged
BU01580053,Wolferink 3,BU01580053,Wolferink 3,100.0,1,1,unchanged
BU01580060,Hassinkbrink,BU01580060,Hassinkbrink,100.0,1,1,unchanged
BU01580090,Industriegebied West,BU01580090,Industriegebied West,100.0,1,1,unchanged
BU01580091,Industriegebied Brammelo,BU01580091,Industriegebied Brammelo,100.0,1,1,unchanged
BU01580160,Verspreide huizen Langelo ten noorden van de spoorlijn,BU01580160,Verspreide huizen Langelo ten noorden van de spoorlijn,100.0,1,1,unchanged
BU01580170,Verspreide huizen Langelo (gedeeltelijk) en Honesch,BU01580170,Verspreide huizen Langelo (gedeeltelijk) en Honesch,100.0,1,1,unchanged
BU01580180,Verspreide huizen Veldmaat ten zuiden van de spoorlijn,BU01580180,Verspreide huizen Veldmaat ten zuiden van de spoorlijn,100.0,1,1,unchanged
BU01580190,Verspreide huizen Veldmaat ten noorden van de spoorlijn,BU01580190,Verspreide huizen Veldmaat ten noorden van de spoorlijn,100.0,1,1,unchanged
BU01580200,Sint Isidorushoeve kern,BU01580200,Sint Isidorushoeve kern,100.0,1,1,unchanged
BU01580290,Verspreide huizen Sint Isidorushoeve,BU01580290,Verspreide huizen Sint Isidorushoeve,100.0,1,1,unchanged
BU01580300,Buurse kern,BU01580300,Buurse kern,100.0,1,1,unchanged
BU01580390,Verspreide huizen Buurse,BU01580390,Verspreide huizen Buurse,100.0,1,1,unchanged
BU01580490,Verspreide huizen Brammelo,BU01580490,Verspreide huizen Brammelo,100.0,1,1,unchanged
BU01580590,Verspreide huizen Bretelerveld,BU01580590,Verspreide huizen Bretelerveld,100.0,1,1,unchanged
BU01580690,Verspreide huizen Stepelo (gedeeltelijk),BU01580690,Verspreide huizen Stepelo (gedeeltelijk),100.0,1,1,unchanged
BU01580900,Haaksbergen Kern-Centrum,BU01580900,Haaksbergen Kern-Centrum,100.0,1,1,unchanged
BU01600001,Overig Stad Hardenberg,BU01602801,Overig Stad Hardenberg,97.4,6,1,split
BU01600002,Industriegebied,BU01602802,Industriegebied,97.7,6,1,split
BU01600003,Norden en Hazenbos,BU01602803,Norden en Hazenbos,96.2,6,1,split
BU01600004,Heemse-Oost Heemsermars,BU01602804,Heemse-Oost Heemsermars,92.1,7,1,split
BU01600005,Heemse-West Heemserbos,BU01602805,Heemse-West Heemserbos,96.9,6,1,split
BU01600006,Baalder,BU01602806,Baalder,95.4,5,1,split
BU01600007,Baalderveld,BU01602807,Baalderveld,86.0,6,1,split
BU01600008,Marslanden en bedrijventerrein Haardijk,BU01602808,Marslanden,82.3,9,1,split
BU01600009,Centrum saneringsgebied,BU01602809,Centrum Saneringsgebied,94.7,3,1,split
BU01600107,Brucht,BU01600601,Brucht,98.8,7,1,split
BU01600108,Rheeze,BU01602201,Rheeze,90.2,7,1,split
BU01600109,Diffelen,BU01601101,Diffelen,98.2,4,1,split
BU01600207,Collendoorn,BU01600701,Collendoorn,86.7,11,1,split
BU01600208,Heemserveen,BU01601301,Heemserveen,97.9,6,1,split
BU01600209,Rheezerveen,BU01602301,Rheezerveen,99.4,7,1,recoded
BU01600307,Hoogenweg,BU01601601,Hoogenweg,88.7,5,1,split
BU01600308,Venebrugge,BU01602701,Venebrugge,96.0,5,1,split
BU01600309,Radewijk,BU01602101,Radewijk,98.4,5,1,split
BU01600400,Mariënberg Kern,BU01602001,Marienberg Kern,99.8,2,1,recoded
BU01600401,Sibculo Kern,BU01602501,Sibculo Kern,90.8,2,1,split
BU01600402,Kloosterhaar Kern,BU01601701,Kloosterhaar Kern,97.4,3,1,split
BU01600407,Verspreide huizen Kloosterhaar,BU01601702,Verspreide huizen Kloosterhaar,98.6,5,1,split
BU01600408,Verspreide huizen Sibculo,BU01602502,Verspreide huizen Sibculo,95.7,6,1,split
BU01600409,Verspreide huizen Mariënberg,BU01602002,Verspreide huizen Marienberg,93.4,6,1,split
BU01600500,Bergentheim Kern,BU01600501,Bergentheim Kern,94.2,3,1,split
BU01600501,Bruchterveld Kern,BU01602901,Bruchterveld Kern,90.2,2,1,split
BU01600507,Verspreide huizen Bruchterveld,BU01602902,Verspreide huizen Bruchterveld,94.1,6,1,split
BU01600508,Verspreide huizen Bergentheimerveen en omgeving,BU01600502,Verspreide huizen Bergentheimerveen,97.3,7,1,split
BU01600509,Verspreide huizen Oud-Bergentheim en omgeving,BU01600503,Verspreide huizen Oud-Bergentheim,97.6,6,1,split
BU01600600,Lutten Kern,BU01601901,Lutten Kern,92.9,4,1,split
BU01600607,Verspreide huizen Lutten-West,BU01601902,Verspreide huizen Lutten-West,86.9,9,1,split
BU01600608,Verspreide huizen Lutten-Oost,BU01601903,Verspreide huizen Lutten-Oost,96.7,5,1,split
BU01600609,Verspreide huizen Oud-Lutten,BU01601904,Verspreide huizen Oud-Lutten,95.0,8,1,split
BU01600700,Slagharen-Kern,BU01602601,Slagharen Kern,97.0,4,1,split
BU01600701,Schuinesloot Kern,BU01602401,Schuinesloot Kern,65.5,3,1,split
BU01600702,De Belt,BU01602602,De Belt,85.4,3,1,split
BU01600703,De Krim,BU01600801,De Krim,99.4,8,1,recoded
BU01600707,Verspreide huizen Schuinesloot,BU01602402,Verspreide huizen Schuinesloot,99.4,7,1,recoded
BU01600708,Verspreide huizen Slagharen-Oost,BU01602603,Verspreide huizen Slagharen-Oost,89.5,6,1,split
BU01600709,Verspreide huizen Slagharen-West,BU01602604,Verspreide huizen Slagharen-West,98.7,8,1,split
BU01600800,Gramsbergen Kern,BU01601201,Gramsbergen Kern,95.5,5,1,split
BU01600801,Gramsbergen uitbreidingsplan,BU01601202,Gramsbergen Uitbreidingsplan,95.3,3,1,split
BU01600807,Verspreide huizen Den Velde,BU01601001,Verspreide huizen Den Velde,96.2,5,1,split
BU01600808,Verspreide huizen Holtheme-De Haandrik,BU01601401,Verspreide huizen Holtheme-De Haandrik,95.7,4,1,split
BU01600809,Verspreide huizen Loozen,BU01601801,Verspreide huizen Loozen,97.5,8,1,split
BU01600900,De Krim-Streekdorp,BU01600802,De Krim-Streekdorp,93.7,5,1,split
BU01600901,De Krim-Zuid,BU01600803,De Krim-Zuid,91.3,4,1,split
BU01600908,Verspreide huizen De Krim,BU01600804,Verspreide huizen De Krim,95.4,7,1,split
BU01600909,Verspreide huizen Nieuwlande,BU01600805,Verspreide huizen Nieuwlande,93.7,5,1,split
BU01601000,Ane Dorp,BU01600101,Ane Dorp,94.8,2,1,split
BU01601006,Verspreide huizen Anevelde,BU01600301,Verspreide huizen Anevelde,89.2,7,1,split
BU01601007,Verspreide huizen Holthone,BU01601501,Verspreide huizen Holthone,98.9,6,1,split
BU01601008,Verspreide huizen Anerveen,BU01600201,Verspreide huizen Anerveen,94.7,5,1,split
BU01601009,Verspreide huizen Ane,BU01600102,Verspreide huizen Ane,97.4,9,1,split
BU01601100,Dedemsvaart-Noord,BU01600901,Dedemsvaart-Noord,97.5,8,1,split
BU01601101,Dedemsvaart-Zuidwest,BU01600902,Dedemsvaart-Zuidwest,98.9,5,1,split
BU01601102,Dedemsvaart Zuidoost,BU01600903,Dedemsvaart-Zuidoost,98.6,4,1,split
BU01601103,Rheezerzand,BU01600904,Rheezerend,95.4,7,1,split
BU01601104,Industriegebied Rollepaal,BU01600905,Industriegebied Rollepaal,98.8,5,1,split
BU01601105,Verspreide huizen Colenbranderbos,BU01600906,Verspreide huizen Colenbranderbos,94.9,6,1,split
BU01601106,Verspreide huizen Dedemsvaart,BU01600907,Verspreide huizen Dedemsvaart,94.4,8,1,split
BU01601107,Verspreide huizen Beute en Ommerkanaal,BU01600908,Verspreide huizen Ommerkanaal,98.6,7,1,split
BU01601108,Verspreide huizen Sponturfwijk en Reestgebied,BU01600909,Verspreide huizen Reestgebied,99.4,4,1,recoded
BU01601109,Verspreide huizen De Kolonie,BU01600405,Verspreide huizen De Kolonie,98.7,4,1,split
BU01601200,Balkbrug-Zuidwest,BU01600401,Balkbrug-Zuidwest,98.5,4,1,split
BU01601201,Balkbrug-Noord,BU01600402,Balkbrug-Noord,97.3,6,1,split
BU01601202,Balkbrug-Zuidoost,BU01600403,Balkbrug-Zuidoost,98.4,5,1,split
BU01601203,Balkbrug Benedenvaart,BU01600404,Balkbrug-Benedenvaart,98.6,4,1,split
BU01601208,Verspreide huizen Reestgebied (gedeeltelijk),BU01600406,Verspreide huizen Reestgebied (ged.),97.4,5,1,split
BU01601209,Verspreide huizen Westerhuizingerveld en omgeving,BU01600407,Verspreide huizen Westerhuizingerveld,99.8,4,1,recoded
BU01630101,Hellendoorn-Centrum,BU01630101,Hellendoorn-Centrum,100.0,1,1,unchanged
BU01630102,De Höfte,BU01630102,De Höfte,100.0,1,1,unchanged
BU01630103,Den Dam,BU01630103,Den Dam,100.0,1,1,unchanged
BU01630104,De Blenke,BU01630104,De Blenke,100.0,1,1,unchanged
BU01630105,De Zuid Es,BU01630105,De Zuid Es,100.0,1,1,unchanged
BU01630106,De Noord Es,BU01630106,De Noord Es,100.0,1,1,unchanged
BU01630201,Zeeheldenwijk,BU01630201,Zeeheldenwijk,100.0,1,1,unchanged
BU01630202,Wilhelminawijk,BU01630202,Wilhelminawijk,100.0,1,1,unchanged
BU01630203,Gagelman Industrieterrein-Noord,BU01630203,Gagelman Industrieterrein-Noord,100.0,1,1,unchanged
BU01630301,Nijverdal-Centrum,BU01630301,Nijverdal-Centrum,100.0,1,1,unchanged
BU01630302,Bloemen-Schilderswijk,BU01630302,Bloemen-Schilderswijk,100.0,1,1,unchanged
BU01630303,Noetsele I,BU01630303,Noetsele I,100.0,1,1,unchanged
BU01630304,Noetsele II en III,BU01630304,Noetsele II en III,100.0,1,1,unchanged
BU01630401,Prinsessenwijk,BU01630401,Prinsessenwijk,100.0,1,1,unchanged
BU01630402,De Brake,BU01630402,De Brake,100.0,1,1,unchanged
BU01630403,Konijnenberg,BU01630403,Konijnenberg,100.0,1,1,unchanged
BU01630404,Nijverdal Oost,BU01630404,Nijverdal Oost,100.0,1,1,unchanged
BU01630405,De Blokken,BU01630405,De Blokken,100.0,2,1,unchanged
BU01630406,Groot Lochter,BU01630406,Groot Lochter,100.0,1,1,unchanged
BU01630407,'t Lochter,BU01630407,'t Lochter,100.0,1,1,unchanged
BU01630408,'n Oaln Diek,BU01630408,'n Oaln Diek,100.0,1,1,unchanged
BU01630501,Hellendoorn,BU01630501,Hellendoorn,100.0,1,1,unchanged
BU01630503,'t Hexel,BU01630503,'t Hexel,100.0,1,1,unchanged
BU01630504,Boersingel,BU01630504,Boersingel,100.0,1,1,unchanged
BU01630505,"Egede, Elen en Rhaan",BU01630505,"Egede, Elen en Rhaan",100.0,1,1,unchanged
BU01630506,Hulsen,BU01630506,Hulsen,100.0,1,1,unchanged
BU01630507,Haarle,BU01630507,Haarle,100.0,2,1,unchanged
BU01630508,Daarle,BU01630508,Daarle,100.0,1,1,unchanged
BU01630509,Daalerveen,BU01630509,Daarlerveen,100.0,1,1,unchanged
BU01630510,Marle,BU01630510,Marle,100.0,1,1,unchanged
BU01630601,Hulsen dorp,BU01630601,Hulsen dorp,100.0,1,1,unchanged
BU01630602,Kruidenwijk Oost,BU01630602,Kruidenwijk Oost,100.0,1,1,unchanged
BU01630603,Kruidenwijk Centrum,BU01630603,Kruidenwijk Centrum,100.0,1,1,unchanged
BU01630604,Kruidenwijk Noord,BU01630604,Kruidenwijk Noord,100.0,1,1,unchanged
BU01630605,Kruidenwijk West,BU01630605,Kruidenwijk West,100.0,1,1,unchanged
BU01630606,Kruidenwijk Zuid,BU01630606,Kruidenwijk Zuid,100.0,1,1,unchanged
BU01630700,Dorp Haarle,BU01630700,Dorp Haarle,100.0,1,1,unchanged
BU01630800,Dorp Daarle,BU01630800,Dorp Daarle,100.0,1,1,unchanged
BU01630900,Dorp Daarlerveen,BU01630900,Dorp Daarlerveen,100.0,1,1,unchanged
BU01640000,Binnenstad-Centrum,BU01640000,Binnenstad Centrum,99.8,5,1,unchanged
BU01640001,Binnenstad-West,BU01640001,Binnenstad West,99.6,3,1,unchanged
BU01640002,Binnenstad-Oost,BU01640002,Binnenstad Oost,99.7,3,1,unchanged
BU01640100,Hengelose Es-Noord,BU01640100,Hengelose Es Noord,99.9,6,1,unchanged
BU01640101,Tichelwerk,BU01640101,Tichelwerk,97.8,7,1,split
BU01640102,'t Wilbert,BU01640102,'t Wilbert,100.0,3,1,unchanged
BU01640103,Bedrijventerrein Timmersveld,BU01640103,Bedrijventerrein Timmersveld,100.0,2,1,unchanged
BU01640200,Noord,BU01640200,Noord,98.0,8,1,split
BU01640201,Elsbeek,BU01640201,Elsbeek,100.0,5,1,unchanged
BU01640202,De Noork,BU01640202,De Noork,100.0,4,1,unchanged
BU01640203,Klein Driene,BU01640203,Klein Driene,99.9,3,1,unchanged
BU01640204,'t Rot,BU01640204,'t Rot,94.4,5,1,split
BU01640300,Bovenhoek,BU01640300,Bovenhoek,100.0,4,1,unchanged
BU01640301,Schothorsthoek,BU01640301,Schothorsthoek,100.0,3,1,unchanged
BU01640302,Bartelinkshoek,BU01640302,Bartelinkshoek,100.0,3,1,unchanged
BU01640303,Tijertshoek,BU01640303,Tijertshoek,99.9,4,1,unchanged
BU01640304,Sogtoenhoek,BU01640304,Sogtoenhoek,100.0,4,1,unchanged
BU01640305,Bruninkshoek,BU01640305,Bruninkshoek,99.9,5,1,unchanged
BU01640306,Middelhoek,BU01640306,Middelhoek,99.9,6,1,unchanged
BU01640307,Molendijkhoek,BU01640307,Molendijkhoek,99.6,4,1,unchanged
BU01640308,Weijinkshoek,BU01640308,Weijinkshoek,99.8,5,1,unchanged
BU01640309,Oosterveld,BU01640309,Oosterveld,100.0,5,1,unchanged
BU01640400,Zwavertshoek,BU01640400,Zwavertshoek,100.0,3,1,unchanged
BU01640401,Anninks-/Nijhofshoek,BU01640401,Anninks-/Nijhofshoek,99.9,4,1,unchanged
BU01640402,Groot Driene-Zuid,BU01640402,Groot Driene Zuid,100.0,3,1,unchanged
BU01640403,Groot Driene-Noord,BU01640403,Groot Driene Noord,100.0,3,1,unchanged
BU01640500,Bedrijventerrein Twentekanaal-Zuid II,BU01640500,Bedrijventerrein Twentekanaal Zuid II,100.0,1,1,unchanged
BU01640501,Berflo Es Noord,BU01640501,Berflo Es Noord,99.1,5,1,unchanged
BU01640502,Berflo Es Zuid,BU01640502,Berflo Es Zuid,98.5,5,1,split
BU01640503,Bedrijventerrein Twentekanaal-Noord II,BU01640503,Bedrijventerrein Twentekanaal Noord II,98.4,3,1,split
BU01640504,Veldwijk-Noord,BU01640504,Veldwijk Noord,99.1,4,1,unchanged
BU01640505,Veldwijk-Zuid,BU01640505,Veldwijk Zuid,100.0,3,1,unchanged
BU01640506,Boeldershoek,BU01640506,Boeldershoek,100.0,3,1,unchanged
BU01640600,Bedrijventerrein Twentekanaal-Zuid I,BU01640600,Bedrijventerrein Twentekanaal Zuid I,100.0,2,1,unchanged
BU01640601,Tuindorp 't Lansink,BU01640601,Tuindorp 't Lansink,99.6,4,1,unchanged
BU01640602,Tuindorp-Zuid,BU01640602,Tuindorp Zuid,98.9,7,1,split
BU01640603,Bedrijventerrein Twentekanaal-Noord I,BU01640603,Bedrijventerrein Twentekanaal Noord I,100.0,3,1,unchanged
BU01640604,Nijverheid,BU01640604,Nijverheid,98.1,4,1,split
BU01640605,Vikkerhoek,BU01640605,Vikkerhoek,99.9,3,1,unchanged
BU01640606,Bedrijventerrein Zeggershoek,BU01640606,Bedrijventerrein Zeggershoek,100.0,2,1,unchanged
BU01640700,Bedrijventerrein Westermaat-Zuidwest,BU01640700,Bedrijventerrein Westermaat Zuidwest,100.0,5,1,unchanged
BU01640701,Woolde,BU01640701,Woolde,100.0,4,1,unchanged
BU01640702,Woolder Es,BU01640702,Woolder Es,99.1,4,1,unchanged
BU01640703,Weidedorp,BU01640703,Weidedorp,99.7,6,1,unchanged
BU01640704,Bedrijvenpark Westermaat-Zuidoost,BU01640704,Bedrijvenpark Westermaat Zuidoost,98.8,5,1,split
BU01640705,Bedrijventerrein Westermaat-Noordoost,BU01640705,Bedrijventerrein Westermaat Noordoost,100.0,2,1,unchanged
BU01640706,Bedrijventerrein Westermaat-Noordwest,BU01640706,Bedrijventerrein Westermaat Noordwest,100.0,3,1,unchanged
BU01640800,Roershoek,BU01640800,Roershoek,100.0,4,1,unchanged
BU01640801,Vossenbelt-Zuid,BU01640801,Vossenbelt Zuid,100.0,4,1,unchanged
BU01640802,Vossenbelt-Noord,BU01640802,Vossenbelt Noord,99.9,5,1,unchanged
BU01640803,Het Broek,BU01640803,Het Broek,99.5,6,1,unchanged
BU01640804,Kristenbos,BU01640804,Kristenbos,93.4,3,1,split
BU01640805,Dalmeden,BU01640805,Dalmeden,89.6,3,1,split
BU01640900,Beckum kern,BU01640900,Beckum (kern),100.0,2,1,unchanged
BU01640901,Verspreide huizen Slangenbeek,BU01640901,Verspreide huizen Slangenbeek,100.0,3,1,unchanged
BU01640902,Stadspark Weusthag-Noord,BU01640902,Stadspark Weusthag Noord,100.0,3,1,unchanged
BU01640903,Stadspark Weusthag-Zuid,BU01640903,Stadspark Weusthag Zuid,96.0,3,1,split
BU01640904,Verspreide huizen Driene,BU01640904,Verspreide huizen Driene,99.9,4,1,unchanged
BU01640905,Verspreide huizen Twekkelo,BU01640905,Verspreide huizen Twekkelo,100.0,2,1,unchanged
BU01640906,Verspreide huizen Oele,BU01640906,Verspreide huizen Oele,100.0,2,1,unchanged
BU01640907,Verspreide huizen Woolde,BU01640907,Verspreide huizen Woolde,99.6,3,1,unchanged
BU01640909,Verspreide huizen Beckum,BU01640909,Verspreide huizen Beckum,100.0,2,1,unchanged
BU01660000,Binnenstad Kampen,BU01660000,Binnenstad Kampen,100.0,1,1,unchanged
BU01660001,Brunnepe,BU01660001,Brunnepe,100.0,1,1,unchanged
BU01660002,Groene Hart,BU01660002,Groene Hart,100.0,1,1,unchanged
BU01660003,Hanzewijk en Greente,BU01660003,Hanzewijk/Greente,100.0,1,1,unchanged
BU01660004,Kampen-Zuid,BU01660004,Kampen-Zuid,100.0,1,1,unchanged
BU01660005,Flevowijk,BU01660005,Flevowijk,100.0,1,1,unchanged
BU01660006,Industrieterrein Kampen,BU01660006,Industrieterrein Kampen,100.0,1,1,unchanged
BU01660007,Bovenbroek,BU01660007,Bovenbroek,100.0,1,1,unchanged
BU01660008,Cellesbroek,BU01660008,Cellesbroek,100.0,1,1,unchanged
BU01660009,Hagenbroek,BU01660009,Hagenbroek,100.0,1,1,unchanged
BU01660010,De Maten,BU01660010,De Maten,100.0,1,1,unchanged
BU01660011,De Venen,BU01660011,De Venen,100.0,1,1,unchanged
BU01660012,Stationsplein,BU01660012,Stationsplein,100.0,1,1,unchanged
BU01660013,Stationskwartier,BU01660013,Stationskwartier,100.0,1,1,unchanged
BU01660015,Het Onderdijks,BU01660015,Het Onderdijks,100.0,1,1,unchanged
BU01660016,Polder Dronthen,BU01660016,Polder Dronthen,72.0,4,1,split
BU01660017,De Melm,BU01660017,De Melm,99.9,2,1,unchanged
BU01660018,Kampereiland,BU01660018,Kampereiland,99.8,2,1,unchanged
BU01660019,Mandjeswaard,BU01660019,Mandjeswaard,98.3,2,1,split
BU01660300,Ijsselmuiden-Centrum,BU01660300,Centrum IJsselmuiden,99.8,3,1,unchanged
BU01660301,Losselanden,BU01660301,Losse Landen,100.0,1,1,unchanged
BU01660302,Industrieterrein IJsselmuiden,BU01660302,Industrieterrein IJsselmuiden,100.0,1,1,unchanged
BU01660303,De Waard,BU01660303,De Waard,97.5,3,1,split
BU01660304,De Koekoek,BU01660304,De Koekoek,99.1,3,1,unchanged
BU01660305,Oosterholt,BU01660305,Oosterholt,100.0,1,1,unchanged
BU01660306,Sonnenberg,BU01660306,Sonnenberg,96.2,2,1,split
BU01660307,Trekvaart,BU01660307,Trekvaart,100.0,1,1,unchanged
BU01660400,Zalk,BU01660400,Zalk,99.6,2,1,unchanged
BU01660401,Verspreide huizen Zalk,BU01660401,Zalkerbroek,99.9,2,1,unchanged
BU01660500,Wilsum,BU01660500,Wilsum,100.0,1,1,unchanged
BU01660501,Verspreide huizen Wilsum,BU01660501,Buitengebied Wilsum,100.0,1,1,unchanged
BU01660600,Grafhorst,BU01660600,Grafhorst,100.0,1,1,unchanged
BU01660700,Kamperveen,BU01660700,Kamperveen,100.0,4,1,unchanged
BU01660800,'s-Heerenbroek,BU01660800,'s-Heerenbroek,100.0,1,1,unchanged
BU01660900,Verspreide huizen polder Mastenbroek,BU01660900,Polder Mastenbroek,100.0,1,1,unchanged
BU01669997,,BU01669997,Groot binnenwater,98.2,7,1,split
BU01680001,Losser-West,BU01680001,Losser-West,100.0,1,1,unchanged
BU01680002,Bedrijfsterrein Losser,BU01680002,Bedrijfsterrein Losser,100.0,1,1,unchanged
BU01680003,Losser-Oost,BU01680003,Losser-Oost,100.0,1,1,unchanged
BU01680009,Verspreide huizen Losser,BU01680009,Verspreide huizen Losser,100.0,1,1,unchanged
BU01680101,Glane kern,BU01680101,Glane kern,100.0,1,1,unchanged
BU01680102,Glane-beekhoek,BU01680102,Glane-beekhoek,100.0,1,1,unchanged
BU01680109,Verspreide huizen Glane,BU01680109,Verspreide huizen Glane,100.0,1,1,unchanged
BU01680201,Overdinkel kern,BU01680201,Overdinkel kern,100.0,1,1,unchanged
BU01680209,Verspreide huizen Overdinkel,BU01680209,Verspreide huizen Overdinkel,100.0,2,1,unchanged
BU01680301,De Lutte kern,BU01680301,De Lutte kern,100.0,1,1,unchanged
BU01680309,Verspreide huizen De Lutte,BU01680309,Verspreide huizen De Lutte,100.0,1,1,unchanged
BU01680401,Beuningen kern,BU01680401,Beuningen kern,100.0,1,1,unchanged
BU01680409,Verspreide huizen Beuningen,BU01680409,Verspreide huizen Beuningen,100.0,1,1,unchanged
BU01710101,Emmeloord-Centrum-Tussen Gracht en Vaart,BU01710101,Emmeloord-Centrum-Tussen Gracht en Vaart,100.0,1,1,unchanged
BU01710102,Emmeloord-Centrum-Centrum West,BU01710102,Emmeloord-Centrum-Centrum West,100.0,2,1,unchanged
BU01710103,Emmeloord-Centrum-Bos en Gaard,BU01710103,Emmeloord-Centrum-Bos en Gaard,100.0,1,1,unchanged
BU01710104,Emmeloord-Centrum-Centrum Oost,BU01710104,Emmeloord-Centrum-Centrum Oost,100.0,2,1,unchanged
BU01710105,Emmeloord-Revelsant-Noord,BU01710105,Emmeloord-Revelsant-Noord,100.0,1,1,unchanged
BU01710106,Emmeloord-Revelsant-Zuid,BU01710106,Emmeloord-Revelsant-Zuid,100.0,1,1,unchanged
BU01710107,Emmeloord-Espelervaart-Bergenbuurt,BU01710107,Emmeloord-Espelervaart-Bergenbuurt,100.0,1,1,unchanged
BU01710108,Emmeloord-Espelervaart-Rivierenbuurt,BU01710108,Emmeloord-Espelervaart-Rivierenbuurt,100.0,1,1,unchanged
BU01710109,Emmeloord-Espelervaart-Espelervaart West,BU01710109,Emmeloord-Espelervaart-Espelervaart West,100.0,1,1,unchanged
BU01710110,Emmeloord-de Zuidert,BU01710110,Emmeloord-de Zuidert,100.0,1,1,unchanged
BU01710111,Emmeloord-de Erven,BU01710111,Emmeloord-de Erven,100.0,1,1,unchanged
BU01710112,Emmeloord-Waterland,BU01710112,Emmeloord-Waterland,100.0,1,1,unchanged
BU01710113,Emmeloord-Emmelhage-Boswonen,BU01710113,Emmeloord-Emmelhage-Boswonen,100.0,1,1,unchanged
BU01710114,Emmeloord-Emmelhage-Waterwonen/Polderwonen,BU01710114,Emmeloord-Emmelhage-Waterwonen/Polderwonen,100.0,1,1,unchanged
BU01710115,Emmeloord-Bedrijventerrein de Munt,BU01710115,Emmeloord-Bedrijventerrein de Munt,100.0,2,1,unchanged
BU01710116,Emmeloord-Bedrijventerrein Nagelerweg,BU01710116,Emmeloord-Bedrijventerrein Nagelerweg,100.0,1,1,unchanged
BU01710117,Emmeloord-Bedrijventerrein A6,BU01710117,Emmeloord-Bedrijventerrein A6,100.0,1,1,unchanged
BU01710118,Emmeloord-landelijk gebied,BU01710118,Emmeloord-landelijk gebied,100.0,3,1,unchanged
BU01710219,Bant-woonkern,BU01710219,Bant-woonkern,100.0,1,1,unchanged
BU01710220,Bant-bedrijventerrein,BU01710220,Bant-bedrijventerrein,100.0,1,1,unchanged
BU01710221,Bant-landelijk gebied,BU01710221,Bant-landelijk gebied,100.0,2,1,unchanged
BU01710322,Luttelgeest-woonkern,BU01710322,Luttelgeest-woonkern,100.0,1,1,unchanged
BU01710323,Luttelgeest-landelijk gebied,BU01710323,Luttelgeest-landelijk gebied,100.0,1,1,unchanged
BU01710424,Marknesse-woonkern,BU01710424,Marknesse-woonkern,100.0,1,1,unchanged
BU01710425,Marknesse-bedrijventerrein,BU01710425,Marknesse-bedrijventerrein,100.0,1,1,unchanged
BU01710426,Marknesse-landelijk gebied,BU01710426,Marknesse-landelijk gebied,100.0,2,1,unchanged
BU01710527,Kraggenburg-woonkern,BU01710527,Kraggenburg-woonkern,100.0,1,1,unchanged
BU01710528,Kraggenburg-bedrijventerrein,BU01710528,Kraggenburg-bedrijventerrein,100.0,1,1,unchanged
BU01710529,Kraggenburg-bedrijventerrein,BU01710529,Kraggenburg-bedrijventerrein,100.0,1,1,unchanged
BU01710530,Kraggenburg-landelijk gebied,BU01710530,Kraggenburg-landelijk gebied,100.0,3,1,unchanged
BU01710631,Ens-woonkern,BU01710631,Ens-woonkern,100.0,1,1,unchanged
BU01710632,Ens-bedrijventerrein,BU01710632,Ens-bedrijventerrein,100.0,1,1,unchanged
BU01710633,Ens-landelijk gebied,BU01710633,Ens-landelijk gebied,100.0,2,1,unchanged
BU01710734,Nagele-woonkern,BU01710734,Nagele-woonkern,100.0,1,1,unchanged
BU01710735,Nagele-bedrijventerrein,BU01710735,Nagele-bedrijventerrein,100.0,1,1,unchanged
BU01710736,Nagele-landelijk gebied,BU01710736,Nagele-landelijk gebied,100.0,3,1,unchanged
BU01710837,Tollebeek-woonkern,BU01710837,Tollebeek-woonkern,100.0,1,1,unchanged
BU01710838,Tollebeek-bedrijventerrein,BU01710838,Tollebeek-bedrijventerrein,100.0,1,1,unchanged
BU01710839,Tollebeek-landelijk gebied,BU01710839,Tollebeek-landelijk gebied,94.9,4,1,split
BU01710941,Espel-woonkern,BU01710941,Espel-woonkern,100.0,1,1,unchanged
BU01710942,Espel-bedrijventerrein,BU01710942,Espel-bedrijventerrein,100.0,1,1,unchanged
BU01710943,Espel-landelijk gebied,BU01710943,Espel-landelijk gebied,100.0,1,1,unchanged
BU01711045,Creil-woonkern,BU01711045,Creil-woonkern,100.0,1,1,unchanged
BU01711046,Creil-bedrijventerrein,BU01711046,Creil-bedrijventerrein,100.0,1,1,unchanged
BU01711047,Creil-landelijk gebied,BU01711047,Creil-landelijk gebied,100.0,1,1,unchanged
BU01711149,Rutten-woonkern,BU01711149,Rutten-woonkern,100.0,1,1,unchanged
BU01711150,Rutten-bedrijventerrein,BU01711150,Rutten-bedrijventerrein,100.0,1,1,unchanged
BU01711151,Rutten-landelijk gebied,BU01711151,Rutten-landelijk gebied,100.0,2,1,unchanged
BU01711252,Schokland-woonkern,BU01711252,Schokland-woonkern,100.0,1,1,unchanged
BU01719997,,BU01719997,Groot binnenwater,99.7,5,1,unchanged
BU01730100,Binnenstad,BU01730100,Binnenstad,100.0,1,1,unchanged
BU01730200,Het Inslag-De Kleies,BU01730200,Het Inslag-De Kleies,100.0,1,1,unchanged
BU01730300,Glinde-Hooiland,BU01730300,Glinde-Hooiland,100.0,1,1,unchanged
BU01730400,De Meijbree,BU01730400,De Meijbree,100.0,1,1,unchanged
BU01730500,Haerbroek-Scholtenhoek,BU01730500,Haerbroek-Scholtenhoek,100.0,1,1,unchanged
BU01730600,Zuid-Berghuizen,BU01730600,Zuid-Berghuizen,100.0,1,1,unchanged
BU01730700,Hanzepoort,BU01730700,Hanzepoort,100.0,2,1,unchanged
BU01730800,Eekte-Hazewinkel,BU01730800,Eekte-Hazewinkel,100.0,1,1,unchanged
BU01730900,Jufferbeek,BU01730900,Jufferbeek,100.0,1,1,unchanged
BU01731000,Het Hulsbeek,BU01731000,Het Hulsbeek,100.0,1,1,unchanged
BU01731100,De Thij,BU01731100,De Thij,100.0,1,1,unchanged
BU01731200,De Graven Es,BU01731200,De Graven Es,100.0,1,1,unchanged
BU01731300,De Essen,BU01731300,De Essen,100.0,1,1,unchanged
BU01731400,Bekspring,BU01731400,Bekspring,100.0,1,1,unchanged
BU01750100,Ommen Centrum,BU01750101,Kern Ommen - Centrum,88.1,5,1,split
BU01750101,Buurtschap Ommeres,BU01750102,Buurtschap Ommeres,86.6,8,1,split
BU01750102,Kern Ommen - Laarakkers,BU01750103,Kern Ommen - Laarakkers,96.7,8,1,split
BU01750103,Buurtschap Ommen ten zuiden van de Vecht,BU01750104,Buurtschap Ommen ten zuiden van de Vecht,96.2,9,1,split
BU01750104,Kern Ommen - Industrieterrein,BU01750105,Kern Ommen - Industrieterrein,98.2,9,1,split
BU01750105,Buurtschap Junne,BU01750106,Buurtschap Junne,94.9,7,1,split
BU01750106,Buurtschap Eerde,BU01750107,Buurtschap Eerde,98.6,4,1,split
BU01750107,Buurtschap Bestmen,BU01750108,Buurtschap Besthmen,98.7,9,1,split
BU01750108,Buurtschap Varsen,BU01750109,Buurtschap Varsen,98.3,7,1,split
BU01750109,Buurtschap Ommerbos - Ommerkanaal,BU01750110,Buurtschap Ommerbos-Ommerkanaal,98.9,9,1,split
BU01750110,Buurtschap Emsland,BU01750111,Buurtschap Emsland,98.5,4,1,split
BU01750111,Buurtschap Zeesse,BU01750112,Buurtschap Zeesse,97.4,5,1,split
BU01750112,Kern Ommen Zuid - ten noorden van het spoor,BU01750113,Kern Ommen - Zuid - ten noorden v spoor,97.1,6,1,split
BU01750113,Kern Ommen Zuid - ten zuiden van het spoor,BU01750114,Kern Ommen - Zuid - ten zuiden v spoor,94.6,4,1,split
BU01750114,Kern Ommen - Dante Noord,BU01750115,Kern Ommen - Dante noord,94.0,7,1,split
BU01750115,Kern Ommen - Dante Zuid,BU01750116,Kern Ommen - Dante zuid,98.5,4,1,split
BU01750116,Kern Ommen - Zeeheldenbuurt - Lodderholt,BU01750117,Kern Ommen - Zeeheldenbuurt - Lodderholt,97.9,7,1,split
BU01750117,Kern Ommen - Strangen,BU01750118,Kern Ommen - Strangen,97.6,4,1,split
BU01750118,Kern Ommen - Alteveer Wonen 5-6,BU01750119,Kern Ommen - Alteveer Wonen 5-6,97.5,7,1,split
BU01750119,Kern Ommen - Rotbrink,BU01750120,Kern Ommen - Rotbrink,98.6,5,1,split
BU01750120,Kern Ommen - Alteveer Wonen 1-4,BU01750121,Kern Ommen - Alteveer wonen 1-4,96.6,5,1,split
BU01750121,Kern Ommen - Alteveer Bedrijven,BU01750122,Kern Ommen - Alteveer Bedrijven,93.6,6,1,split
BU01750122,Kern Ommen - Alteveer Voorzieningen,BU01750123,Kern Ommen - Alteveer Voorzieningen,98.6,4,1,split
BU01750123,Kern Ommen - Havengebied,BU01750124,Kern Ommen - Havengebied,94.3,4,1,split
BU01750200,Buurtschap Arriën Sportpark Westbroek,BU01750126,Kern Ommen - sportpark Westbroek,99.9,2,1,recoded
BU01750201,Buurtschap Arriërveld,BU01750202,Buurtschap Arrienveld,91.0,5,1,split
BU01750202,Buurtschap Arriën,BU01750201,Buurtschap Arrien,91.5,12,1,split
BU01750300,Buurtschap Beerze,BU01750301,Buurtschap Beerze,95.4,4,1,split
BU01750400,Kern Beerzerveld,BU01750401,Kern Beerzerveld,97.7,2,1,split
BU01750401,Kern Kloosterdijk,BU01750402,Kern Kloosterdijk,99.5,2,1,recoded
BU01750402,Buurtschap Beerzerveld,BU01750403,Buurtschap Beerzerveld,97.9,5,1,split
BU01750500,Buurtschap Dalmsholte,BU01750501,Buurtschap Dalmsholte,95.1,5,1,split
BU01750600,Buurtschap Giethmen,BU01750601,Buurtschap Giethmen,99.4,6,1,recoded
BU01750700,Kern Lemele,BU01750701,Kern Lemele,97.7,3,1,split
BU01750701,Buurtschap Lemele,BU01750702,Buurtschap Lemele,98.7,4,1,split
BU01750702,Buurtschap Archem,BU01750703,Buurtschap Archem,97.5,6,1,split
BU01750800,Buurtschap Stegerveld,BU01750802,Buurtschap Stegerveld,99.6,4,1,recoded
BU01750801,Buurtschap Stegeren,BU01750801,Buurtschap Stegeren,98.2,5,1,split
BU01750900,Kern Vilsteren,BU01750901,Kern Vilsteren,89.5,2,1,split
BU01750901,Buurtschap Vilsteren,BU01750902,Buurtschap Vilsteren,98.4,6,1,split
BU01751000,Buurtschap Vinkenbuurt,BU01751001,Buurtschap Vinkenbuurt,99.1,4,1,recoded
BU01751001,Buurtschap Ommerschans,BU01751002,Buurtschap Ommerschans,99.4,3,1,recoded
BU01751100,Kern Witharen,BU01751101,Kern Witharen,96.8,2,1,split
BU01751101,Buurtschap Witharen,BU01751102,Buurtschap Witharen,99.3,7,1,recoded
BU01751102,Buurtschap Ommerveld,BU01751103,Buurtschap Ommerveld,97.8,4,1,split
BU01770000,Raalte Centrum,BU01770101,Raalte Centrum,64.2,8,1,split
BU01770001,De Enk en industrieterrein-Noordoost,BU01770110,De Enk,97.7,7,1,split
BU01770002,Blekkershoek,BU01770102,Blekkerhoek,90.0,4,1,split
BU01770003,De Hofstee,BU01770103,Drostenkamp,99.1,2,1,recoded
BU01770004,Westdorp,BU01770104,Westdorp,87.6,6,1,split
BU01770005,De Olykampen,BU01770105,De Olykampen,95.8,6,1,split
BU01770006,Hartkamp I,BU01770106,Hartkamp,97.7,3,2,merged
BU01770007,Langkamp II,BU01770107,Langkamp,99.2,5,2,recoded
BU01770008,Langkamp I,BU01770107,Langkamp,99.3,2,2,recoded
BU01770100,Industriegebied De Zegge I en II,BU01770116,De Zegge,91.6,6,1,split
BU01770101,Industriegebied De Zegge III,BU01770117,De Hees,98.9,3,1,split
BU01770102,Plan De Vloedkampen,BU01770108,De Vloedkampen,57.5,4,1,split
BU01770103,Hartkamp II,BU01770106,Hartkamp,98.1,4,2,merged
BU01770104,Drostenkamp en Tijenraan,BU01770109,Tijenraan,63.4,6,1,split
BU01770105,Raan-West,BU01770112,Het Raan West,93.6,3,1,split
BU01770106,Raan-Oost,BU01770111,Het Raan Oost,93.8,3,1,split
BU01770107,Het Overstigt,BU01770113,Het Overstigt,75.1,5,1,split
BU01770109,Verspreide huizen buitengebied,BU01770119,Buitengebied Raalte,94.3,17,2,merged
BU01770200,Heeten-Kern,BU01770509,Buitengebied Heeten,59.9,2,2,merged
BU01770209,Verspreide huizen Heeten,BU01770509,Buitengebied Heeten,95.8,5,2,merged
BU01770300,Luttenberg-Kern,BU01770201,Luttenberg Kern,64.6,2,1,split
BU01770308,Verspreide huizen Luttenberg I,BU01770209,Buitengebied Luttenberg,92.5,4,2,merged
BU01770309,Verspreide huizen Luttenberg II,BU01770209,Buitengebied Luttenberg,100.0,1,2,recoded
BU01770400,Broekland-Kern,BU01770609,Buitengebied Broekland,70.7,2,3,merged
BU01770407,Verspreide huizen Broekland I,BU01770119,Buitengebied Raalte,100.0,1,2,recoded
BU01770408,Verspreide huizen Broekland II,BU01770609,Buitengebied Broekland,98.5,3,3,merged
BU01770409,Verspreide huizen Broekland III,BU01770609,Buitengebied Broekland,95.1,3,3,merged
BU01770500,Mariënheem-Kern,BU01770301,Mariënheem Kern,53.6,2,1,split
BU01770507,Verspreide huizen Mariënheem I,BU01770309,Buitengebied Mariënheem,92.9,3,3,merged
BU01770508,Verspreide huizen Mariënheem II,BU01770309,Buitengebied Mariënheem,94.9,5,3,merged
BU01770509,Verspreide huizen Mariënheem III,BU01770309,Buitengebied Mariënheem,98.4,6,3,merged
BU01770600,Nieuw Heeten,BU01770409,Buitengebied Nieuw Heeten,78.5,2,2,merged
BU01770609,Verspreide huizen Nieuw Heeten,BU01770409,Buitengebied Nieuw Heeten,98.5,2,2,merged
BU01770800,Heino-West,BU01770702,De Kampen,35.5,6,1,split
BU01770801,Heino-Oost,BU01770701,Heino Centrum,61.1,5,1,split
BU01770802,Heino-Noord,BU01770709,Buitengebied Heino,51.3,4,6,merged
BU01770803,Heino-Zuid,BU01770703,Heino Zuid,96.5,3,1,split
BU01770806,Verspreide huizen Twentseweg en omgeving,BU01770709,Buitengebied Heino,99.7,2,6,recoded
BU01770807,Verspreide huizen Veldhoek,BU01770709,Buitengebied Heino,95.2,4,6,merged
BU01770808,Verspreide huizen Rozendaal,BU01770709,Buitengebied Heino,100.0,2,6,recoded
BU01770809,Verspreide huizen Woolthuis,BU01770709,Buitengebied Heino,98.0,3,6,merged
BU01770900,Laag Zuthem-Kern,BU01770901,Laag Zuthem Kern,64.4,2,1,split
BU01770909,Verspreide huizen Laag Zuthem,BU01770909,Buitengebied Laag Zuthem,98.9,3,1,split
BU01771000,Lierderholthuis-Kern,BU01770801,Lierderholthuis Kern,77.6,2,1,split
BU01771008,Verspreide huizen Lierderholthuis,BU01770809,Buitengebied Lierderholthuis,60.2,5,1,split
BU01771009,Verspreide huizen Molenweg en omgeving,BU01770709,Buitengebied Heino,81.2,6,6,merged
BU01800000,Staphorst plan-Oost,BU01800000,Staphorst streek,84.8,4,2,merged
BU01800001,Staphorst plan-West,BU01800000,Staphorst streek,54.5,5,2,merged
BU01800002,Staphorst streek-West,BU01800002,Staphorst streek-West,98.5,6,1,split
BU01800003,Staphorst streek-Oost,BU01800003,Staphorst streek-Oost,99.1,5,1,unchanged
BU01800004,Industrieterrein Staphorst,BU01800004,Industrieterrein Staphorst,94.0,7,1,split
BU01800005,Staphorst-Zuid,BU01800005,Staphorst-Zuid,77.5,5,1,split
BU01800006,Staphorst-Noord,BU01800006,Staphorst-Noord,94.5,6,1,split
BU01800007,De Slagen,BU01800007,De Slagen,98.4,4,1,split
BU01800100,Rouveen kern,BU01800100,Rouveen kern,97.2,4,1,split
BU01800101,Rouveen Streek-Zuid,BU01800101,Rouveen Streek-Zuid,94.9,6,1,split
BU01800102,Rouveen Streek-Noord,BU01800102,Rouveen Streek-Noord,98.2,7,1,split
BU01800206,Verspreide huizen Dedemsvaart,BU01800206,Verspreide huizen Dedemsvaart,97.9,5,1,split
BU01800207,Verspreide huizen Bisschops- en Munnikenslag,BU01800207,Verspreide huizen Bisschops- en Munnikenslag,60.5,7,1,split
BU01800208,Verspreide huizen Geerenland,BU01800210,Verspreide huizen Rouveen,66.4,6,1,split
BU01800209,Verspreide huizen Oldmaten,BU01800209,Verspreide huizen Oldematen,52.7,6,2,merged
BU01800305,Verspreide huizen Lankhorst,BU01800305,Verspreide huizen Lankhorst,100.0,1,2,unchanged
BU01800306,Verspreide huizen Leyen,BU01800306,Verspreide huizen Leyen,80.9,5,1,split
BU01800307,Verspreide huizen Berger Achthoven en omgeving,BU01800307,Verspreide huizen Achthoven en Leidijk,81.2,9,1,split
BU01800308,Verspreide huizen Heidehoogten,BU01800308,Verspreide huizen Heidehoogten,99.6,4,1,unchanged
BU01800309,Verspreide huizen Rechterensweg en omgeving,BU01800309,Verspreide huizen Rechterensweg en omgeving,92.5,6,1,split
BU01800400,IJhorst,BU01800400,IJhorst,93.5,2,1,split
BU01800409,Verspreide huizen IJhorst,BU01800409,Verspreide huizen IJhorst,57.3,5,1,split
BU01800509,Verspreide huizen Punthorst,BU01800509,Verspreide huizen Punthorst,99.2,5,1,unchanged
BU01800609,Verspreide huizen Lankhorst,BU01800305,Verspreide huizen Lankhorst,100.0,1,2,recoded
BU01800709,Verspreide huizen Zwartewatersklooster en Holtrust,BU01800209,Verspreide huizen Oldematen,100.0,1,2,recoded
BU01830000,Tubbergen-Dorp,BU01830009,Verspreide huizen Tubbergen,45.6,5,2,merged
BU01830008,Verspreide huizen Manderveen,BU01830909,Verspreide huizen Manderveen,96.4,5,1,split
BU01830009,Verspreide huizen Tubbergen,BU01830009,Verspreide huizen Tubbergen,95.3,12,2,merged
BU01830100,Albergen kern,BU01830101,Albergen noord,34.3,4,1,split
BU01830109,Verspreide huizen Albergen,BU01830109,Verspreide huizen Albergen,97.7,7,1,split
BU01830200,Harbrinkhoek kern,BU01830200,Harbrinkhoek kern,57.7,3,1,split
BU01830201,Mariaparochie,BU01830800,Mariaparochie,80.2,2,1,split
BU01830209,Verspreide huizen Harbrinkhoek,BU01830209,Verspreide huizen Harbrinkhoek,96.3,6,1,split
BU01830300,Geesteren kern,BU01830301,Geesteren noord,37.8,4,1,split
BU01830309,Verspreide huizen Geesteren,BU01830309,Verspreide huizen Geesteren,98.2,8,1,split
BU01830400,Langeveen kern,BU01830409,Verspreide huizen Langeveen,58.2,2,2,merged
BU01830409,Verspreide huizen Langeveen,BU01830409,Verspreide huizen Langeveen,98.5,4,2,merged
BU01830500,Vasse kern,BU01830500,Vasse kern,56.8,3,1,split
BU01830507,Verspreide huizen Hezingen,BU01831109,Verspreide huizen Hezingen,99.9,3,1,recoded
BU01830508,Verspreide huizen Vasse,BU01830508,Verspreide huizen Vasse,94.1,6,1,split
BU01830509,Verspreide huizen Mander,BU01831009,Verspreide huizen Mander,98.2,6,1,split
BU01830600,Reutum kern,BU01830609,Verspreide huizen Reutum,55.1,2,2,merged
BU01830608,Verspreide huizen Haarle,BU01831209,Verspreide huizen Haarle,94.2,4,1,split
BU01830609,Verspreide huizen Reutum,BU01830609,Verspreide huizen Reutum,98.6,5,2,merged
BU01830700,Fleringen kern,BU01830709,Verspreide huizen Fleringen,59.4,2,2,merged
BU01830709,Verspreide huizen Fleringen,BU01830709,Verspreide huizen Fleringen,97.9,5,2,merged
BU01840000,Urk-Kom,BU01840000,Urk-Kom,99.6,2,1,unchanged
BU01840002,Toppad,BU01840002,Toppad,100.0,1,1,unchanged
BU01840003,Urk-Noord,BU01840003,Urk-Noord,100.0,1,1,unchanged
BU01840004,Havens en industrieterrein,BU01840004,Havens en industrieterrein,100.0,2,1,unchanged
BU01840006,De Reede,BU01840006,De Reede,100.0,1,1,unchanged
BU01840007,Urkerhard,BU01840007,Urkerhard,100.0,1,1,unchanged
BU01840008,De Top,BU01840008,De Top,100.0,1,1,unchanged
BU01840009,Buitengebied,BU01840009,Buitengebied,100.0,1,1,unchanged
BU01840010,De Staart,BU01840010,De Staart,100.0,1,1,unchanged
BU01840011,Urkerland,BU01840011,Urkerland,100.0,1,1,unchanged
BU01840015,Industrieterrein II,BU01840015,Industrieterrein II,100.0,1,1,unchanged
BU01849997,,BU01849997,Groot binnenwater,99.2,5,1,unchanged
BU01890000,Wierden-Centrum,BU01890000,Wierden-Centrum,100.0,1,1,unchanged
BU01890001,Wierden-Noord,BU01890001,Wierden-Noord,100.0,1,1,unchanged
BU01890002,Wierden-West,BU01890002,Wierden-West,100.0,1,1,unchanged
BU01890003,De Maaten,BU01890003,De Maaten,100.0,1,1,unchanged
BU01890004,Wierden-Oost,BU01890004,Wierden-Oost,100.0,1,1,unchanged
BU01890005,De Stouwe,BU01890005,De Stouwe,100.0,1,1,unchanged
BU01890006,'t Loo,BU01890006,'t Loo,100.0,1,1,unchanged
BU01890007,De Hooilanden,BU01890007,De Hooilanden,100.0,1,1,unchanged
BU01890008,Zuidbroek,BU01890008,Zuidbroek,100.0,1,1,unchanged
BU01890105,Verspreide huizen Lage Egge en omgeving,BU01890105,Verspreide huizen Lage Egge en omgeving,100.0,1,1,unchanged
BU01890106,Verspreide huizen Broeklanden,BU01890106,Verspreide huizen Broeklanden,100.0,1,1,unchanged
BU01890107,Verspreide huizen Huurne I,BU01890107,Verspreide huizen Huurne I,100.0,1,1,unchanged
BU01890108,Verspreide huizen Huurne II,BU01890108,Verspreide huizen Huurne II,100.0,1,1,unchanged
BU01890109,Verspreide huizen Wierdenseveld,BU01890109,Verspreide huizen Wierdenseveld,100.0,1,1,unchanged
BU01890200,Hooge-Hexel kern,BU01890200,Hooge-Hexel kern,100.0,1,1,unchanged
BU01890209,Verspreide huizen Hooge-Hexel,BU01890209,Verspreide huizen Hooge-Hexel,100.0,1,1,unchanged
BU01890300,Enter-Zuidwest,BU01890300,Enter-Zuidwest,100.0,1,1,unchanged
BU01890301,Enter-Noordwest,BU01890301,Enter-Noordwest,100.0,1,1,unchanged
BU01890302,Enter-Oost,BU01890302,Enter-Oost,100.0,1,1,unchanged
BU01890303,Enter-West,BU01890303,Enter-West,100.0,1,1,unchanged
BU01890405,Verspreide huizen IJpelo,BU01890405,Verspreide huizen IJpelo,100.0,1,1,unchanged
BU01890406,Verspreide huizen Waterhoek,BU01890406,Verspreide huizen Waterhoek,100.0,1,1,unchanged
BU01890407,Verspreide huizen Enterveen en Elsslagen,BU01890407,Verspreide huizen Enterveen en Elsslagen,100.0,1,1,unchanged
BU01890408,Verspreide huizen Zuiderveld,BU01890408,Verspreide huizen Zuiderveld,100.0,1,1,unchanged
BU01890409,Verspreide huizen Enterbroek en omgeving,BU01890409,Verspreide huizen Enterbroek en omgeving,100.0,1,1,unchanged
BU01890507,Verspreide huizen Rectum,BU01890507,Verspreide huizen Rectum,100.0,1,1,unchanged
BU01890508,Verspreide huizen Notter,BU01890508,Verspreide huizen Notter,100.0,1,1,unchanged
BU01890509,Verspreide huizen Zuna,BU01890509,Verspreide huizen Zuna,100.0,1,1,unchanged
BU01931000,Binnenstad-Zuid,BU01931000,Binnenstad-Zuid,100.0,1,1,unchanged
BU01931010,Binnenstad-Noord,BU01931010,Binnenstad-Noord,100.0,1,1,unchanged
BU01931020,Noordereiland,BU01931020,Noordereiland,100.0,1,1,unchanged
BU01931100,Het Noorden,BU01931100,Het Noorden,100.0,1,1,unchanged
BU01931110,Schildersbuurt,BU01931110,Schildersbuurt,100.0,1,1,unchanged
BU01931120,Bollebieste,BU01931120,Bollebieste,100.0,1,1,unchanged
BU01931130,Dieze-Centrum,BU01931130,Dieze-Centrum,100.0,1,1,unchanged
BU01931140,Bagijneweide,BU01931140,Bagijneweide,100.0,1,1,unchanged
BU01931150,Hogenkamp,BU01931150,Hogenkamp,100.0,1,1,unchanged
BU01931160,Indischebuurt,BU01931160,Indischebuurt,100.0,1,1,unchanged
BU01931170,Meppelerstraatweg-Zuid,BU01931170,Meppelerstraatweg-Zuid,100.0,1,1,unchanged
BU01931180,Bedrijventerrein Floresstraat,BU01931180,Bedrijventerrein Floresstraat,100.0,1,1,unchanged
BU01931200,Wipstrik-Noord,BU01931200,Wipstrik-Noord,100.0,1,1,unchanged
BU01931210,Wipstrik-Zuid,BU01931210,Wipstrik-Zuid,100.0,1,1,unchanged
BU01931300,Stationsbuurt,BU01931300,Stationsbuurt,100.0,1,1,unchanged
BU01931310,Oud-Assendorp,BU01931310,Oud-Assendorp,100.0,1,1,unchanged
BU01931320,Nieuw-Assendorp,BU01931320,Nieuw-Assendorp,100.0,1,1,unchanged
BU01931330,Wezenlanden,BU01931330,Wezenlanden,100.0,1,1,unchanged
BU01931340,Pierik,BU01931340,Pierik,100.0,1,1,unchanged
BU01931350,Bedrijventerrein Marslanden-Noord,BU01931350,Bedrijventerrein Marslanden-Noord,100.0,1,1,unchanged
BU01931360,Hanzeland,BU01931360,Hanzeland,100.0,1,1,unchanged
BU01931400,Kamperpoort,BU01931400,Kamperpoort,100.0,1,1,unchanged
BU01931410,Veerallee,BU01931410,Veerallee,100.0,1,1,unchanged
BU01932000,Bedrijventerrein Voorst-A,BU01932000,Bedrijventerrein Voorst-A,100.0,1,1,unchanged
BU01932010,Bedrijventerrein Voorst-B,BU01932010,Bedrijventerrein Voorst-B,100.0,1,1,unchanged
BU01932020,Spoolde,BU01932020,Spoolde,100.0,1,1,unchanged
BU01932100,Oud-Westenholte,BU01932100,Oud-Westenholte,100.0,1,1,unchanged
BU01932110,Westenholte-Stins,BU01932110,Westenholte-Stins,100.0,1,1,unchanged
BU01932120,Vreugderijk,BU01932120,Vreugderijk,100.0,1,1,unchanged
BU01932130,Bedrijventerrein Voorst-C,BU01932130,Bedrijventerrein Voorst-C,100.0,1,1,unchanged
BU01932140,Bedrijventerrein Voorst-D,BU01932140,Bedrijventerrein Voorst-D,100.0,1,1,unchanged
BU01932200,Frankhuis,BU01932200,Frankhuis,100.0,1,1,unchanged
BU01932210,Mastenbroek,BU01932210,Mastenbroek,100.0,1,1,unchanged
BU01932220,Schoonhorst,BU01932220,Schoonhorst,100.0,1,1,unchanged
BU01932230,Werkeren,BU01932230,Werkeren,100.0,1,1,unchanged
BU01932240,Millingen,BU01932240,Milligen,94.6,2,1,split
BU01932250,Tippe bij de Ijssel,BU01932250,Tippe bij de IJssel,100.0,1,1,unchanged
BU01932260,Breecamp,BU01932260,Breecamp,100.0,2,1,unchanged
BU01932270,Breezicht,BU01932270,Breezicht,100.0,2,1,unchanged
BU01932280,Stadsbroek,BU01932280,Stadsbroek,100.0,1,1,unchanged
BU01933000,Holtenbroek IV,BU01933000,Holtenbroek IV,100.0,1,1,unchanged
BU01933010,Holtenbroek I,BU01933010,Holtenbroek I,100.0,1,1,unchanged
BU01933020,Holtenbroek II,BU01933020,Holtenbroek II,100.0,1,1,unchanged
BU01933030,Holtenbroek III,BU01933030,Holtenbroek III,100.0,1,1,unchanged
BU01933100,Aalanden-Zuid,BU01933100,Aa-landen-Zuid,100.0,1,1,unchanged
BU01933110,Aalanden-Midden,BU01933110,Aa-landen-Midden,100.0,1,1,unchanged
BU01933120,Aalanden-Noord,BU01933120,Aa-landen-Noord,100.0,1,1,unchanged
BU01933130,Aalanden-Oost,BU01933130,Aa-landen-Oost,100.0,1,1,unchanged
BU01933200,Brinkhoek,BU01933200,Brinkhoek,100.0,1,1,unchanged
BU01933210,Langenholte,BU01933210,Langenholte,100.0,1,1,unchanged
BU01933220,Haerst,BU01933220,Haerst,100.0,1,1,unchanged
BU01934000,Berkum,BU01934000,Berkum,100.0,1,1,unchanged
BU01934010,Bedrijventerrein de Vrolijkheid,BU01934010,Bedrijventerrein de Vrolijkheid,100.0,1,1,unchanged
BU01934020,Veldhoek,BU01934020,Veldhoek,100.0,1,1,unchanged
BU01934030,Kantorenterrein-Oosterenk,BU01934030,Kantorenterrein Oosterenk,100.0,1,1,unchanged
BU01934040,Bedrijventerrein Hessenpoort,BU01934040,Bedrijventerrein Hessenpoort,100.0,1,1,unchanged
BU01934050,Tolhuislanden,BU01934050,Tolhuislanden,100.0,1,1,unchanged
BU01934100,Herfte,BU01934100,Herfte,100.0,2,1,unchanged
BU01934110,Bedrijventerrein Marslanden-Zuid,BU01934110,Bedrijventerrein Marslanden-Zuid,100.0,1,1,unchanged
BU01934120,Wijthmen,BU01934120,Wijthmen,100.0,1,1,unchanged
BU01935000,Oud Schelle,BU01935000,Oud-Schelle,100.0,1,1,unchanged
BU01935010,Schellerhoek,BU01935010,Schellerhoek,100.0,1,1,unchanged
BU01935020,Schellerbroek,BU01935020,Schellerbroek,100.0,1,1,unchanged
BU01935030,Schellerlanden,BU01935030,Schellerlanden,100.0,1,1,unchanged
BU01935040,Oldenelerlanden-Oost,BU01935040,Oldenelerlanden-Oost,100.0,1,1,unchanged
BU01935050,Oldenelerlanden-West,BU01935050,Oldenelerlanden-West,100.0,1,1,unchanged
BU01935060,Oldenelerbroek,BU01935060,Oldenelerbroek,100.0,1,1,unchanged
BU01935070,Schelle-Zuid en Oldeneel,BU01935070,Schelle-Zuid en Oldeneel,100.0,2,1,unchanged
BU01935080,Katerveer-Engelse Werk,BU01935080,Katerveer-Engelse werk,100.0,1,1,unchanged
BU01935100,Oud Ittersum,BU01935100,Oud-Ittersum,100.0,1,1,unchanged
BU01935110,Ittersumerlanden,BU01935110,Ittersumerlanden,100.0,1,1,unchanged
BU01935120,Ittersumerbroek,BU01935120,Ittersumerbroek,100.0,1,1,unchanged
BU01935130,Geren,BU01935130,Geren,100.0,1,1,unchanged
BU01935140,Gerenlanden,BU01935140,Gerenlanden,100.0,1,1,unchanged
BU01935150,Gerenbroek,BU01935150,Gerenbroek,100.0,1,1,unchanged
BU01935160,Oude Mars,BU01935160,Oude Mars,100.0,1,1,unchanged
BU01935200,Windesheim,BU01935200,Windesheim,100.0,1,1,unchanged
BU01935210,Harculo en Hoogzutmen,BU01935210,Harculo en Hoog-Zuthem,100.0,1,1,unchanged
BU01960000,Lobith,BU02990900,Lobith,100.0,1,1,recoded (gemeente change)
BU01960001,Tolkamer,BU02991000,Tolkamer,100.0,3,1,recoded (gemeente change)
BU01960002,Spijk,BU02991100,Spijk,99.7,2,1,recoded (gemeente change)
BU01960003,Herwen,BU02990800,Herwen,97.8,2,1,split
BU01960004,Aerdt,BU02990701,Buitengebied Aerdt,99.9,2,1,recoded (gemeente change)
BU01960005,Verspreide huizen Spijk,BU02991101,Buitengebied Lobith/Spijk,100.0,1,2,recoded (gemeente change)
BU01960006,Verspreide huizen Herwen,BU02990801,Buitengebied Herwen,83.7,4,2,merged
BU01960007,Verspreide huizen Aerdt,BU02990700,Aerdt,90.0,4,2,merged
BU01960008,Verspreide huizen Gelderse Waard,BU02990500,Rijnstrangen,100.0,6,3,recoded (gemeente change)
BU01960009,Verspreide huizen Geitenwaard,BU02990700,Aerdt,99.7,2,2,recoded (gemeente change)
BU01960010,Verspreide huizen Bijland,BU02991001,De Bijland,96.6,4,1,split
BU01960011,Verspreide huizen Reimerswaard,BU02990500,Rijnstrangen,62.0,2,3,merged
BU01960012,Verspreide huizen Ossenwaard,BU02990801,Buitengebied Herwen,62.1,5,2,merged
BU01960013,Verspreide huizen Spijkse Buitenland,BU02991101,Buitengebied Lobith/Spijk,100.0,2,2,recoded (gemeente change)
BU01960100,Pannerden,BU02990600,Pannerden,75.9,3,1,split
BU01960101,Verspreide huizen Pannerden,BU02990601,Buitengebied Pannerden,84.3,3,2,merged
BU01960108,Verspreide huizen Pannerdense Waard,BU02990500,Rijnstrangen,100.0,2,3,recoded (gemeente change)
BU01960109,Verspreide huizen Lobberdense Waard,BU02990601,Buitengebied Pannerden,100.0,4,2,recoded (gemeente change)
BU01970101,Barlo-Kern,BU01970101,Barlo-Kern,100.0,2,1,unchanged
BU01970102,Verspreide huizen Barlo,BU01970102,Verspreide huizen Barlo,100.0,1,1,unchanged
BU01970103,Verspreide huizen Heurne,BU01970103,Verspreide huizen Heurne,100.0,1,1,unchanged
BU01970104,Verspreide huizen IJzerlo,BU01970104,Verspreide huizen IJzerlo,100.0,1,1,unchanged
BU01970105,Ijzerlo-kern,BU01970105,IJzerlo-kern,100.0,1,1,unchanged
BU01970106,Lintelo-kern,BU01970106,Lintelo-kern,100.0,1,1,unchanged
BU01970107,Verspreide huizen ten westen van Aalten,BU01970107,Verspreide huizen ten westen van Aalten,100.0,1,1,unchanged
BU01970108,Verspreide huizen Lintelo,BU01970108,Verspreide huizen Lintelo,100.0,1,1,unchanged
BU01970109,Verspreide huizen Dalese Veld,BU01970109,Verspreide huizen Dalese Veld,100.0,1,1,unchanged
BU01970110,Verspreide huizen Dale,BU01970110,Verspreide huizen Dale,100.0,1,1,unchanged
BU01970111,Verspreide huizen Haart,BU01970111,Verspreide huizen Haart,100.0,1,1,unchanged
BU01970112,Haart-kern,BU01970112,Haart-kern,100.0,1,1,unchanged
BU01970201,Verspreide huizen Bredevoort,BU01970201,Verspreide huizen Bredevoort,100.0,1,1,unchanged
BU01970202,Verspreide huizen Hollenberg,BU01970202,Verspreide huizen Hollenberg,100.0,1,1,unchanged
BU01970203,Verspreide huizen Het Zwanenbroek,BU01970203,Verspreide huizen Het Zwanenbroek,100.0,1,1,unchanged
BU01970204,Bredevoort,BU01970204,Bredevoort,100.0,1,1,unchanged
BU01970301,Aalten-kern West,BU01970301,Aalten-kern West,100.0,3,1,unchanged
BU01970302,Aalten-kern Zuid 1,BU01970302,Aalten-kern Zuid 1,100.0,1,1,unchanged
BU01970303,Aalten-kern Zuid 2,BU01970303,Aalten-kern Zuid 2,100.0,1,1,unchanged
BU01970304,Aalten-kern Noord/Noordoost,BU01970304,Aalten-kern Noord/Noordoost,100.0,1,1,unchanged
BU01970305,Aalten Kern 't Kobus,BU01970305,Aalten Kern 't Kobus,100.0,1,1,unchanged
BU01970306,Aalten-kern Oost,BU01970306,Aalten-kern Oost,100.0,1,1,unchanged
BU01970307,Aalten-kern Centrum,BU01970307,Aalten-kern Centrum,100.0,1,1,unchanged
BU01970400,Dinxperlo Centrum/Oost,BU01970400,Dinxperlo Centrum/Oost,100.0,1,1,unchanged
BU01970401,Dinxperlo Noord,BU01970401,Dinxperlo Noord,100.0,1,1,unchanged
BU01970402,Dinxperlo West,BU01970402,Dinxperlo West,99.9,1,1,unchanged
BU01970403,De Heurne-kern,BU01970403,De Heurne-kern,100.0,1,1,unchanged
BU01970408,Verspreide huizen Dinxperlo,BU01970408,Verspreide huizen Dinxperlo,100.0,1,1,unchanged
BU01970409,Verspreide huizen De Heurne,BU01970409,Verspreide huizen De Heurne,100.0,1,1,unchanged
BU02000101,Binnenstad,BU02000101,Binnenstad,98.8,2,1,split
BU02000102,De Haven,BU02000102,De Haven,97.2,4,1,split
BU02000201,Brinkhorst,BU02000201,Brinkhorst,100.0,2,1,unchanged
BU02000202,Sprengenweg-Noord,BU02000202,Sprengenweg-Noord,100.0,1,1,unchanged
BU02000203,Sprengenbos,BU02000203,Sprengenbos,100.0,2,1,unchanged
BU02000204,Berg en Bos,BU02000204,Berg en Bos,100.0,1,1,unchanged
BU02000205,Driehuizen,BU02000205,Driehuizen,100.0,3,1,unchanged
BU02000206,Orden,BU02000206,Orden,100.0,3,1,unchanged
BU02000207,Park Berg en Bos,BU02000207,Park Berg en Bos,100.0,1,1,unchanged
BU02000301,Ugchelen,BU02000301,Ugchelen,100.0,1,1,unchanged
BU02000302,Ugchelen-Zuid,BU02000302,Ugchelen-Zuid,99.9,2,1,unchanged
BU02000303,De Heeze,BU02000303,De Heeze,100.0,1,1,unchanged
BU02000304,Westenenk,BU02000304,Westenenk,100.0,1,1,unchanged
BU02000305,Winkewijert,BU02000305,Winkewijert,100.0,1,1,unchanged
BU02000306,De Bouwhof,BU02000306,De Bouwhof,100.0,1,1,unchanged
BU02000307,Brouwersmolen-Noord,BU02000307,Brouwersmolen-Noord,100.0,2,1,unchanged
BU02000308,Dennenheuvel,BU02000308,Dennenheuvel,100.0,1,1,unchanged
BU02000309,Holthuizen,BU02000309,Holthuizen,100.0,2,1,unchanged
BU02000310,Brouwersmolen-Zuid,BU02000310,Brouwersmolen-Zuid,100.0,1,1,unchanged
BU02000311,Wernem,BU02000311,Wernem,100.0,1,1,unchanged
BU02000401,Brummelhof,BU02000401,Brummelhof,100.0,2,1,unchanged
BU02000402,Vogelkwartier,BU02000402,Vogelkwartier,100.0,1,1,unchanged
BU02000403,Staatsliedenkwartier,BU02000403,Staatsliedenkwartier,100.0,1,1,unchanged
BU02000404,Componistenkwartier,BU02000404,Componistenkwartier,100.0,1,1,unchanged
BU02000405,Rivierenkwartier,BU02000405,Rivierenkwartier,100.0,1,1,unchanged
BU02000406,Malkenschoten,BU02000406,Malkenschoten,100.0,1,1,unchanged
BU02000407,Kayersmolen-Noord,BU02000407,Kayersmolen-Noord,100.0,1,1,unchanged
BU02000408,Kayersmolen-Midden,BU02000408,Kayersmolen-Midden,100.0,1,1,unchanged
BU02000409,Kayersmolen-Zuid,BU02000409,Kayersmolen-Zuid,100.0,1,1,unchanged
BU02000501,Matendreef,BU02000501,Matendreef,100.0,1,1,unchanged
BU02000502,Matenhorst,BU02000502,Matenhorst,100.0,1,1,unchanged
BU02000503,Matendonk,BU02000503,Matendonk,100.0,1,1,unchanged
BU02000504,Matenhoeve,BU02000504,Matenhoeve,100.0,2,1,unchanged
BU02000505,Matenveld,BU02000505,Matenveld,100.0,1,1,unchanged
BU02000506,Matengaarde,BU02000506,Matengaarde,100.0,1,1,unchanged
BU02000507,Matenhoek,BU02000507,Matenhoek,100.0,1,1,unchanged
BU02000508,Kuipersveld,BU02000508,Kuipersveld,100.0,1,1,unchanged
BU02000601,Welgelegen,BU02000601,Welgelegen,100.0,3,1,unchanged
BU02000602,Osseveld-West,BU02000602,Osseveld-West,100.0,1,1,unchanged
BU02000603,Osseveld-Oost,BU02000603,Osseveld-Oost,97.1,2,1,split
BU02000604,Woudhuis,BU02000604,Woudhuis,100.0,1,1,unchanged
BU02000605,Groot Zonnehoeve,BU02000605,Groot Zonnehoeve,100.0,1,1,unchanged
BU02000606,De Voorwaarts,BU02000606,De Voorwaarts,100.0,2,1,unchanged
BU02000607,Bedrijvenpark Ecofactorij,BU02000607,Bedrijvenpark Ecofactorij,100.0,1,1,unchanged
BU02000608,Bedrijvenpark Oost,BU02000608,Bedrijvenpark Oost,100.0,1,1,unchanged
BU02000701,Zevenhuizen,BU02000701,Zevenhuizen,99.9,4,1,unchanged
BU02000702,Sluisoord,BU02000702,Sluisoord,100.0,2,1,unchanged
BU02000703,De Mheen,BU02000703,De Mheen,100.0,1,1,unchanged
BU02000704,Anklaar,BU02000704,Anklaar,100.0,3,1,unchanged
BU02000705,Sprenkelaar,BU02000705,Sprenkelaar,100.0,1,1,unchanged
BU02000706,Bedrijvenpark Apeldoorn-Noord,BU02000706,Bedrijvenpark Apeldoorn-Noord,100.0,1,1,unchanged
BU02000707,Sleutelbloem,BU02000707,Sleutelbloem,99.8,2,1,unchanged
BU02000708,Zuidbroek-Mozaïek & Rooster,BU02000708,Zuidbroek - Mozaïek & Rooster,100.0,2,1,unchanged
BU02000709,Zuidbroek-De Wellen,BU02000709,Zuidbroek - De Wellen,91.6,6,1,split
BU02000801,Parken,BU02000801,De Parken,99.8,3,2,unchanged
BU02000802,Spainkbos,BU02000802,Spainkbos,100.0,1,1,unchanged
BU02000803,Loolaan-Noord,BU02000803,Loolaan-Noord,100.0,1,1,unchanged
BU02000804,Het Loo,BU02000804,Het Loo,100.0,1,1,unchanged
BU02000805,Kerschoten-West,BU02000805,Kerschoten-West,100.0,1,1,unchanged
BU02000806,Kerschoten,BU02000806,Kerschoten,100.0,1,1,unchanged
BU02000807,Paleispark,BU02000807,Paleispark,100.0,1,1,unchanged
BU02000808,De Vlijt,BU02000801,De Parken,69.8,3,2,merged
BU02000809,Stadhoudersmolen,BU02000808,Stadhoudersmolen,100.0,1,1,recoded
BU02000810,Hommelbrink,BU02000809,Hommelbrink,100.0,1,1,recoded
BU02001001,Uddel,BU02001001,Uddel,99.8,2,1,unchanged
BU02001002,Agrarisch gebied Uddel,BU02001002,Agrarischgebied Uddel,100.0,2,1,unchanged
BU02001003,Bosgebied Meerveld,BU02001003,Bosgebied Meerveld,100.0,2,1,unchanged
BU02001004,Bosgebied Nieuw Milligen,BU02001004,Bosgebied Nieuw Milligen,100.0,2,1,unchanged
BU02001101,Orderbos,BU02001101,Orderbos,100.0,1,1,unchanged
BU02001102,Hoog Soeren,BU02001102,Hoog Soeren,99.7,2,1,unchanged
BU02001103,Bosgebied Hoog Soeren,BU02001103,Bosgebied Hoog Soeren,100.0,5,1,unchanged
BU02001104,Bosgebied Hoog Buurloo,BU02001104,Bosgebied Hoog Buurloo,100.0,1,1,unchanged
BU02001201,Hoenderloo,BU02001201,Hoenderloo,100.0,1,1,unchanged
BU02001202,Bosgebied Ugchelen,BU02001202,Bosgebied Ugchelen,99.8,3,1,unchanged
BU02001203,Bosgebied Hoenderloo,BU02001203,Bosgebied Hoenderloo,99.9,2,1,unchanged
BU02001204,Miggelenberg,BU02001204,Miggelenberg,99.9,3,1,unchanged
BU02001301,Het Goreld,BU02001301,Het Goreld,100.0,1,1,unchanged
BU02001302,Loenen,BU02001302,Loenen,100.0,1,1,unchanged
BU02001303,Bosgebied Loenen,BU02001303,Bosgebied Loenen,100.0,2,1,unchanged
BU02001401,Beekbergen,BU02001401,Beekbergen,100.0,2,1,unchanged
BU02001402,Bosgebied Beekbergen-West,BU02001402,Bosgebied Beekbergen-West,100.0,1,1,unchanged
BU02001403,Agrarisch gebied Beekbergen,BU02001403,Agrarischgebied Beekbergen,99.5,2,1,unchanged
BU02001404,Bosgebied Beekbergen-Zuid,BU02001404,Bosgebied Beekbergen-Zuid,100.0,1,1,unchanged
BU02001501,Lieren,BU02001501,Lieren,99.1,2,1,unchanged
BU02001502,Agrarisch gebied Lieren en Oosterhuizen,BU02001502,Agrarischgebied Lieren-Oosterhuizen,99.5,2,1,unchanged
BU02001503,Bosgebied Oosterhuizen,BU02001503,Bosgebied Oosterhuizen,100.0,1,1,unchanged
BU02001601,Wolthuis,BU02001601,Wolthuis,100.0,1,1,unchanged
BU02001602,Klarenbeek,BU02001602,Klarenbeek,100.0,2,1,unchanged
BU02001603,De Hooilanden,BU02001603,De Hooilanden,99.7,4,1,unchanged
BU02001604,De Hooilanden en Oosterhuizen,BU02001604,De Hooilanden-Oosterhuizen,100.0,1,1,unchanged
BU02001701,Wenum,BU02001701,Wenum,100.0,2,1,unchanged
BU02001702,Beemte,BU02001702,Beemte,100.0,1,1,unchanged
BU02001703,Bosgebied Wiesel,BU02001703,Bosgebied Wiesel,100.0,1,1,unchanged
BU02001704,Agrarisch gebied Wiesel,BU02001704,Agrarischgebied Wiesel,99.8,3,1,unchanged
BU02001705,Agrarisch gebied Wenum,BU02001705,Agrarischgebied Wenum,98.2,3,1,split
BU02001706,Agrarisch gebied Beemte en Broekland,BU02001706,Agrarischgebied Beemte Broekland,100.0,1,1,unchanged
BU02020100,Markt,BU02020100,Markt,94.3,9,1,split
BU02020101,Weverstraat,BU02020101,Weverstraat,86.2,5,1,split
BU02020102,Rijnstraat,BU02020102,Rijnstraat,96.9,5,1,split
BU02020103,Janssingel,BU02020103,Janssingel,99.3,5,1,unchanged
BU02020104,Stationsplein,BU02020104,Stationsplein,89.5,6,1,split
BU02020170,Utrechtsestraat,BU02020170,Utrechtsestraat,86.3,5,1,split
BU02020210,Hommelstraat,BU02020210,Hommelstraat,99.9,6,1,unchanged
BU02020211,Spijkerbuurt,BU02020211,Spijkerbuurt,99.2,5,1,unchanged
BU02020212,Boulevardwijk,BU02020212,Boulevardwijk,98.9,6,1,split
BU02020314,Statenkwartier,BU02020314,Statenkwartier,96.5,8,1,split
BU02020320,Arnhemse Broek,BU02020320,Arnhemse Broek,99.8,4,1,unchanged
BU02020321,Van Verschuerbuurt,BU02020321,Van Verschuerbuurt,94.5,5,1,split
BU02020322,Industrieterrein,BU02020322,Industrieterrein,99.2,8,1,unchanged
BU02020338,Bij de John Frostbrug,BU02020338,Bij de John Frostbrug,98.0,5,1,split
BU02020339,Nieuwe Kadekwartier,BU02020339,Nieuwe Kadekwartier,93.6,7,1,split
BU02020423,Presikhaaf I,BU02020423,Presikhaaf I,99.4,7,1,unchanged
BU02020424,Presikhaaf II,BU02020424,Presikhaaf II,99.0,6,1,split
BU02020425,Presikhaaf III,BU02020425,Presikhaaf III,98.6,6,1,split
BU02020526,Over het Lange Water,BU02020526,Over het Lange Water,99.3,5,1,unchanged
BU02020527,Elsweide,BU02020527,Elsweide,99.8,4,1,unchanged
BU02020528,Winkelcentrum,BU02020528,Winkelcentrum,99.8,8,1,unchanged
BU02020529,IJsseloord,BU02020529,Ijsseloord,99.8,4,1,unchanged
BU02020630,St. Marten,BU02020630,St. Marten,96.1,4,1,split
BU02020631,Graaf Ottoplein e.o.,BU02020631,Graaf Ottoplein e.o.,97.6,7,1,split
BU02020732,Klarendal Zuid,BU02020732,Klarendal-Zuid,99.0,5,1,split
BU02020733,Klarendal Noord,BU02020733,Klarendal-Noord,99.5,6,1,unchanged
BU02020734,Onder de Linden,BU02020734,Onder de Linden,99.3,5,1,unchanged
BU02020735,St. Janskerkstraat e.o.,BU02020735,St. Janskerkstraat e.o.,99.0,6,1,split
BU02020840,Velperweg Noord,BU02020840,Velperweg-Noord,96.1,5,1,split
BU02020841,Molenbeke,BU02020841,Molenbeke,99.7,5,1,unchanged
BU02020842,Terrein ENKA,BU02020842,Terrein ENKA,97.8,6,1,split
BU02020843,Plattenburg,BU02020843,Plattenburg,99.1,6,1,unchanged
BU02020844,Angerenstein,BU02020844,Angerenstein,98.9,7,1,split
BU02020845,Paasberg,BU02020845,Paasberg,99.9,7,1,unchanged
BU02020950,Sonsbeek Noord,BU02020650,Sonsbeek-Noord,99.5,5,1,recoded
BU02020951,Hazegrietje,BU02020951,Hazegrietje,98.6,5,1,split
BU02020952,Alteveer/Cranevelt,BU02020952,Alteveer/Cranevelt,93.8,5,1,split
BU02021053,Geitenkamp,BU02021053,Geitenkamp,99.7,6,1,unchanged
BU02021154,Monnikenhuizen,BU02021154,Monnikenhuizen,99.5,4,1,unchanged
BU02021155,Arnhemse Allee,BU02021155,Arnhemse Allee,99.9,3,1,unchanged
BU02021159,Klarenbeek,BU02021159,Klarenbeek,98.4,10,1,split
BU02021260,Transvaalbuurt,BU02021260,Transvaalbuurt,99.4,6,1,unchanged
BU02021261,Burgemeesterswijk,BU02021261,Burgemeesterswijk,96.7,9,1,split
BU02021262,Gulden Bodem,BU02021262,Gulden Bodem,99.6,4,1,unchanged
BU02021263,Sterrenberg,BU02021263,Sterrenberg,99.5,7,1,unchanged
BU02021264,Hoogkamp,BU02021264,Hoogkamp,98.6,8,1,split
BU02021269,Sonsbeek/Zijpendaal,BU02021269,Sonsbeek/Zijpendaal,96.2,10,1,split
BU02021365,Bakenberg,BU02021365,Bakenberg,95.2,5,1,split
BU02021366,Schaarsbergen,BU02021366,Schaarsbergen,70.0,4,1,split
BU02021367,West van Schaarsbergen,BU02021367,West van Schaarsbergen,99.9,5,1,unchanged
BU02021368,N.O. van Schaarsbergen,BU02021368,N.O. van Schaarsbergen,99.8,6,1,unchanged
BU02021471,Lombok,BU02021471,Lombok,70.2,5,1,split
BU02021473,Brouwerijweg e.o.,BU02021473,Brouwerijweg e.o.,97.1,5,1,split
BU02021474,Heijenoord,BU02021474,Heijenoord,96.6,6,1,split
BU02021572,Klingelbeek,BU02021572,Klingelbeek,99.9,3,1,unchanged
BU02021579,Het Dorp / Mariëndaal,BU02021579,Het Dorp/Mariëndaal,89.5,6,1,split
BU02021681,Meinerswijk / De Praets,BU02021681,Meinerswijk/De Praets,98.2,8,1,split
BU02021682,Malburgen West,BU02021682,Malburgen-West,99.9,7,1,unchanged
BU02021780,Groene Weide,BU02021780,Groene Weide,98.3,5,1,split
BU02021783,Kamillehof,BU02021783,Kamillehof,99.2,5,1,unchanged
BU02021798,Bakenhof,BU02021798,Bakenhof,99.4,4,1,unchanged
BU02021815,'t Duifje,BU02021815,'t Duifje,97.1,3,1,split
BU02021884,Immerloo I,BU02021884,Immerloo I,99.6,5,1,unchanged
BU02021885,Middelgraaflaan e.o.,BU02021885,Middelgraaflaan e.o.,99.9,4,1,unchanged
BU02021886,Zeegsingel e.o.,BU02021886,Zeegsingel e.o.,82.3,4,1,split
BU02021888,Immerloo II,BU02021888,Immerloo II,98.9,5,1,split
BU02021987,Eimersweide,BU02021887,Eimersweide,86.8,8,1,split
BU02021989,Holthuizen,BU02021989,Holthuizen,99.2,4,1,unchanged
BU02021990,Kronenburg,BU02021990,Kronenburg,98.9,5,1,split
BU02021993,Vredenburg,BU02021993,Vredenburg,99.8,6,1,unchanged
BU02022092,Elden,BU02022092,Elden,99.2,8,1,unchanged
BU02022191,Elderveld Zuid,BU02022191,Elderveld-Zuid,99.0,4,1,split
BU02022194,Elderveld Noord,BU02022194,Elderveld-Noord,97.4,6,1,split
BU02022197,Elderhof,BU02022197,Elderhof,97.1,5,1,split
BU02022295,De Laar West,BU02022295,De Laar-West,99.0,5,1,split
BU02022296,De Laar Oost,BU02022296,De Laar-Oost,99.9,4,1,unchanged
BU02022316,Rijkerswoerd Oost,BU02022316,Rijkerswoerd-Oost,99.5,5,1,unchanged
BU02022317,Rijkerswoerd Midden,BU02022317,Rijkerswoerd-Midden,99.1,3,1,unchanged
BU02022318,Rijkerswoerd West,BU02022318,Rijkerswoerd-West,99.4,6,1,unchanged
BU02022319,De Overmaat,BU02022319,De Overmaat,99.6,4,1,unchanged
BU02022447,Schuytgraaf-Noord,BU02022447,Schuytgraaf-Noord,99.1,3,1,unchanged
BU02022448,Schuytgraaf-Centrum,BU02022448,Schuytgraaf-Centrum,100.0,1,1,unchanged
BU02022449,Schuytgraaf-Zuid,BU02022449,Schuytgraaf-Zuid,97.6,3,1,split
BU02035400,Buitengebied Barneveld,BU02035400,Buitengebied Barneveld,100.0,3,1,unchanged
BU02035401,Centrum Barneveld,BU02035401,Centrum Barneveld,100.0,1,1,unchanged
BU02035402,De Koot,BU02035402,De Koot,100.0,1,1,unchanged
BU02035403,Vogelbuurt,BU02035403,Vogelbuurt,100.0,1,1,unchanged
BU02035404,De Lors,BU02035404,De Lors,100.0,1,1,unchanged
BU02035405,Staatsliedenwijk,BU02035405,Staatsliedenwijk,100.0,1,1,unchanged
BU02035406,De Valk,BU02035406,De Valk,100.0,1,1,unchanged
BU02035407,Vliegersveld,BU02035407,Vliegersveld,100.0,1,1,unchanged
BU02035408,Rootselaar-West,BU02035408,Rootselaar-West,100.0,1,1,unchanged
BU02035409,Rootselaar-Oost,BU02035409,Rootselaar-Oost,100.0,1,1,unchanged
BU02035410,Oldenbarneveld,BU02035410,Oldenbarneveld,100.0,2,1,unchanged
BU02035411,De Vaarst,BU02035411,De Vaarst,100.0,1,1,unchanged
BU02035412,Norschoten,BU02035412,Norschoten,100.0,1,1,unchanged
BU02035413,De Briellared,BU02035413,De Briellared,100.0,1,1,unchanged
BU02035414,De Burgt,BU02035414,De Burgt,100.0,2,1,unchanged
BU02035415,Veller,BU02035415,Veller,100.0,1,1,unchanged
BU02035425,Harselaar-West,BU02035425,Harselaar-West,100.0,1,1,unchanged
BU02035426,Harselaar-Oost,BU02035426,Harselaar-Oost,100.0,1,1,unchanged
BU02035530,Buitengebied Voorthuizen,BU02035530,Buitengebied Voorthuizen,100.0,1,1,unchanged
BU02035531,Centrum Voorthuizen,BU02035531,Centrum Voorthuizen,100.0,1,1,unchanged
BU02035532,Haarkamp,BU02035532,Haarkamp,100.0,1,1,unchanged
BU02035533,Roeleneng,BU02035533,Roeleneng,100.0,1,1,unchanged
BU02035534,Prinsessenwijk,BU02035534,Prinsessenwijk,100.0,1,1,unchanged
BU02035535,De Wheem,BU02035535,De Wheem,100.0,1,1,unchanged
BU02035536,De Steenkamp,BU02035536,De Steenkamp,100.0,1,1,unchanged
BU02035537,Zeeheldenwijk,BU02035537,Zeeheldenwijk,100.0,1,1,unchanged
BU02035538,Componistenwijk,BU02035538,Componistenwijk,100.0,1,1,unchanged
BU02035539,De Maat,BU02035539,De Maat,100.0,1,1,unchanged
BU02035540,De Kromme Akker,BU02035540,De Kromme Akker,100.0,1,1,unchanged
BU02035541,Blankensgoed,BU02035541,Blankensgoed,100.0,1,1,unchanged
BU02035650,Buitengebied Kootwijkerbroek,BU02035650,Buitengebied Kootwijkerbroek,100.0,1,1,unchanged
BU02035651,Kootwijkerbroek,BU02035651,Kootwijkerbroek,100.0,1,1,unchanged
BU02035652,Kootwijkerbroek-west,BU02035652,Kootwijkerbroek-west,100.0,1,1,unchanged
BU02035780,Buitengebied Garderen,BU02035780,Buitengebied Garderen,100.0,1,1,unchanged
BU02035781,Garderen,BU02035781,Garderen,100.0,1,1,unchanged
BU02035875,Buitengebied Terschuur,BU02035875,Buitengebied Terschuur,100.0,1,1,unchanged
BU02035876,terschuur,BU02035876,terschuur,100.0,1,1,unchanged
BU02035877,Blankenhoef,BU02035877,Blankenhoef,100.0,1,1,unchanged
BU02035960,Buitengebied Stroe,BU02035960,Buitengebied Stroe,100.0,2,1,unchanged
BU02035961,Stroe,BU02035961,Stroe,100.0,1,1,unchanged
BU02036070,Buitengebied Zwartebroek,BU02036070,Buitengebied Zwartebroek,100.0,2,1,unchanged
BU02036071,Zwartebroek,BU02036071,Zwartebroek,100.0,1,1,unchanged
BU02036190,Buitengebied De Glind,BU02036190,Buitengebied De Glind,100.0,2,1,unchanged
BU02036191,De Glind,BU02036191,De Glind,100.0,1,1,unchanged
BU02036265,Buitengebied kootwijk,BU02036265,Buitengebied kootwijk,100.0,1,1,unchanged
BU02036266,Kootwijk,BU02036266,Kootwijk,100.0,1,1,unchanged
BU02036395,Buitengebied Achterveld,BU02036395,Buitengebied Achterveld,100.0,1,1,unchanged
BU02090100,Beuningen Buitengebied Noord,BU02090100,Beuningen-Buitengebied Noord,100.0,1,1,unchanged
BU02090101,Beuningen Buitengebied Zuid,BU02090101,Beuningen-Buitengebied Zuid,100.0,1,1,unchanged
BU02090110,Beuningse Plas,BU02090110,Beuningen-Beuningse Plas Plas,100.0,1,1,unchanged
BU02090111,Beuningen Centrum,BU02090111,Beuningen-Centrum,100.0,1,1,unchanged
BU02090112,Beuningen Centrum Oost,BU02090112,Beuningen-Centrum Oost,99.9,3,1,unchanged
BU02090113,Beuningen De Haaghe,BU02090113,Beuningen-De Haaghe,100.0,2,1,unchanged
BU02090114,Beuningen De Notenhof,BU02090114,Beuningen-De Notenhof,100.0,2,1,unchanged
BU02090121,Beuningen Duivenkamp,BU02090121,Beuningen-Duivenkamp,99.6,3,1,unchanged
BU02090122,Beuningen de Linde,BU02090122,Beuningen-De Linde,55.9,2,1,split
BU02090123,Beuningen Hoeve-1,BU02090123,Beuningen-Hoeve-1,100.0,1,1,unchanged
BU02090124,Beuningen Hoeve-2,BU02090124,Beuningen-Hoeve-2,100.0,1,1,unchanged
BU02090125,Beuningen Hoeve-3,BU02090125,Beuningen-Hoeve-3,100.0,1,1,unchanged
BU02090131,Beuningen Schoenaker,BU02090131,Beuningen-Schoenaker,100.0,2,1,unchanged
BU02090141,Beuningen Aalstervelden,BU02090141,Beuningen-Aalsterveld,100.0,1,1,unchanged
BU02090142,Beuningen Olden Tempel,BU02090142,Beuningen-Olden Tempel,100.0,3,1,unchanged
BU02090143,Beuningen Blanckenburgh,BU02090143,Beuningen-Blanckenburgh,100.0,1,1,unchanged
BU02090144,Beuningen Viermorgen,BU02090144,Beuningen-Viermorgen,100.0,2,1,unchanged
BU02090145,Beuningen Tinnegieter,BU02090145,Beuningen-Tinnegieter,100.0,1,1,unchanged
BU02090146,Beuningen Den Balmerd,BU02090146,Beuningen-Den Balmerd,100.0,1,1,unchanged
BU02090147,Beuningen Sportpark De Ooigraaf,BU02090147,Beuningen-Sportpark De Ooigraaf,100.0,1,1,unchanged
BU02090151,Beuningen Heuve-1,BU02090151,Beuningen-Heuve-1,100.0,2,1,unchanged
BU02090152,Beuningen Heuve-2,BU02090152,Beuningen-Heuve-2,100.0,1,1,unchanged
BU02090153,Beuningen Heuve-3,BU02090153,Beuningen-Heuve-3,100.0,1,1,unchanged
BU02090154,Beuningen Heuve-4,BU02090154,Beuningen-Heuve-4,100.0,1,1,unchanged
BU02090161,Beuningen Beuningse Plas,BU02090161,Beuningen-Beuningse Plas,100.0,1,1,unchanged
BU02090202,Ewijk Buitengebied Noord-1,BU02090202,Ewijk-Buitengebied Noord-1,100.0,1,1,unchanged
BU02090203,Ewijk Buitengebied Zuid-1,BU02090203,Ewijk-Buitengebied Zuid-1,100.0,1,1,unchanged
BU02090204,Ewijk Buitengebied Zuid-2,BU02090204,Ewijk-Buitengebied Zuid-2,100.0,1,1,unchanged
BU02090271,Ewijk Centrum,BU02090271,Ewijk-Centrum,100.0,1,1,unchanged
BU02090272,Ewijk Vording-2,BU02090272,Ewijk-Vording-2,100.0,1,1,unchanged
BU02090273,Ewijk Vording-3,BU02090273,Ewijk-Vording-3,100.0,1,1,unchanged
BU02090274,Ewijk Veluwstraat,BU02090274,Ewijk-Veluwstraat,100.0,1,1,unchanged
BU02090275,Ewijk Keizershoeve,BU02090275,Ewijk-Keizershoeve,100.0,1,1,unchanged
BU02090276,Ewijk Den Elt,BU02090276,Ewijk-Den Elt,100.0,1,1,unchanged
BU02090305,Weurt Buitengebied Noord,BU02090305,Weurt-Buitengebied Noord,100.0,1,1,unchanged
BU02090306,Weurt Buitengebied Zuid,BU02090306,Weurt-Buitengebied Zuid,100.0,1,1,unchanged
BU02090381,Weurt Noord,BU02090381,Weurt-Noord,100.0,2,1,unchanged
BU02090382,Weurt Zuid,BU02090382,Weurt-Zuid,100.0,2,1,unchanged
BU02090383,De Sluis,BU02090383,Weurt-De Sluis,100.0,2,1,unchanged
BU02090407,Winssen Buitengebied Noord,BU02090407,Winssen-Buitengebied Noord,100.0,2,1,unchanged
BU02090408,Winssen Buitengebied Zuid-1,BU02090408,Winssen-Buitengebied Zuid-1,100.0,2,1,unchanged
BU02090409,Winssen Buitengebied Zuid-2,BU02090409,Winssen-Buitengebied Zuid-2,100.0,1,1,unchanged
BU02090491,Winssen Centrum,BU02090491,Winssen-Centrum,100.0,1,1,unchanged
BU02130100,Empe Kern,BU02130100,Empe Kern,93.7,2,1,split
BU02130101,Verspreide huizen Empe,BU02130101,Empe Buitengebied,99.0,5,1,split
BU02130102,Dovenkamp,BU02130102,Dovenkamp,99.4,2,1,unchanged
BU02130200,Tonden,BU02130200,Tonden,99.5,5,1,unchanged
BU02130300,Brummen Centrum,BU02130300,Brummen Centrum,99.9,6,1,unchanged
BU02130301,Brummense Enk West,BU02130301,Brummense Enk West,99.9,5,1,unchanged
BU02130302,Brummense Enk Oost,BU02130302,Brummense Enk Oost,100.0,5,1,unchanged
BU02130303,De Pothof,BU02130303,De Pothof,99.8,4,1,unchanged
BU02130304,Koppelenburg,BU02130304,Koppelenburg,99.8,5,1,unchanged
BU02130305,Verspreide huizen Brummen,BU02130305,Brummen Buitengebied,99.8,7,1,unchanged
BU02130306,Rhienderen Kern,BU02130306,Rhienderen Kern,95.8,6,1,split
BU02130307,Rhienderen Noord,BU02130307,Rhienderen Noord,100.0,3,1,unchanged
BU02130308,Rhienderense Enk,BU02130308,Rhienderense Enk,99.8,5,1,unchanged
BU02130309,Elzenbos,BU02130309,Elzenbos,99.2,3,1,unchanged
BU02130310,Hazenberg,BU02130310,Hazenberg,98.0,7,1,split
BU02130311,Verspreide huizen Rhienderen,BU02130311,Rhienderen Buitengebied,75.7,9,1,split
BU02130312,Rhienderense Broek,BU02130312,(Rhienderense) Broek,99.9,6,1,unchanged
BU02130313,Oeken kern,BU02130313,Oeken Kern,99.6,2,1,unchanged
BU02130314,Verspreide huizen Oeken,BU02130314,Oeken Buitengebied,98.6,9,1,split
BU02130315,Wapsum,BU02130315,Wapsum,99.9,5,1,unchanged
BU02130316,Voorstonden,BU02130316,Voorstonden,100.0,5,1,unchanged
BU02130317,Cortenoever,BU02130317,Cortenoever,100.0,8,1,unchanged
BU02130400,Leuvenheim kern,BU02130400,Leuvenheim Kern,97.2,3,1,split
BU02130401,Verspreide huizen Leuvenheim,BU02130401,Leuvenheim Buitengebied,98.7,6,1,split
BU02130402,Lichtenbelt,BU02130402,Lichtenbelt,99.7,5,1,unchanged
BU02130500,Hall kern,BU02130500,Hall Kern,99.8,2,1,unchanged
BU02130501,Verspreide huizen Hall,BU02130501,Hall Buitengebied,99.6,8,1,unchanged
BU02130502,Cellenrijk,BU02130502,Cellenrijk,99.9,7,1,unchanged
BU02130600,Eerbeek centrum,BU02130600,Eerbeek Centrum,99.8,4,1,unchanged
BU02130601,Lombok,BU02130601,Lombok,99.9,3,1,unchanged
BU02130602,Noorder Enk,BU02130602,Noorderenk,99.9,7,1,unchanged
BU02130603,Werfakker,BU02130603,Werfakker,100.0,3,1,unchanged
BU02130604,Veldkant,BU02130604,Veldkant,99.5,6,1,unchanged
BU02130605,Eerbeekse Enk,BU02130605,Eerbeekse Enk,99.9,3,1,unchanged
BU02130606,Eerbeek Zuid,BU02130606,Eerbeek Zuid,100.0,7,1,unchanged
BU02130607,Het Hungeling,BU02130609,Eerbeek Buitengebied,54.0,4,2,merged
BU02130608,Wilhelminapark,BU02130608,Wilhelminapark,100.0,4,1,unchanged
BU02130609,Verspreide huizen Eerbeek,BU02130609,Eerbeek Buitengebied,96.7,11,2,merged
BU02130610,Coldenhove,BU02130610,Coldenhove,99.8,5,1,unchanged
BU02140000,Buren-Oude Kern,BU02140000,Buren-Oude Kern,100.0,1,1,unchanged
BU02140001,Buren Appelenboomgaard,BU02140001,Buren Appelenboomgaard,100.0,1,1,unchanged
BU02140002,Buren Tielseweg,BU02140002,Buren Tielseweg,100.0,1,1,unchanged
BU02140003,Asch,BU02140003,Asch,100.0,1,1,unchanged
BU02140004,Erichem,BU02140004,Erichem,100.0,1,1,unchanged
BU02140006,Verspreide huizen poldergebied Buurmalsen,BU02140006,Verspreide huizen poldergebied Buurmalsen,100.0,1,1,unchanged
BU02140007,Verspreide huizen Erichem,BU02140007,Verspreide huizen Erichem,100.0,1,1,unchanged
BU02140008,Verspreide huizen Asch,BU02140008,Verspreide huizen Asch,100.0,1,1,unchanged
BU02140009,Verspreide huizen Buren,BU02140009,Verspreide huizen Buren,100.0,1,1,unchanged
BU02140100,Beusichem,BU02140100,Beusichem,100.0,1,1,unchanged
BU02140101,Zoelmond,BU02140101,Zoelmond,100.0,1,1,unchanged
BU02140109,Verspreide huizen Beusichem en Zoelmond,BU02140109,Verspreide huizen Beusichem en Zoelmond,100.0,1,1,unchanged
BU02140200,Zoelen,BU02140200,Zoelen,100.0,1,1,unchanged
BU02140201,Kerk Avezaath,BU02140201,Kerk Avezaath,100.0,1,1,unchanged
BU02140202,De Woerd,BU02140202,De Woerd,100.0,1,1,unchanged
BU02140206,Verspreide huizen ten oosten van kanaal,BU02140206,Verspreide huizen ten oosten van kanaal,100.0,1,1,unchanged
BU02140207,Verspreide huizen Zoelen,BU02140207,Verspreide huizen Zoelen,100.0,1,1,unchanged
BU02140208,Verspreide huizen Kerk Avezaath,BU02140208,Verspreide huizen Kerk Avezaath,100.0,1,1,unchanged
BU02140209,Verspreide huizen Kapel Avezaath,BU02140209,Verspreide huizen Kapel Avezaath,100.0,1,1,unchanged
BU02140300,Lienden,BU02140300,Lienden,100.0,1,1,unchanged
BU02140301,Ommeren met Den Eng,BU02140301,Ommeren met Den Eng,100.0,1,1,unchanged
BU02140305,Ommerveld en verspreide huizen polder Meerten,BU02140305,Ommerveld en verspreide huizen polder Meerten,100.0,1,1,unchanged
BU02140306,Verspreide huizen Aalst Leutes polder Aalst,BU02140306,Verspreide huizen Aalst Leutes polder Aalst,100.0,1,1,unchanged
BU02140307,Verspreide huizen De Mars en Marsdijk,BU02140307,Verspreide huizen De Mars en Marsdijk,100.0,1,1,unchanged
BU02140308,Verspreide huizen Lienden,BU02140308,Verspreide huizen Lienden,100.0,1,1,unchanged
BU02140400,Ingen,BU02140400,Ingen,100.0,1,1,unchanged
BU02140402,Klinkenberg,BU02140402,Klinkenberg,100.0,1,1,unchanged
BU02140408,Verspreide huizen Klinkenberg,BU02140408,Verspreide huizen Klinkenberg,100.0,1,1,unchanged
BU02140409,Verspreide huizen Ommerenveld en Zwarte Paard,BU02140409,Verspreide huizen Ommerenveld en Zwarte Paard,100.0,1,1,unchanged
BU02140500,Maurik,BU02140500,Maurik,100.0,1,1,unchanged
BU02140501,Rijswijk,BU02140501,Rijswijk,100.0,1,1,unchanged
BU02140502,Eck en Wiel,BU02140502,Eck en Wiel,100.0,1,1,unchanged
BU02140503,Ganzert,BU02140503,Ganzert,100.0,1,1,unchanged
BU02140507,Verspreide huizen Rijswijk,BU02140507,Verspreide huizen Rijswijk,100.0,1,1,unchanged
BU02140508,Verspreide huizen Maurik,BU02140508,Verspreide huizen Maurik,100.0,1,1,unchanged
BU02140509,Verspreide huizen Eck en Wiel,BU02140509,Verspreide huizen Eck en Wiel,100.0,1,1,unchanged
BU02140600,Ravenswaaij,BU02140600,Ravenswaaij,100.0,1,1,unchanged
BU02140608,Verspreide huizen Ravenswaaij,BU02140608,Verspreide huizen Ravenswaaij,100.0,1,1,unchanged
BU02140609,Verspreide huizen poldergebied,BU02140609,Verspreide huizen poldergebied,100.0,1,1,unchanged
BU02160000,Oude Binnenstad en Nieuwstad,BU02160000,Binnenstad,94.5,6,1,split
BU02160001,Oude Buitenwijken,BU02160008,Westerkwartier,64.3,6,1,split
BU02160002,Noordoostelijke Buitenwijken,BU02160001,Dreven,43.2,6,1,split
BU02160003,Zuidoostelijke Buitenwijken Ter Weijde,BU02160007,Voorkoop Zuid,32.2,8,1,split
BU02160004,Industriegebied,BU02160106,Industrieterrein Pavijen,86.1,7,1,split
BU02160005,Westelijke Buitenwijken,BU02160103,Parijsch Landzicht,31.1,9,1,split
BU02160008,Verspreide huizen Redichem,BU02160010,Buitengebied Redichem,98.8,5,1,split
BU02160009,Verspreide huizen ten westen en zuiden van Culemborg,BU02160108,Buitengebied Vretstrooij,50.1,11,1,split
BU02210100,De oude Stad binnen de gracht,BU02210100,De oude Stad binnen de gracht,100.0,1,1,unchanged
BU02210101,Noordelijk Molenveld,BU02210101,Noordelijk Molenveld,100.0,1,1,unchanged
BU02210102,Zuidelijk Molenveld,BU02210102,Zuidelijk Molenveld,100.0,1,1,unchanged
BU02210103,De Ooi,BU02210103,De Ooi,100.0,1,1,unchanged
BU02210104,Beinum I,BU02210104,Beinum I,100.0,1,1,unchanged
BU02210105,Beinum II,BU02210105,Beinum II,100.0,1,1,unchanged
BU02210106,Bedrijventerrein Beinum,BU02210106,Bedrijventerrein Beinum,100.0,1,1,unchanged
BU02210107,Bedrijventerrein Verhuellweg,BU02210107,Bedrijventerrein Verhuellweg,100.0,1,1,unchanged
BU02210108,Verspreide huizen Noordoost,BU02210108,Verspreide huizen Noordoost,100.0,1,1,unchanged
BU02210109,Verspreide huizen Fraterswaard-Noordoost,BU02210109,Verspreide huizen Fraterswaard-Noordoost,100.0,1,1,unchanged
BU02210110,Verspreide huizen IJssel en Oude IJssel,BU02210110,Verspreide huizen IJssel en Oude IJssel,100.0,1,1,unchanged
BU02220101,Stadscentrum-Zuid,BU02220101,Stadscentrum,100.0,1,1,unchanged
BU02220102,Torenallee,BU02220102,Torenallee,100.0,1,1,unchanged
BU02220103,Het Loo,BU02220103,Het Loo,100.0,1,1,unchanged
BU02220104,Stadscentrum-Noord,BU02220104,Stadscentrum - noord,100.0,1,1,unchanged
BU02220105,De Pas-Noord,BU02220105,De Pas - noord,100.0,1,1,unchanged
BU02220106,De Pas-Zuid,BU02220106,De Pas - zuid,100.0,1,1,unchanged
BU02220201,Muziekbuurt,BU02220201,Muziekbuurt,100.0,1,1,unchanged
BU02220202,Schrijvers en dichtersbuurt,BU02220202,Schrijvers en dichtersbuurt,100.0,1,1,unchanged
BU02220203,Wiltinksbrug,BU02220203,Wiltinksbrug,100.0,1,1,unchanged
BU02220204,Overstegen-West,BU02220204,Overstegen - west,100.0,1,1,unchanged
BU02220205,Overstegen-Oost,BU02220205,Overstegen - oost,100.0,1,1,unchanged
BU02220206,Wonninkhage,BU02220206,Wonninkhage,100.0,1,2,unchanged
BU02220207,Buitengebied de Gaarde,BU02220206,Wonninkhage,100.0,1,2,recoded
BU02220208,Wassinkbrink-Zuidoost,BU02220208,Wassinkbrink - zuidoost,100.0,1,1,unchanged
BU02220301,Holterbroek,BU02220301,Holterhoek,100.0,1,1,unchanged
BU02220302,Schöneveld-Zuid,BU02220302,Schöneveld - zuid,100.0,1,1,unchanged
BU02220303,Schöneveld-Noord,BU02220303,Schöneveld - noord,100.0,1,1,unchanged
BU02220401,Oosseld en Vijverberg-Zuidwest,BU02220401,Oosseld / Vijverberg - zuidwest,100.0,1,1,unchanged
BU02220402,Buitengebied Polmanlaan,BU02220402,Buitengebied - Polmanlaan,100.0,1,1,unchanged
BU02220403,Buitengebied de Wrange,BU02220403,Buitengebied - de Wrange,100.0,1,1,unchanged
BU02220404,Koekendaal en Vijverberg-Noordoost,BU02220405,Buitengebied - Groenendaal,77.3,2,2,merged
BU02220405,Buitengebied Vossenstraat,BU02220405,Buitengebied - Groenendaal,100.0,1,2,unchanged
BU02220406,Buitengebied Nutselaer en Abdij,BU02220406,Buitengebied - Nutselaer / Abdij,100.0,1,1,unchanged
BU02220407,Buitengebied IJzevoorde,BU02220407,Buitengebied - IJzevoorde,100.0,1,1,unchanged
BU02220408,Buitengebied Slangenburg,BU02220408,Buitengebied - Slangenburg,100.0,1,1,unchanged
BU02220501,Hamburgerbroek,BU02220505,Iseldoks,50.4,2,1,split
BU02220502,Verheulsweide-Noord,BU02220502,Verheulsweide - noord,100.0,1,1,unchanged
BU02220503,Verheulsweide-Zuid,BU02220503,Verheulsweide - zuid,100.0,1,1,unchanged
BU02220504,Buitengebied Kemnaderallee,BU02220504,Buitengebied - Kemnaderallee,100.0,1,1,unchanged
BU02220601,De Hoop-Noord,BU02220601,De Hoop - noord,100.0,1,1,unchanged
BU02220602,De Huet fase 1 + 3,BU02220602,De Huet - fase 1 + 3,100.0,1,1,unchanged
BU02220603,De Huet fase 2,BU02220603,De Huet - fase 2,100.0,1,1,unchanged
BU02220604,De Huet fase 4,BU02220604,De Huet - fase 4,100.0,1,1,unchanged
BU02220605,De Huet fase 6 + 7,BU02220605,De Huet - fase 6 + 7,100.0,2,1,unchanged
BU02220606,De Huet fase 5,BU02220606,De Huet - fase 5,100.0,1,1,unchanged
BU02220607,Sportpark Zuid,BU02220607,Sportpark Zuid,100.0,1,1,unchanged
BU02220608,Bedrijventerrein De Huet,BU02220608,Bedrijventerrein De Huet,100.0,1,1,unchanged
BU02220609,Buitengebied De Huet,BU02220609,Buitengebied - De Huet,100.0,1,1,unchanged
BU02220701,Buitengebied Dichteren Noordwest,BU02220702,Romantische buurt - noord,100.0,2,2,recoded
BU02220702,Romantische buurt Noord,BU02220702,Romantische buurt - noord,100.0,1,2,unchanged
BU02220703,Romantische buurt Zuid,BU02220703,Romantische buurt - zuid,100.0,1,1,unchanged
BU02220704,Landelijk Wonen,BU02220704,Landelijk wonen,100.0,1,1,unchanged
BU02220705,Kleurrijke buurt,BU02220705,Kleurrijke buurt,100.0,1,1,unchanged
BU02220706,Stadskwartier-Zuid,BU02220706,Stadskwartier - zuid,100.0,1,1,unchanged
BU02220707,Stadskwartier-Noord,BU02220707,Stadskwartier - noord,100.0,1,1,unchanged
BU02220708,Buitengebied en Dichterem-Oost,BU02220708,Buitengebied - Dichteren,100.0,1,1,unchanged
BU02220709,Bedrijventerrein en Wijnbergen,BU02220709,Bedrijventerrein Wijnbergen,100.0,1,1,unchanged
BU02220710,Wijnbergen-het Westem,BU02220710,Wijnbergen - Het Westen,100.0,1,1,unchanged
BU02220711,Wijnbergen-het Midden,BU02220711,Wijnbergen - Het Midden,100.0,1,1,unchanged
BU02220712,Wijnbergen-het Oosten,BU02220712,Wijnbergen - De Kwekerij,100.0,1,1,unchanged
BU02220713,De Hoop-Zuid,BU02220713,De Hoop - zuid,90.7,2,1,split
BU02220801,IJsseltuin en Heelweg,BU02220801,IJsseltuin / Heelweg,100.0,1,1,unchanged
BU02220802,Bedrijventerrein Keppelseweg,BU02220802,Bedrijventerrein Keppelseweg,100.0,1,1,unchanged
BU02220803,Buitengebied Keppelseweg,BU02220803,Buitengebied - Keppelseweg,100.0,1,1,unchanged
BU02220804,Langerak-Zuid,BU02220804,Langerak - zuid,100.0,1,1,unchanged
BU02220901,Het Loo,BU02220901,Het Loo,100.0,1,1,unchanged
BU02220902,De Happert Ziekenhuis,BU02220902,De Happert - ziekenhuis,100.0,1,1,unchanged
BU02220903,De Kruisberg,BU02220903,De Kruisberg,100.0,1,1,unchanged
BU02220904,De Happert Leerinkstraat,BU02220904,De Happert - Leerinkstraat,100.0,1,1,unchanged
BU02220905,De IJkenberg,BU02220905,De IJkenberg,100.0,1,1,unchanged
BU02220906,De Bezelhorst,BU02220906,De Bezelhorst,100.0,1,1,unchanged
BU02220907,Buitengebied De Kruisberg,BU02220907,Buitengebied - De Kruisberg,100.0,1,2,unchanged
BU02220908,Buitengebied Groot Hagen,BU02220908,Buitengebied - Groot Hagen,100.0,1,1,unchanged
BU02220909,Langerak-Noord,BU02220909,Langerak - noord,100.0,1,1,unchanged
BU02220910,Buitengebied Christoffelstraat,BU02220907,Buitengebied - De Kruisberg,100.0,1,2,recoded
BU02220911,Wassinkbrink-Noordwest,BU02220911,Wassinkbrink - noordwest,100.0,1,1,unchanged
BU02221101,Vulcaansoord en het Richtersbos-Zuid,BU02221101,Vulcaansoord / Het Richtersbos - zuid,100.0,1,1,unchanged
BU02221102,De Elshof-Zuid,BU02221102,De Elshof - zuid,100.0,2,1,unchanged
BU02221103,De Pol en Akkermansweide,BU02221103,De Pol / Akkermansweide,100.0,1,1,unchanged
BU02221104,Het Hartger en de Elshof-Noord,BU02221104,Het Hartger / De Elshof - noord,100.0,1,1,unchanged
BU02221105,Buitengebied 't Klooster,BU02221105,Buitengebied - 't Klooster,100.0,1,1,unchanged
BU02221106,Buitengebied Pierikstraat,BU02221106,Buitengebied - Pierikstraat,100.0,1,1,unchanged
BU02221107,Buitengebied Pinnedijk,BU02221107,Buitengebied - Pinnedijk,100.0,1,1,unchanged
BU02223101,Wehl-Centrum,BU02223112,'t Hagelkruis,59.6,2,1,split
BU02223102,Wehl-West,BU02223102,Wehl - west,100.0,1,1,unchanged
BU02223103,Wehl-Zuidwest,BU02223103,Buitengebied - Stille Wald,81.8,2,1,split
BU02223104,Wehl-Zuidoost,BU02223104,Buitengebied - Het Broek,90.5,3,1,split
BU02223105,Wehl-Oost,BU02223105,Wehl - oost,97.6,2,1,split
BU02223106,Wehl-Noordoost,BU02223106,Wehl - noordoost,100.0,1,1,unchanged
BU02223107,Wehl-Noord,BU02223107,Wehl - noord,100.0,1,1,unchanged
BU02223108,Nieuw-Wehl-Centrum,BU02223108,Nieuw Wehl - centrum,100.0,1,1,unchanged
BU02223109,Nieuw-Wehl-Noordoost,BU02223109,Nieuw Wehl - noordoost,100.0,1,1,unchanged
BU02223110,Nieuw-Wehl-Noord,BU02223110,Nieuw Wehl - zuidwest,100.0,1,1,unchanged
BU02223111,A18 Bedrijvenpark,BU02223111,A18 Bedrijvenpark,100.0,1,1,unchanged
BU02250001,Druten,BU02250101,Boldershof,18.2,14,1,split
BU02250002,Druten Zuid,BU02250202,Klein Middelveld,46.1,9,1,split
BU02250003,Druten Bouwing,BU02250203,Buitenhof,59.4,6,1,split
BU02250004,Druten Westerhout,BU02250109,Bedrijventerrein Westerhout,99.9,4,1,recoded
BU02250005,Druten Buitengebied,BU02250001,Verspreide huizen Druten,96.8,5,2,merged
BU02250006,Drutense Waarden,BU02250001,Verspreide huizen Druten,100.0,6,2,recoded
BU02250101,Puiflijk,BU02250502,Puiflijk,99.9,4,1,recoded
BU02250102,Puiflijk Buitengebied,BU02250501,Verspreide huizen Puiflijk,99.1,6,1,recoded
BU02250201,Afferden,BU02250402,Afferden,100.0,2,1,recoded
BU02250202,Afferden Buitengebied,BU02250401,Verspreide huizen Afferden,100.0,7,2,recoded
BU02250203,Afferdense Waarden,BU02250401,Verspreide huizen Afferden,100.0,2,2,recoded
BU02250301,Deest,BU02250302,Deest,69.6,3,1,split
BU02250302,Deest Buitengebied,BU02250301,Verspreide huizen Deest,95.3,3,2,merged
BU02250303,Deestse Waarden,BU02250301,Verspreide huizen Deest,100.0,4,2,recoded
BU02250401,Horssen,BU02250602,Horssen,100.0,2,1,recoded
BU02250402,Horssen Molenhoek,BU02250603,Molenhoek,99.9,2,1,recoded
BU02250403,Horssen Buitengebied,BU02250601,Verspreide huizen Horssen,99.5,4,1,recoded
BU02260101,Bedrijventerrein,BU02260101,Bedrijventerrein,100.0,1,1,unchanged
BU02260201,Het Broek,BU02260201,Het Broek,100.0,1,1,unchanged
BU02260301,West,BU02260301,West,100.0,1,1,unchanged
BU02260302,Oud Zuid,BU02260302,Oud Zuid,100.0,1,1,unchanged
BU02260303,Centrum,BU02260303,Centrum,100.0,1,1,unchanged
BU02260304,De Vergert,BU02260304,De Vergert,100.0,1,1,unchanged
BU02260305,De Nieuweling,BU02260305,De Nieuweling,100.0,1,1,unchanged
BU02260306,De Ploen,BU02260306,De Ploen,100.0,1,1,unchanged
BU02260307,Noord,BU02260307,Noord,100.0,1,1,unchanged
BU02260308,Lommerweide,BU02260308,Lommerweide,100.0,1,1,unchanged
BU02260401,Zuidwest,BU02260401,Zuidwest,100.0,1,1,unchanged
BU02260402,Zuidoost,BU02260402,Zuidoost,100.0,1,1,unchanged
BU02260501,Groessen,BU02260501,Groessen,100.0,1,1,unchanged
BU02260601,Loo Gld,BU02260601,Loo Gld,100.0,1,1,unchanged
BU02280101,Centrum Ede,BU02280101,Centrum Ede,100.0,1,1,unchanged
BU02280102,Bosrand,BU02280102,Bosrand,100.0,1,1,unchanged
BU02280103,Komponistenbuurt,BU02280103,Komponistenbuurt,100.0,1,1,unchanged
BU02280104,Burgemeestersbuurt,BU02280104,Burgemeestersbuurt,100.0,2,1,unchanged
BU02280105,Stationsbuurt,BU02280105,Stationsbuurt,100.0,1,1,unchanged
BU02280201,Zeeheldenbuurt,BU02280201,Zeeheldenbuurt,100.0,1,1,unchanged
BU02280202,Indische buurt,BU02280202,Indische buurt,100.0,1,1,unchanged
BU02280203,Vogelbuurt,BU02280203,Vogelbuurt,100.0,1,1,unchanged
BU02280204,Bloemenbuurt,BU02280204,Bloemenbuurt,100.0,1,1,unchanged
BU02280205,Beatrixpark,BU02280205,Beatrixpark,100.0,1,1,unchanged
BU02280206,Klaphek,BU02280206,Klaphek,100.0,1,1,unchanged
BU02280301,De Horsten,BU02280301,De Horsten,100.0,1,1,unchanged
BU02280302,De Burgen,BU02280302,De Burgen,100.0,1,1,unchanged
BU02280303,De Steinen,BU02280303,De Steinen,100.0,1,1,unchanged
BU02280305,De Dalen,BU02280305,De Dalen,100.0,1,1,unchanged
BU02280306,De Velden en Beken,BU02280306,De Velden en Beken,100.0,1,1,unchanged
BU02280307,De Hoven,BU02280307,De Hoven,100.0,1,1,unchanged
BU02280401,De Bergen,BU02280401,De Bergen,100.0,1,1,unchanged
BU02280402,De Bossen,BU02280402,De Bossen,100.0,1,1,unchanged
BU02280403,De Venen en Zanden,BU02280403,De Venen en Zanden,100.0,1,1,unchanged
BU02280501,Veluwse Poort,BU02280501,Veluwse Poort,100.0,1,1,unchanged
BU02281001,Uitvindersbuurt,BU02281001,Uitvindersbuurt,100.0,1,1,unchanged
BU02281002,Hoogbouw-Zuid,BU02281002,Hoogbouw-Zuid,100.0,1,1,unchanged
BU02281003,Reehorst,BU02281003,Reehorst,100.0,1,1,unchanged
BU02281004,Enka,BU02281004,Enka,100.0,1,1,unchanged
BU02281101,Elskamp,BU02281101,Elskamp,100.0,1,1,unchanged
BU02281102,Maandereng-Oost,BU02281102,Maandereng-Oost,100.0,1,1,unchanged
BU02281103,De Hoef,BU02281103,De Hoef,100.0,1,1,unchanged
BU02281201,De Parken,BU02281201,De Parken,100.0,1,1,unchanged
BU02281202,De Dreven,BU02281202,De Dreven,100.0,1,1,unchanged
BU02281203,De Singels,BU02281203,De Singels,100.0,1,1,unchanged
BU02281204,De States,BU02281204,De States,100.0,1,1,unchanged
BU02281301,Frankeneng,BU02281301,Frankeneng,100.0,1,1,unchanged
BU02281302,Heestereng,BU02281302,Heestereng,100.0,1,1,unchanged
BU02281303,De Vallei,BU02281303,De Vallei,100.0,1,1,unchanged
BU02281304,Schuttersveld-Zuid,BU02281304,Schuttersveld-Zuid,100.0,1,1,unchanged
BU02281305,Schuttersveld-Noord,BU02281305,Schuttersveld-Noord,100.0,1,1,unchanged
BU02281306,Kievitsmeent,BU02281306,Kievitsmeent,100.0,1,1,unchanged
BU02282031,Maanderbroek,BU02282031,Maanderbroek,100.0,1,1,unchanged
BU02282032,Doesburg,BU02282032,Doesburg,100.0,1,1,unchanged
BU02282051,Driesprong/Ginkel,BU02282051,Driesprong/Ginkel,100.0,1,1,unchanged
BU02283001,De Laar,BU02283001,De Laar,100.0,2,1,unchanged
BU02283002,Bennekom-Zuidoost,BU02283002,Bennekom-Zuidoost,99.8,2,1,unchanged
BU02283003,Boekelo,BU02283003,Boekelo,100.0,1,1,unchanged
BU02283004,Halderbrink,BU02283004,Halderbrink,100.0,1,1,unchanged
BU02283031,De Kraats/Nergena,BU02283031,De Kraats/Nergena,100.0,1,1,unchanged
BU02283051,Dikkenberg,BU02283051,Dikkenberg,99.4,3,1,unchanged
BU02284001,Centrum Lunteren,BU02284001,Centrum Lunteren,100.0,1,1,unchanged
BU02284002,Wormshoef,BU02284002,Wormshoef,100.0,1,1,unchanged
BU02284003,Lunteren-Oost,BU02284003,Lunteren-Oost,100.0,1,1,unchanged
BU02284031,Nederwoud,BU02284031,Nederwoud,100.0,2,1,unchanged
BU02284032,De Veenen,BU02284032,De Veenen,100.0,1,1,unchanged
BU02284033,Lunterse Veld,BU02284033,Lunterse Veld,100.0,1,1,unchanged
BU02284034,Meulunteren/De Valk,BU02284034,Meulunteren/De Valk,100.0,2,1,unchanged
BU02284051,Lunterse Buurtbos,BU02284051,Lunterse Buurtbos,100.0,1,1,unchanged
BU02285001,Ederveen dorp,BU02285001,Ederveen dorp,100.0,1,1,unchanged
BU02285031,Ederveen buitengebied,BU02285031,Ederveen buitengebied,100.0,1,1,unchanged
BU02286001,De Klomp dorp,BU02286001,De Klomp dorp,100.0,1,1,unchanged
BU02286031,De Klomp buitengebied,BU02286031,De Klomp buitengebied,100.0,1,1,unchanged
BU02287001,Harskamp dorp,BU02287001,Harskamp dorp,100.0,1,1,unchanged
BU02287002,Legerplaats Harskamp,BU02287002,Legerplaats Harskamp,100.0,1,1,unchanged
BU02287031,Westeneng,BU02287031,Westeneng,100.0,3,1,unchanged
BU02287051,Harskampse Zand,BU02287051,Harskampse Zand,100.0,2,1,unchanged
BU02288001,Wekerom dorp,BU02288001,Wekerom dorp,100.0,1,1,unchanged
BU02288031,Wekeromse Meent,BU02288031,Wekeromse Meent,99.5,3,1,unchanged
BU02288051,Wekeromse Zand,BU02288051,Wekeromse Zand,100.0,1,1,unchanged
BU02289001,Otterlo dorp,BU02289001,Otterlo dorp,100.0,1,1,unchanged
BU02289031,Eschoter Veld,BU02289031,Eschoter Veld,100.0,2,1,unchanged
BU02289051,Reemst,BU02289051,Reemst,99.5,4,1,unchanged
BU02289052,Hoog Baarlo,BU02289052,Hoog Baarlo,100.0,3,1,unchanged
BU02289053,Deelen,BU02289053,Deelen,100.0,1,1,unchanged
BU02300100,Elburg Stad,BU02300100,Binnenstad,89.7,4,1,split
BU02300101,Elburg West en havengebied,BU02300101,Havengebied,53.6,7,1,split
BU02300102,Elburg-Oosthoek,BU02300102,Oosthoek,80.3,9,1,split
BU02300103,Elburg De Vrijheid,BU02300103,Vrijheid,85.3,5,1,split
BU02300104,Oostendorp,BU02300104,Oostendorp,57.7,8,1,split
BU02300105,Achterweg,BU02300106,Achterweg-De Dijkjes-Horstkamp,88.9,3,1,split
BU02300108,Verspreide huizen Elburg-Zuid,BU02300108,Buitengebied Elburg Zuid,88.0,6,1,split
BU02300109,Verspreide huizen Elburg-Noord,BU02300109,Buitengebied Elburg Noord,90.3,6,1,split
BU02300201,'t Harde-Centrum,BU02300201,’t Harde Centrum,32.9,7,1,split
BU02300202,'t Harde-West,BU02300202,’t Harde West,60.2,5,1,split
BU02300203,'t Harde-Oost,BU02300203,’t Harde Oost,65.3,6,1,split
BU02300207,Verspreide huizen 't Harde Noord-West,BU02300207,Buitengebied ’t Harde Noord,92.3,6,1,split
BU02300209,Verspreide huizen 't Harde Zuid-Oost,BU02300209,Buitengebied ’t Harde Zuid,86.0,5,1,split
BU02300300,Doornspijk,BU02300300,Doornspijk,77.0,4,1,split
BU02300304,Hoge Enk,BU02300304,Hoge Enk,97.6,4,1,split
BU02300306,Verspreide huizen Doornspijk-West,BU02300306,Buitengebied Doornspijk West,96.3,6,1,split
BU02300308,Verspreide huizen Doornspijk-Oost,BU02300308,Buitengebied Doornspijk Oost,94.3,5,1,split
BU02309997,,BU02309997,Groot binnenwater,99.3,4,1,unchanged
BU02320000,Epe-Centrum,BU02320000,Epe Centrum,83.1,6,1,split
BU02320001,Hogeland-Hoge Weerd,BU02320002,Hogeland,51.4,7,1,split
BU02320002,Epe-Zuid,BU02320008,Vegtelarij,32.5,11,1,split
BU02320003,Epe-Oost,BU02320012,Buitengebied Epe Oost,37.6,8,2,merged
BU02320004,Epe-Noord,BU02320003,Epe Noord,68.2,3,1,split
BU02320008,Verspreide huizen Wissel,BU02320011,Buitengebied Epe West,77.9,5,2,merged
BU02320009,Verspreide huizen Vemde-Zuuk,BU02320012,Buitengebied Epe Oost,85.0,5,2,merged
BU02320100,Emst,BU02320100,Kern Emst,82.2,2,1,split
BU02320101,Oene,BU02320300,Kern Oene,80.0,2,1,split
BU02320107,Verspreide huizen Emst,BU02320101,Buitengebied Emst,93.0,5,3,merged
BU02320108,Verspreide huizen Oene,BU02320301,Buitengebied Oene,75.2,4,1,split
BU02320109,Verspreide huizen Emsterbroek,BU02320101,Buitengebied Emst,74.1,4,3,merged
BU02320200,Vaassen-Centrum,BU02320200,Vaassen Centrum,91.6,5,1,split
BU02320201,Vaassen-Noord-West,BU02320201,Heggerenk,35.1,5,1,split
BU02320202,Vaassen-West,BU02320203,Krugerstraat Zuid,26.7,7,1,split
BU02320203,Oude Apeldoornseweg en omgeving,BU02320209,Vulcanus - de Pirk,78.5,6,1,split
BU02320204,Vaassen-Oosterhof,BU02320204,Oosterhof,76.5,5,1,split
BU02320207,Verspreide huizen De Botterd,BU02320211,Buitengebied Vaassen,76.2,6,4,merged
BU02320208,Verspreide huizen Vaassen,BU02320211,Buitengebied Vaassen,97.1,8,4,merged
BU02320209,Verspreide huizen Geerstraat en omgeving,BU02320211,Buitengebied Vaassen,99.6,2,4,recoded
BU02320300,Tongeren,BU02320011,Buitengebied Epe West,100.0,1,2,recoded
BU02320301,Gortel,BU02320101,Buitengebied Emst,100.0,1,3,recoded
BU02320308,Verspreide huizen bosgebied Niersen en Gortel,BU02320211,Buitengebied Vaassen,63.4,3,4,merged
BU02320309,Verspreide huizen bosgebied Tongeren,BU02320010,Buitengebied Epe Noord,70.9,4,1,split
BU02330000,Ermelo,BU02330003,Ermelo - Zuid,39.1,9,1,split
BU02330001,Ermelo-Oost,BU02330002,Ermelo - Oost,55.3,6,1,split
BU02330002,Ermelo-West,BU02330004,Ermelo - West,96.4,3,1,split
BU02330003,Veldwijk-'s Heerenloo,BU02330301,Verspreide huizen Horst,38.1,8,2,merged
BU02330004,Tonsel,BU02330201,Tonsel,61.0,3,1,split
BU02330005,Horst,BU02330301,Verspreide huizen Horst,62.9,3,2,merged
BU02330006,Buurt Ermelo ten dele bij de kern,BU02330401,Verspreide huizen bosgebied,85.0,5,3,merged
BU02330007,Verspreide huizen Telgt,BU02330304,Verspreide huizen Telgt,97.7,6,1,split
BU02330008,Verspreide huizen Zuiderzeeland,BU02330302,Verspreide huizen Zuiderzeeland,85.3,5,1,split
BU02330009,Verspreide huizen bosgebied,BU02330401,Verspreide huizen bosgebied,97.4,4,3,merged
BU02330100,Speuld,BU02330501,Verspreide huizen Speuld,97.0,3,1,split
BU02330105,Verspreide huizen Staverden,BU02330505,Verspreide huizen Staverden,98.1,3,1,split
BU02330106,Verspreide huizen Houtdorp,BU02330504,Verspreide huizen Houtdorp,99.5,2,1,recoded
BU02330107,Verspreide huizen Leuvenum,BU02330506,Verspreide huizen Leuvenum,93.2,2,1,split
BU02330108,Verspreide huizen De Beek,BU02330503,Verspreide huizen De Beek,96.2,2,1,split
BU02330109,Verspreide huizen bosgebied,BU02330401,Verspreide huizen bosgebied,70.3,8,3,merged
BU02339997,,BU02339997,Groot binnenwater,99.8,2,1,unchanged
BU02360000,Geldermalsen-Centrum,BU19600003,Geldermalsen Oost,58.5,7,1,split
BU02360001,Geldermalsen-West,BU19600001,Geldermalsen Middengebied,54.1,7,1,split
BU02360002,Geldermalsen-Oost ('t Rot),BU19600007,Verspreide huizen Oostzijde,97.5,3,1,split
BU02360003,Geldermalsen-Zuid,BU19600004,Geldermalsen Zuid,55.1,6,1,split
BU02360004,Meteren,BU19600402,Meteren - De Plantage,38.9,6,1,split
BU02360008,Verspreide huizen Meteren,BU19600403,Meteren e.o.,60.3,8,1,split
BU02360009,Verspreide huizen Geldermalsen,BU19600008,Geldermalsen e.o.,34.5,13,1,split
BU02360100,Deil,BU19600100,Deil,88.9,3,1,split
BU02360101,Enspijk,BU19600101,Enspijk,65.6,3,1,split
BU02360102,Rumpt,BU19600102,Rumpt,75.2,3,1,split
BU02360103,Gellicum,BU19600103,Gellicum,67.2,3,1,split
BU02360106,Verspreide huizen Gellicum,BU19600106,Gellicum e.o.,96.9,6,1,split
BU02360107,Verspreide huizen Rumpt,BU19600107,Rumpt e.o.,93.5,7,1,split
BU02360108,Verspreide huizen Enspijk,BU19600108,Enspijk e.o.,97.5,6,1,split
BU02360109,Verspreide huizen poldergebied Deil,BU19600109,Deil e.o.,84.1,7,1,split
BU02360200,Beesd,BU19600201,Beesd Oost,52.1,4,1,split
BU02360201,Rhenoy,BU19600202,Rhenoy,91.2,4,1,split
BU02360202,Acquoy,BU19600203,Acquoy,82.5,3,1,split
BU02360207,Verspreide huizen Acquoy,BU19600207,Aquoy e.o.,85.7,5,1,split
BU02360208,Verspreide huizen Rhenoy,BU19600208,Rhenoy e.o.,49.9,4,1,split
BU02360209,Verspreide huizen Beesd,BU19600209,Beesd e.o.,98.3,10,1,split
BU02360300,Buurmalsen,BU19600300,Buurmalsen,90.4,2,1,split
BU02360301,Tricht,BU19600301,Tricht,86.5,4,1,split
BU02360308,Verspreide huizen Tricht,BU19600308,Tricht e.o.,79.7,7,1,split
BU02360309,Verspreide huizen Buurmalsen,BU19600309,Buurmalsen e.o.,97.3,9,1,split
BU02410000,Groesbeek Centrum-Zuid,BU19450500,Groesbeek Centrum-Zuid,66.9,9,1,split
BU02410001,Groesbeek-Noord,BU19450505,Groesbeek Stekkenberg,92.4,6,1,split
BU02410002,Groesbeek-Centrum-Noord,BU19450501,Groesbeek Centrum-Noord,93.8,4,1,split
BU02410003,Groesbeek De Drul,BU19450504,Groesbeek De Drul-West,60.3,6,1,split
BU02410004,Groesbeek Nijerf,BU19450502,Groesbeek Nijerf,64.8,6,1,split
BU02410005,Heilig Landstichting,BU19450600,Heilig Landstichting,96.2,3,1,split
BU02410006,Berg en Dal,BU19450102,Buitengebied Berg en Dal,42.7,3,3,merged
BU02410007,Verspreide huizen Groesbeek-Zuid,BU19450509,Buitengebied Groesbeek-Zuid-West,97.8,5,1,split
BU02410008,Verspreide huizen Groesbeek-Noord,BU19450510,Buitengebied Groesbeek-Noord,78.5,9,1,split
BU02410009,Verspreide huizen Meerwijk,BU19450102,Buitengebied Berg en Dal,84.3,4,3,merged
BU02410010,Verspreide huizen Meiberg,BU19450601,Buitengebied Heilig Landstichting,44.5,7,1,split
BU02410011,Verspreide huizen Hoge en Lage Langeberg,BU19450508,Buitengebied Groesbeek-Noord-West,98.8,4,1,split
BU02410012,Bedrijventerrein,BU19450507,Bedrijventerrein Mies,55.7,7,1,split
BU02410100,Breedeweg,BU19450200,Breedeweg,83.7,2,1,split
BU02410101,Horst,BU19450300,De Horst,68.2,2,1,split
BU02410108,Verspreide huizen Breedeweg,BU19450201,Buitengebied Breedeweg,96.9,5,1,split
BU02410109,Verspreide huizen Horst,BU19450301,Buitengebied De Horst,99.6,4,1,recoded (gemeente change)
BU02410200,Ubbergen,BU19451200,Ubbergen,97.8,3,1,split
BU02410201,Beek,BU19450001,Beek-Oost,35.7,7,1,split
BU02410202,Berg en Dal (gedeeltelijk),BU19450102,Buitengebied Berg en Dal,81.3,6,3,merged
BU02410203,Ooij,BU19451000,Ooij,82.9,4,1,split
BU02410204,Leuth,BU19450800,Leuth,94.0,3,1,split
BU02410205,Kekerdom,BU19450700,Kekerdom,71.8,2,1,split
BU02410206,Verspreide huizen Beek,BU19450003,Buitengebied Beek,94.5,6,1,split
BU02410207,Verspreide huizen Leuth,BU19450802,Buitengebied Leuth,97.2,6,1,split
BU02410208,Verspreide huizen Kekerdom,BU19450701,Buitengebied Kekerdom,78.3,6,1,split
BU02410209,"Verspreide huizen Ooij, Persingen, Erlecom",BU19451002,Buitengebied Ooij,56.3,9,1,split
BU02410300,Millingen aan de Rijn,BU19450900,Millingen aan de Rijn-Oost,48.4,6,1,split
BU02410308,Verspreide huizen in Millingerwaard,BU19450904,Buitengebied Millingerwaard,98.3,4,1,split
BU02410309,Verspreide huizen poldergebied,BU19450903,Buitengebied Zuid,99.4,5,1,recoded (gemeente change)
BU02430101,Binnenstad-Noord,BU02430101,Binnenstad Noord,97.0,3,1,split
BU02430102,Binnenstad-Zuid,BU02430102,Binnenstad Zuid,99.2,3,1,unchanged
BU02430201,De Eilanden,BU02430201,De Eilanden,77.9,4,1,split
BU02430202,De Kades,BU02430202,De Kades,91.6,3,1,split
BU02430203,Stadswerven,BU02430203,Stadswerven,96.7,4,1,split
BU02430204,De Knar,BU02439997,Groot binnenwater,50.8,3,2,merged
BU02430301,Zeebuurt-Oost,BU02430301,Zeebuurt Oost,100.0,1,1,unchanged
BU02430302,Zeebuurt-west,BU02430302,Zeebuurt West,100.0,1,1,unchanged
BU02430401,Friesegracht-Noord,BU02430401,Friesegracht Noord,100.0,1,1,unchanged
BU02430402,Friesegracht-Zuid,BU02430402,Friesegracht Zuid,100.0,1,1,unchanged
BU02430501,Stadsdennen-Noord,BU02430501,Stadsdennen Noord,100.0,1,1,unchanged
BU02430502,Stadsdennen-Midden,BU02430502,Stadsdennen Midden,100.0,1,1,unchanged
BU02430503,Stadsdennen-Oost,BU02430503,Stadsdennen Oost,100.0,1,1,unchanged
BU02430504,Stadsdennen-Zuidwest,BU02430504,Stadsdennen Zuidwest,100.0,1,1,unchanged
BU02430601,Sypel-Oost,BU02430601,Sypel Oost,100.0,1,1,unchanged
BU02430602,Sypel-West,BU02430602,Sypel West,100.0,1,1,unchanged
BU02430701,nachthok,BU02430701,Nachthok,100.0,1,1,unchanged
BU02430702,Weiburg,BU02430702,Weiburg,100.0,1,1,unchanged
BU02430801,Kruithuis,BU02430801,Kruithuis,100.0,2,1,unchanged
BU02430802,Hanzewaard,BU02430802,Hanzewaard,100.0,2,1,unchanged
BU02430803,Scheepswaard,BU02430803,Scheepswaard,96.7,2,1,split
BU02430804,Stedenwaard,BU02430804,Stedenwaard,97.2,2,1,split
BU02430805,Vogelwaard,BU02430805,Vogelwaard,99.3,2,1,unchanged
BU02430806,Weidewaard,BU02430806,Weidewaard,100.0,1,1,unchanged
BU02430807,Drift,BU02430807,Drift,100.0,1,1,unchanged
BU02430808,Stromenwaard,BU02430808,Stromenwaard,100.0,1,1,unchanged
BU02430901,Slingerbos-Noord,BU02430901,Slingerbos Noord,100.0,1,1,unchanged
BU02430902,Slingerbos-Zuid,BU02430902,Slingerbos Zuid,100.0,1,1,unchanged
BU02431001,Veldkamp,BU02431001,Veldkamp,100.0,1,1,unchanged
BU02431002,Kranenburg,BU02431002,Kranenburg,100.0,1,1,unchanged
BU02431003,"Bedrijventerrein ""De Sypel""",BU02431003,Bedrijvenpark Sypel,100.0,1,1,unchanged
BU02431004,Tinnegieter,BU02431004,Tinnegieter,100.0,1,1,unchanged
BU02431005,De Wittenhagen-Noord,BU02431005,De Wittenhagen Noord,100.0,1,1,unchanged
BU02431006,De Wittenhagen-Zuid,BU02431006,De Wittenhagen Zuid,100.0,1,1,unchanged
BU02431101,Broekland,BU02431101,Broekland,100.0,1,1,unchanged
BU02431102,De Akker,BU02431102,De Akker,100.0,2,1,unchanged
BU02431103,Walstein,BU02431103,Walstein,100.0,3,1,unchanged
BU02431104,Overveld,BU02431104,Overveld,95.8,4,1,split
BU02431201,Muziekland I,BU02431201,Muziekland I,100.0,1,1,unchanged
BU02431202,Muziekland II,BU02431202,Muziekland II,100.0,1,1,unchanged
BU02431203,Muziekland III,BU02431203,Muziekland III,100.0,1,1,unchanged
BU02431204,Muziekland IV,BU02431204,Muziekland IV,100.0,1,1,unchanged
BU02431205,Drielanden-Centrum,BU02431205,Drielanden Centrum,100.0,1,1,unchanged
BU02431206,Harderhout I,BU02431206,Harderhout I,100.0,1,1,unchanged
BU02431207,Harderhout II,BU02431207,Harderhout II,100.0,1,1,unchanged
BU02431208,De Burcht,BU02431213,Harderweide,99.4,2,2,recoded
BU02431209,De Gronden,BU02431213,Harderweide,100.0,1,2,recoded
BU02431210,Groerne Zoom,BU02431210,Groene Zoom,100.0,1,1,unchanged
BU02431211,Tonsel,BU02431211,Tonsel,100.0,1,1,unchanged
BU02431212,Weisteeg,BU02431212,Weisteeg,100.0,1,1,unchanged
BU02431301,Lorentz I,BU02431301,Lorentz I,99.9,2,1,unchanged
BU02431302,Lorentz II,BU02431302,Lorentz II,98.7,5,1,split
BU02431303,Lorentz III,BU02431303,Lorentz III,100.0,2,1,unchanged
BU02431401,Strokel,BU02431401,Strokel,100.0,1,1,unchanged
BU02431402,Sonnevanck,BU02431402,Sonnevanck,100.0,1,1,unchanged
BU02431403,Harderwijkerbos,BU02431403,Harderwijkerbos,100.0,1,1,unchanged
BU02431501,Hierden-Dorp,BU02431501,Hierden Dorp,100.0,1,1,unchanged
BU02431502,Hierden Glindweg,BU02431502,Hierden Glindweg,100.0,1,1,unchanged
BU02431503,Hierden Mheenlanden,BU02431503,Hierden Mheenlanden,99.9,3,1,unchanged
BU02431504,Hierden de Enk,BU02431504,Hierden De Enk,100.0,1,1,unchanged
BU02431505,Hierden De Duinen,BU02431505,Hierden De Duinen,100.0,1,1,unchanged
BU02431506,Hierden De Biest,BU02431506,Hierden De Biest,100.0,1,1,unchanged
BU02431601,Woldenwijd-Noord,BU02430204,De Knar,88.3,2,1,split
BU02439997,,BU02439997,Groot binnenwater,96.2,11,2,merged
BU02440000,Binnenstad,BU02440000,Binnenstad,100.0,1,1,unchanged
BU02440001,Zandkamp en omgeving,BU02440001,Zandkamp en omgeving,100.0,1,1,unchanged
BU02440002,Ten oosten van Apeldoornseweg,BU02440002,Ten oosten van Apeldoornseweg,100.0,1,1,unchanged
BU02440003,Hogenkamp en omgeving,BU02440003,Hogenkamp en omgeving,100.0,1,1,unchanged
BU02440004,Villapark,BU02440004,Villapark,100.0,1,1,unchanged
BU02440005,De Hilst,BU02440005,De Hilst,100.0,1,1,unchanged
BU02440008,Verspreide huizen bosgebied,BU02440008,Verspreide huizen bosgebied,100.0,1,1,unchanged
BU02440009,Verspreide huizen Hoenwaard,BU02440009,Verspreide huizen Hoenwaard,100.0,1,1,unchanged
BU02440108,Verspreide huizen Koeweg en Molecaten,BU02440108,Verspreide huizen Koeweg en Molecaten,100.0,1,1,unchanged
BU02440109,Verspreide huizen Gelderse Dijk en omgeving,BU02440109,Verspreide huizen Gelderse Dijk en omgeving,100.0,1,1,unchanged
BU02460000,Heerde,BU02460000,Heerde,100.0,1,1,unchanged
BU02460001,Veessen,BU02460001,Veessen,100.0,1,1,unchanged
BU02460002,Vorchten,BU02460002,Vorchten,100.0,1,1,unchanged
BU02460003,Hoorn,BU02460003,Hoorn,100.0,1,1,unchanged
BU02460004,Verspreide huizen Veessen,BU02460004,Verspreide huizen Veessen,100.0,1,1,unchanged
BU02460005,Verspreide huizen Heerde-Noord en Hoorn,BU02460005,Verspreide huizen Heerde-Noord en Hoorn,100.0,1,1,unchanged
BU02460006,Verspreide huizen Heerde-Zuid,BU02460006,Verspreide huizen Heerde-Zuid,100.0,1,1,unchanged
BU02460007,Verspreide huizen Vorchten,BU02460007,Verspreide huizen Vorchten,100.0,1,1,unchanged
BU02460008,Verspreide huizen Lage Land,BU02460008,Verspreide huizen Lage Land,100.0,1,1,unchanged
BU02460009,Verspreide huizen bosgebied,BU02460009,Verspreide huizen bosgebied,100.0,1,1,unchanged
BU02460100,Wapenveld,BU02460100,Wapenveld,100.0,1,1,unchanged
BU02460106,Verspreide huizen Wapenveld-Noord,BU02460106,Verspreide huizen Wapenveld-Noord,100.0,1,1,unchanged
BU02460107,Verspreide huizen Wapenveld-Zuid,BU02460107,Verspreide huizen Wapenveld-Zuid,100.0,1,1,unchanged
BU02460108,Verspreide huizen Lage Land,BU02460108,Verspreide huizen Lage Land,100.0,1,1,unchanged
BU02460109,Verspreide huizen bosgebied,BU02460109,Verspreide huizen bosgebied,100.0,1,1,unchanged
BU02520000,Heumen,BU02520000,Heumen,100.0,1,1,unchanged
BU02520001,Malden-West,BU02520001,Malden-West,100.0,1,1,unchanged
BU02520002,Malden-Oost,BU02520002,Malden-Oost,100.0,1,1,unchanged
BU02520003,Broekkant en Droge,BU02520003,Broekkant en Droge,100.0,1,1,unchanged
BU02520004,Molenhoek,BU02520004,Molenhoek,100.0,1,1,unchanged
BU02520005,Kluis,BU02520005,Kluis,100.0,1,1,unchanged
BU02520006,Verspreide huizen Malden,BU02520006,Verspreide huizen Malden,100.0,1,1,unchanged
BU02520007,Verspreide huizen bosgebied ten oosten kanaal,BU02520007,Verspreide huizen bosgebied ten oosten kanaal,100.0,1,1,unchanged
BU02520008,Verspreide huizen Heumen,BU02520008,Verspreide huizen Heumen,100.0,1,1,unchanged
BU02520009,Verspreide huizen bosgebied ten westen kanaal,BU02520009,Verspreide huizen bosgebied ten westen kanaal,100.0,1,1,unchanged
BU02520100,Overasselt,BU02520100,Overasselt,100.0,1,1,unchanged
BU02520101,Nederasselt,BU02520101,Nederasselt,100.0,1,1,unchanged
BU02520103,Verspreide huizen Overasseltse Broek,BU02520103,Verspreide huizen Overasseltse Broek,100.0,2,1,unchanged
BU02520104,Verspreide huizen Overasseltse Uiterwaarden,BU02520104,Verspreide huizen Overasseltse Uiterwaarden,100.0,1,1,unchanged
BU02520105,Verspreide huizen Valenberg en Heide,BU02520105,Verspreide huizen Valenberg en Heide,100.0,1,1,unchanged
BU02520106,Verspreide huizen Nederasseltse Broek,BU02520106,Verspreide huizen Nederasseltse Broek,100.0,1,1,unchanged
BU02520107,Verspreide huizen Worsum,BU02520107,Verspreide huizen Worsum,100.0,1,1,unchanged
BU02520108,Verspreide huizen in de polder Balgoij en Einde,BU02520108,Verspreide huizen in de polder Balgoij en Einde,100.0,1,1,unchanged
BU02520109,Verspreide huizen Nederasseltse Uiterwaarden,BU02520109,Verspreide huizen Nederasseltse Uiterwaarden,100.0,1,1,unchanged
BU02620000,Vesting,BU02620000,Vesting,100.0,1,1,unchanged
BU02620001,Zuiderenk,BU02620001,Zuiderenk,100.0,1,1,unchanged
BU02620002,Lochem-Zuid,BU02620002,Lochem-Zuid,100.0,1,1,unchanged
BU02620003,Lochem-Oost,BU02620003,Lochem-Oost,100.0,1,1,unchanged
BU02620004,Lochem-West,BU02620004,Lochem-West,100.0,1,1,unchanged
BU02620005,Lochem-Noord,BU02620005,Lochem-Noord,100.0,1,1,unchanged
BU02620006,Molengronden,BU02620006,Molengronden,100.0,1,1,unchanged
BU02620100,Zwiep,BU02620100,Zwiep,100.0,1,1,unchanged
BU02620106,Verspreide huizen Het Veen en Grote Veld,BU02620106,Verspreide huizen Het Veen en Grote Veld,100.0,2,1,unchanged
BU02620107,Verspreide huizen Klein Dochteren,BU02620107,Verspreide huizen Klein Dochteren,100.0,1,1,unchanged
BU02620108,Verspreide huizen Ampsen,BU02620108,Verspreide huizen Ampsen,100.0,1,1,unchanged
BU02620109,"Verspreide huizen Nettelhorst, Langen en Zwiep",BU02620109,"Verspreide huizen Nettelhorst, Langen en Zwiep",100.0,1,1,unchanged
BU02620200,Laren,BU02620200,Laren,100.0,1,1,unchanged
BU02620201,Exel,BU02620201,Exel,100.0,1,1,unchanged
BU02620205,Verspreide huizen Groot Dochteren,BU02620205,Verspreide huizen Groot Dochteren,100.0,2,1,unchanged
BU02620206,Verspreide huizen Oolde,BU02620206,Verspreide huizen Oolde,100.0,1,1,unchanged
BU02620207,Verspreide huizen Verwolde,BU02620207,Verspreide huizen Verwolde,100.0,1,1,unchanged
BU02620208,Verspreide huizen Exel,BU02620208,Verspreide huizen Exel,100.0,1,1,unchanged
BU02620209,Exel Tol,BU02620209,Exel Tol,100.0,1,1,unchanged
BU02620300,Barchem,BU02620300,Barchem,100.0,1,1,unchanged
BU02620307,Verspreide huizen Lochemseweg,BU02620307,Verspreide huizen Lochemseweg,100.0,1,1,unchanged
BU02620308,Verspreide huizen Zwarte Veen en Barchemse Enk,BU02620308,Verspreide huizen Zwarte Veen en Barchemse Enk,100.0,1,1,unchanged
BU02620309,Verspreide huizen Boschheurne en Zwiepsche Broek,BU02620309,Verspreide huizen Boschheurne en Zwiepsche Broek,100.0,1,1,unchanged
BU02620400,Gorssel,BU02620400,Gorssel,100.0,1,1,unchanged
BU02620401,Eefde,BU02620401,Eefde,100.0,1,1,unchanged
BU02620402,Epse,BU02620402,Epse,100.0,1,1,unchanged
BU02620406,Verspreide huizen Joppe,BU02620406,Verspreide huizen Joppe,100.0,1,1,unchanged
BU02620407,Verspreide huizen Gorssel,BU02620407,Verspreide huizen Gorssel,100.0,1,1,unchanged
BU02620408,Verspreide huizen Epse,BU02620408,Verspreide huizen Epse,100.0,1,1,unchanged
BU02620409,Verspreide huizen Eefde,BU02620409,Verspreide huizen Eefde,100.0,2,1,unchanged
BU02620500,Almen,BU02620500,Almen,100.0,1,1,unchanged
BU02620501,Harfsen,BU02620501,Harfsen,100.0,1,1,unchanged
BU02620506,Verspreide huizen Almen ten zuiden van Twentekanaal,BU02620506,Verspreide huizen Almen ten zuiden van Twentekanaal,100.0,1,1,unchanged
BU02620507,Verspreide huizen Almen ten noorden van Twentekanaal,BU02620507,Verspreide huizen Almen ten noorden van Twentekanaal,100.0,1,1,unchanged
BU02620508,Verspreide huizen Harfsen,BU02620508,Verspreide huizen Harfsen,100.0,1,1,unchanged
BU02620509,Verspreide huizen Kring van Dorth,BU02620509,Verspreide huizen Kring van Dorth,100.0,1,1,unchanged
BU02630000,Kerkdriel,BU02630000,Kerkdriel,100.0,1,1,unchanged
BU02630001,Velddriel,BU02630001,Velddriel,100.0,1,1,unchanged
BU02630002,Hoenzadriel,BU02630002,Hoenzadriel,100.0,1,1,unchanged
BU02630003,Alem,BU02630003,Alem,100.0,1,1,unchanged
BU02630006,Verspreide huizen Noord Beemden,BU02630006,Verspreide huizen Noord Beemden,100.0,1,1,unchanged
BU02630007,"Verspreide huizen Kerkdriel, Berm en Hoorzik",BU02630007,"Verspreide huizen Kerkdriel, Berm en Hoorzik",100.0,1,1,unchanged
BU02630008,"Verspreide huizen Velddriel, Vlierd en Beemden",BU02630008,"Verspreide huizen Velddriel, Vlierd en Beemden",100.0,1,1,unchanged
BU02630009,Verspreide huizen Maasdijk en Uiterwaarden,BU02630009,Verspreide huizen Maasdijk en Uiterwaarden,100.0,1,1,unchanged
BU02630010,Verspreide huizen Alem,BU02630010,Verspreide huizen Alem,100.0,1,1,unchanged
BU02630100,Ammerzoden,BU02630100,Ammerzoden,100.0,1,1,unchanged
BU02630101,Well,BU02630101,Well,100.0,1,1,unchanged
BU02630102,Wellseind-Slijkwell,BU02630102,Wellseind-Slijkwell,100.0,1,1,unchanged
BU02630108,Verspreide huizen Het Heust,BU02630108,Verspreide huizen Het Heust,100.0,1,1,unchanged
BU02630109,Verspreide huizen Uilecoten,BU02630109,Verspreide huizen Uilecoten,100.0,1,1,unchanged
BU02630200,Hedel,BU02630200,Hedel,100.0,1,1,unchanged
BU02630208,Verspreide huizen in het bouwgebied,BU02630208,Verspreide huizen in het bouwgebied,100.0,1,1,unchanged
BU02630209,Verspreide huizen in de polder Hedel,BU02630209,Verspreide huizen in de polder Hedel,100.0,1,1,unchanged
BU02630300,Heerewaarden,BU02630300,Heerewaarden,100.0,1,1,unchanged
BU02630301,"Huizendijk, Voorne, De Kop en Veluwe",BU02630301,"Huizendijk, Voorne, De Kop en Veluwe",100.0,1,1,unchanged
BU02630309,Verspreide huizen Heerewaarden,BU02630309,Verspreide huizen Heerewaarden,100.0,1,1,unchanged
BU02630400,Rossum,BU02630400,Rossum,100.0,1,1,unchanged
BU02630401,Hurwenen,BU02630401,Hurwenen,100.0,1,1,unchanged
BU02630408,Verspreide huizen Hurwenen en Rossum,BU02630408,Verspreide huizen Hurwenen en Rossum,100.0,1,1,unchanged
BU02630409,Overige verspreide huizen,BU02630409,Overige verspreide huizen,100.0,1,1,unchanged
BU02670101,Industriegebied,BU02670101,Industriegebied,85.7,6,1,split
BU02670102,Doornsteeg,BU02670118,Doornsteeg,27.7,8,1,split
BU02670103,Corlaer,BU02670103,Corlaer,95.4,4,1,split
BU02670104,Schulpkamp,BU02670104,Nautena-zuid/Schulpkamp,91.5,6,1,split
BU02670105,Havenstraat,BU02670105,Nautena-noord/Havenstraat,88.3,5,1,split
BU02670106,Centrum Nijkerk,BU02670106,Centrum,89.8,5,1,split
BU02670107,Campenbuurt,BU02670107,Bruins Slotlaan/Campenbuurt,97.7,3,1,split
BU02670108,Oranjebuurt,BU02670108,Zilverschoon/Oranjebuurt,97.0,5,1,split
BU02670109,Colthoflaan,BU02670109,Coltoflaan/van Oldenbarneveldstraat,66.6,7,1,split
BU02670110,Luxool,BU02670110,Luxool,94.9,4,1,split
BU02670111,Paasbos-West,BU02670111,Paasbos-west,98.0,6,1,split
BU02670112,Paasbos-Oost,BU02670112,Paasbos-oost,96.6,5,1,split
BU02670113,Strijland-West,BU02670113,Strijland-west,97.1,3,1,split
BU02670114,Strijland-Oost,BU02670114,Strijland-oost,94.2,3,1,split
BU02670201,Kruishaar,BU02670201,Kruishaar,99.0,6,1,split
BU02670202,Slichtenhorst,BU02670202,Slichtenhorst,97.9,10,1,split
BU02670203,Appel,BU02670203,Appel/'t Woud,99.2,4,1,unchanged
BU02670204,Prinsenkamp,BU02670204,Prinsenkamp,100.0,2,1,unchanged
BU02670301,Nijkerkerveen,BU02670301,Nijkerkerveen-Zuid,48.3,7,1,split
BU02670302,Holkerveen,BU02670302,Holkerveen,70.1,6,1,split
BU02670401,Arkemheen,BU02670401,Arkemheen,99.7,2,1,unchanged
BU02670402,De Veenhuis Achterhoek,BU02670402,De Veenhuis/Achterhoek,97.8,2,1,split
BU02670501,Horstbeek,BU02670505,Hoevelaken-Middelaar,56.3,4,1,split
BU02670502,Overhorst,BU02670502,Hoevelaken-Overhorst,99.4,2,1,unchanged
BU02670503,Kleinhoven,BU02670503,Hoevelaken-Kleinhoven,98.4,6,1,split
BU02670504,Hogenbrink,BU02670504,Hoevelaken-Hogenbrink,97.6,5,1,split
BU02679997,,BU02679997,Groot binnenwater,98.8,2,1,split
BU02680100,Benedenstad,BU02680100,Benedenstad,94.0,4,1,split
BU02680101,Stadscentrum,BU02680101,Stadscentrum,97.5,9,1,split
BU02680202,Bottendaal,BU02680202,Bottendaal,87.5,5,1,split
BU02680203,Galgenveld,BU02680203,Galgenveld,97.2,8,1,split
BU02680204,Altrade,BU02680204,Altrade,93.0,5,1,split
BU02680205,Hunnerberg,BU02680205,Hunnerberg,97.8,7,1,split
BU02680206,Hengstdal,BU02680206,Hengstdal,95.3,5,1,split
BU02680207,Kwakkenberg,BU02680207,Kwakkenberg,88.2,5,1,split
BU02680208,Groenewoud,BU02680208,Groenewoud,93.3,7,1,split
BU02680209,Ooyse Schependom,BU02680209,Ooyse Schependom,97.7,5,1,split
BU02680320,Biezen,BU02680320,Biezen,97.6,7,1,split
BU02680321,Wolfskuil,BU02680321,Wolfskuil,95.8,6,1,split
BU02680422,Hees,BU02680422,Hees,81.8,6,1,split
BU02680423,Heseveld,BU02680423,Heseveld,94.0,6,1,split
BU02680424,Neerbosch-Oost,BU02680424,Neerbosch-Oost,99.7,3,1,unchanged
BU02680425,Haven- en industrieterrein,BU02680425,Haven- en industrieterrein,95.4,6,1,split
BU02680510,Nije Veld,BU02680510,Nije Veld,91.4,8,1,split
BU02680511,Hazenkamp,BU02680511,Hazenkamp,97.1,4,1,split
BU02680512,Goffert,BU02680512,Goffert,96.2,7,1,split
BU02680513,St. Anna,BU02680513,St. Anna,97.6,4,1,split
BU02680517,Heijendaal,BU02680517,Heijendaal,90.4,8,1,split
BU02680614,Hatertse Hei,BU02680614,Hatertse Hei,98.3,3,1,split
BU02680615,Grootstal,BU02680615,Grootstal,92.3,5,1,split
BU02680616,Hatert,BU02680616,Hatert,95.9,7,1,split
BU02680618,Brakkenstein,BU02680618,Brakkenstein,98.3,5,1,split
BU02680731,Tolhuis,BU02680731,Tolhuis,97.5,5,1,split
BU02680732,Zwanenveld,BU02680732,Zwanenveld,98.0,4,1,split
BU02680733,Meijhorst,BU02680733,Meijhorst,96.5,5,1,split
BU02680734,Lankforst,BU02680734,Lankforst,97.7,4,1,split
BU02680735,Aldenhof,BU02680735,Aldenhof,98.3,3,1,split
BU02680736,Malvert,BU02680736,Malvert,97.9,4,1,split
BU02680737,Weezenhof,BU02680737,Weezenhof,84.1,5,1,split
BU02680738,Vogelzang,BU02680738,Vogelzang,81.1,3,1,split
BU02680739,Staddijk,BU02680739,Staddijk,95.5,6,1,split
BU02680840,'t Acker,BU02680840,'t Acker,90.5,6,1,split
BU02680841,De Kamp,BU02680841,De Kamp,95.8,6,1,split
BU02680842,'t Broek,BU02680842,'t Broek,86.8,5,1,split
BU02680843,Kerkenbos,BU02680843,Kerkenbos,96.0,7,1,split
BU02680847,Westkanaaldijk,BU02680847,Westkanaaldijk,92.2,4,1,split
BU02680848,Neerbosch-West,BU02680848,Neerbosch-West,94.5,3,1,split
BU02680849,Bijsterhuizen,BU02680849,Bijsterhuizen,97.8,6,1,split
BU02680950,Oosterhout,BU02680950,Oosterhout,99.6,4,1,unchanged
BU02680960,Ressen,BU02680960,Ressen,99.7,3,1,unchanged
BU02680970,Lent,BU02680970,Lent,99.8,6,1,unchanged
BU02690000,Oldebroek,BU02690000,Oldebroek,100.0,1,1,unchanged
BU02690001,Bovenstreek,BU02690001,Bovenstreek,100.0,1,1,unchanged
BU02690002,Broekdijk,BU02690002,Broekdijk,100.0,1,1,unchanged
BU02690004,'t Loo,BU02690004,'t Loo,100.0,1,1,unchanged
BU02690005,Verspreide huizen Oldebroek,BU02690005,Verspreide huizen Oldebroek,100.0,1,1,unchanged
BU02690006,Verspreide huizen Oldebroekse Heide,BU02690006,Verspreide huizen Oldebroekse Heide,100.0,1,1,unchanged
BU02690007,Verspreide huizen polder Oldebroek,BU02690007,Verspreide huizen polder Oldebroek,100.0,1,1,unchanged
BU02690008,Verspreide huizen 't Loo,BU02690008,Verspreide huizen 't Loo,100.0,1,1,unchanged
BU02690009,Verspreide huizen heide 't Loo,BU02690009,Verspreide huizen heide 't Loo,100.0,1,1,unchanged
BU02690100,Wezep-Centrum,BU02690100,Wezep-Centrum,100.0,1,1,unchanged
BU02690101,Wezep-Oost,BU02690101,Wezep-Oost,100.0,1,1,unchanged
BU02690102,Hattemerbroek,BU02690102,Hattemerbroek,100.0,1,1,unchanged
BU02690103,Wezep-West,BU02690103,Wezep-West,100.0,1,1,unchanged
BU02690104,Wezep-Noord,BU02690104,Wezep-Noord,100.0,1,1,unchanged
BU02690105,Verspreide huizen Wezep,BU02690105,Verspreide huizen Wezep,100.0,1,1,unchanged
BU02690106,Verspreide huizen Duivendans,BU02690106,Verspreide huizen Duivendans,100.0,1,1,unchanged
BU02690107,Verspreide huizen Wezepse Heide,BU02690107,Verspreide huizen Wezepse Heide,100.0,1,1,unchanged
BU02690108,Verspreide huizen polder Hattemerbroek,BU02690108,Verspreide huizen polder Hattemerbroek,100.0,1,1,unchanged
BU02690109,Verspreide huizen Hattemerbroekse Heide,BU02690109,Verspreide huizen Hattemerbroekse Heide,100.0,1,1,unchanged
BU02690110,Verspreide huizen Heide Hoek,BU02690110,Verspreide huizen Heide Hoek,100.0,1,1,unchanged
BU02690200,Oosterwolde,BU02690200,Oosterwolde,100.0,1,1,unchanged
BU02690201,Noordeinde,BU02690201,Noordeinde,100.0,1,1,unchanged
BU02690203,Eekt,BU02690203,Eekt,100.0,1,1,unchanged
BU02690208,Verspreide huizen Oosterwolde,BU02690208,Verspreide huizen Oosterwolde,100.0,1,1,unchanged
BU02690209,Verspreide huizen Noordeinde,BU02690209,Verspreide huizen Noordeinde,100.0,2,1,unchanged
BU02690210,Verspreide huizen Oosterwolde,BU02690210,Verspreide huizen Oosterwolde,100.0,1,1,unchanged
BU02699997,,BU02699997,Groot binnenwater,99.2,3,1,unchanged
BU02730000,Putten-Centrum,BU02730000,Putten-Centrum,100.0,1,1,unchanged
BU02730001,Putten-Zuid-Oost,BU02730001,Putten-Zuid-Oost,100.0,1,1,unchanged
BU02730002,Putten-Noord,BU02730002,Putten-Noord,100.0,1,1,unchanged
BU02730003,Putten-Zuid-West,BU02730003,Putten-Zuid-West,100.0,1,1,unchanged
BU02730004,Putten-Stationsstraat industriegebied,BU02730004,Putten-Stationsstraat industriegebied,100.0,1,1,unchanged
BU02730005,Verspreide huizen Hell en Diermen,BU02730005,Verspreide huizen Hell en Diermen,100.0,1,1,unchanged
BU02730006,Verspreide huizen Huinen en Halvinkhuizen,BU02730006,Verspreide huizen Huinen en Halvinkhuizen,100.0,1,1,unchanged
BU02730007,Verspreide huizen Gerven,BU02730007,Verspreide huizen Gerven,100.0,1,1,unchanged
BU02730008,"Verspreide huizen Norden, Bijsteren en Hoef",BU02730008,"Verspreide huizen Norden, Bijsteren en Hoef",100.0,1,1,unchanged
BU02730009,Verspreide huizen Nulde,BU02730009,Verspreide huizen Nulde,100.0,2,1,unchanged
BU02730100,Koudhoorn,BU02730100,Koudhoorn,100.0,1,1,unchanged
BU02730108,Verspreide huizen Krachtighuizen en omgeving,BU02730108,Verspreide huizen Krachtighuizen en omgeving,100.0,1,1,unchanged
BU02730109,Verspreide huizen bosgebied,BU02730109,Verspreide huizen bosgebied,100.0,1,1,unchanged
BU02739997,,BU02739997,Groot binnenwater,99.2,2,1,unchanged
BU02740000,Renkum-Zuid,BU02740101,Jufferswaard,39.1,12,1,split
BU02740001,Renkum-Noord,BU02740207,Renkumse Heide,29.0,11,2,merged
BU02740002,Heelsum,BU02740301,Vosdal,15.2,12,1,split
BU02740006,Verspreide huizen Renkumse Heide,BU02740207,Renkumse Heide,48.7,11,2,merged
BU02740007,Verspreide huizen Keijenbergseweg,BU02740206,Quadenoord,68.9,7,1,split
BU02740100,Oosterbeek ten zuiden van Utrechtseweg,BU02741102,Bato's Wijk,32.3,10,1,split
BU02740101,Oosterbeek ten noorden van Utrechtseweg,BU02741206,Talud,20.7,13,1,split
BU02740106,Verspreide huizen Dreijen,BU02741205,De Dreijen,100.0,1,1,recoded
BU02740107,Verspreide huizen De Bilderberg,BU02741005,Bilderberg,93.1,7,1,split
BU02740108,Verspreide huizen De Oorsprong,BU02741001,Hemelse Berg,93.4,5,1,split
BU02740109,Verspreide huizen Rosandepolder,BU02741101,Oosterbeekse Waarden,67.8,3,1,split
BU02740200,Heveadorp,BU02740901,Hunneschans - Valckeniersbossen,48.4,5,1,split
BU02740201,Wolfheze,BU02740503,De Stichting,33.2,6,1,split
BU02740202,Doorwerth,BU02740802,Clusterwoningen,36.3,4,1,split
BU02740203,Kievitsdel,BU02740703,Kievitsdel,93.4,3,1,split
BU02740204,Verspreide huizen Reyerscamp,BU02740602,Reijers-Camp,95.7,3,1,split
BU02740205,Verspreide huizen hotel Wolfheze,BU02740502,Wolfhezerbeek,90.1,6,1,split
BU02740207,Verspreide huizen Buunderkamp,BU02740601,De Buunderkamp,82.2,2,1,split
BU02740208,Verspreide huizen Doorwerthse bossen,BU02740702,Doorwerthse Bossen,75.9,17,1,split
BU02740209,Verspreide huizen Doorwerthse waarden,BU02740701,Doorwerthse Waarden,99.9,3,1,recoded
BU02750000,Dieren-Zuid beneden spoorlijn,BU02750000,Dieren-Zuid beneden spoorlijn,100.0,1,1,unchanged
BU02750001,Dieren-Noord boven spoorlijn,BU02750001,Dieren-Noord boven spoorlijn,100.0,1,1,unchanged
BU02750002,Dieren-West boven spoorlijn,BU02750002,Dieren-West boven spoorlijn,100.0,1,1,unchanged
BU02750003,Spankeren,BU02750003,Spankeren,100.0,1,1,unchanged
BU02750004,Ellecom,BU02750004,Ellecom,100.0,1,1,unchanged
BU02750005,Laag-Soeren,BU02750005,Laag-Soeren,100.0,2,1,unchanged
BU02750007,Verspreide huizen bosgebied Laag Soeren,BU02750007,Verspreide huizen bosgebied Laag Soeren,100.0,1,1,unchanged
BU02750008,Verspreide huizen Spankeren,BU02750008,Verspreide huizen Spankeren,100.0,1,1,unchanged
BU02750009,Verspreide huizen Fraterwaard en Beimerwaard,BU02750009,Verspreide huizen Fraterwaard en Beimerwaard,100.0,1,1,unchanged
BU02750010,Verspreide huizen bosgebied Ellecom,BU02750010,Verspreide huizen bosgebied Ellecom,100.0,1,1,unchanged
BU02750011,Verspreide huizen bosgebied Dieren,BU02750011,Verspreide huizen bosgebied Dieren,100.0,1,1,unchanged
BU02750100,Rheden,BU02750100,Rheden,100.0,1,1,unchanged
BU02750101,Rheden-West ten westen van Oranjeweg en Haverweg,BU02750101,Rheden-West ten westen van Oranjeweg en Haverweg,100.0,1,1,unchanged
BU02750102,Verspreide huizen Rheden,BU02750102,Verspreide huizen Rheden,100.0,1,1,unchanged
BU02750103,De Steeg,BU02750103,De Steeg,100.0,1,1,unchanged
BU02750106,Verspreide huizen bosgebied De Steeg,BU02750106,Verspreide huizen bosgebied De Steeg,100.0,1,1,unchanged
BU02750107,Verspreide huizen bosgebied Rheden,BU02750107,Verspreide huizen bosgebied Rheden,100.0,1,1,unchanged
BU02750108,Verspreide huizen Havikerwaard en Middachten,BU02750108,Verspreide huizen Havikerwaard en Middachten,100.0,1,1,unchanged
BU02750200,Velp-Noord boven spoorlijn,BU02750200,Velp-Noord boven spoorlijn,100.0,1,1,unchanged
BU02750201,Velp-Zuid beneden spoorlijn,BU02750201,Velp-Zuid beneden spoorlijn,100.0,1,1,unchanged
BU02750202,Velp-Zuid ten zuiden van Waterstraat,BU02750202,Velp-Zuid ten zuiden van Waterstraat,100.0,1,1,unchanged
BU02750208,Verspreide huizen Velp-Noordoost,BU02750208,Verspreide huizen Velp-Noordoost,100.0,1,1,unchanged
BU02750209,Verspreide huizen Velp-Zuidoost,BU02750209,Verspreide huizen Velp-Zuidoost,100.0,1,1,unchanged
BU02770000,Rozendaal,BU02770000,Rozendaal,100.0,1,1,unchanged
BU02770009,Verspreide huizen Imbosch en Terlet,BU02770009,Verspreide huizen Imbosch en Terlet,100.0,1,1,unchanged
BU02790000,Scherpenzeel,BU02790000,Scherpenzeel,100.0,1,1,unchanged
BU02790008,Verspreide huizen ten zuiden van Scherpenzeel,BU02790008,Verspreide huizen ten zuiden van Scherpenzeel,100.0,1,1,unchanged
BU02790009,Verspreide huizen ten noorden van Scherpenzeel,BU02790009,Verspreide huizen ten noorden van Scherpenzeel,100.0,1,1,unchanged
BU02810000,Binnenstad,BU02810000,Binnenstad,100.0,1,1,unchanged
BU02810001,Sterrebos,BU02810001,Sterrebos,100.0,1,1,unchanged
BU02810002,Hertogenwijk,BU02810002,Hertogenwijk,100.0,1,1,unchanged
BU02810003,Burgemeesterswijk,BU02810003,Burgemeesterswijk,100.0,1,1,unchanged
BU02810004,Stationsbuurt,BU02810004,Stationsbuurt,100.0,1,1,unchanged
BU02810005,Santwijck,BU02810005,Santwijck,100.0,1,1,unchanged
BU02810006,De Lok,BU02810006,De Lok,100.0,1,1,unchanged
BU02810007,Het Ooij,BU02810007,Het Ooij,100.0,1,1,unchanged
BU02810009,Latenstein,BU02810009,Latenstein,100.0,1,1,unchanged
BU02810010,Tiel-West,BU02810010,Tiel-West,100.0,1,1,unchanged
BU02810011,Wadenoijenlaan e.o.,BU02810011,Wadenoijenlaan e.o.,100.0,1,1,unchanged
BU02810100,Elzenpas,BU02810100,Elzenpas,100.0,1,1,unchanged
BU02810101,Westroijen,BU02810101,Westroijen,100.0,1,1,unchanged
BU02810102,Rauwenhof e.o.,BU02810102,Rauwenhof e.o.,100.0,1,1,unchanged
BU02810103,Rauwenhof,BU02810103,Rauwenhof,100.0,1,1,unchanged
BU02810104,Drumpt,BU02810104,Drumpt,100.0,1,1,unchanged
BU02810107,Industrieterrein Medel,BU02810107,Industrieterrein Medel,100.0,1,1,unchanged
BU02810108,Veluwe,BU02810108,Veluwe,100.0,1,1,unchanged
BU02810109,Industrieterrein Kellen,BU02810109,Industrieterrein Kellen,100.0,1,1,unchanged
BU02810200,Wadenoijen,BU02810200,Wadenoijen,100.0,1,1,unchanged
BU02810201,Kapel-Avezaath,BU02810201,Kapel-Avezaath,100.0,1,1,unchanged
BU02810208,Kapel-Avezaath e.o.,BU02810208,Kapel-Avezaath e.o.,100.0,1,1,unchanged
BU02810209,Wadenoijen e.o.,BU02810209,Wadenoijen e.o.,100.0,1,1,unchanged
BU02810300,Passewaaij-Noord-West,BU02810300,Passewaaij-Noord-West,100.0,1,1,unchanged
BU02810301,Passewaaij-Noord-Oost,BU02810301,Passewaaij-Noord-Oost,100.0,1,1,unchanged
BU02810302,Passewaaij-Zuid-West,BU02810302,Passewaaij-Zuid-West,100.0,1,1,unchanged
BU02810303,Passewaaij-Zuid-Oost,BU02810303,Passewaaij-Zuid-Oost,100.0,1,1,unchanged
BU02810304,Passewaaij e.o.,BU02810304,Passewaaij e.o.,100.0,1,1,unchanged
BU02810305,Zennewijnen,BU02810305,Zennewijnen,100.0,1,1,unchanged
BU02810306,Zennewijnen e.o.,BU02810306,Zennewijnen e.o.,100.0,1,1,unchanged
BU02850000,Voorst,BU02851201,Voorst Dorpskern,86.2,2,1,split
BU02850001,Bussloo,BU02851102,Bussloo Buitengebied,72.7,3,3,merged
BU02850002,Gietelo,BU02851202,Voorst Buitengebied,98.6,2,4,merged
BU02850005,Verspreide huizen Voorst en Wilpse Klei,BU02851202,Voorst Buitengebied,76.6,3,4,merged
BU02850006,Verspreide huizen Gietelo-Bussloo,BU02851102,Bussloo Buitengebied,55.2,5,3,merged
BU02850007,Verspreide huizen langs de IJssel Voorster Klei,BU02851202,Voorst Buitengebied,87.4,4,4,merged
BU02850008,Verspreide huizen Appensche Veld,BU02851102,Bussloo Buitengebied,54.9,4,3,merged
BU02850009,Verspreide huizen akkerbouwgebied Noord-Empe,BU02851202,Voorst Buitengebied,99.3,2,4,recoded
BU02850100,Twello-Midden,BU02850506,Twello Omg. Binnenweg,37.7,8,1,split
BU02850101,Twello-Zuid,BU02850510,Twello Omg. Veenhuisweg en De Schaker,35.1,9,1,split
BU02850102,Twello-Noord,BU02850501,Twello Noord,56.5,7,1,split
BU02850103,Terwolde,BU02850201,Terwolde dorpskern,57.9,2,1,split
BU02850104,Nijbroek,BU02850101,Nijbroek Dorpskern,84.9,2,1,split
BU02850105,Verspreide huizen Twello-Zuid,BU02850511,Twello Buitengebied,35.1,12,2,merged
BU02850106,Steenenkamer,BU02850601,Steenenkamer,100.0,1,1,recoded
BU02850107,Verspreide huizen Twello-Noord,BU02850511,Twello Buitengebied,93.5,5,2,merged
BU02850108,Verspreide huizen Nijbroek,BU02850102,Nijbroek Buitengebied,76.5,4,1,split
BU02850109,Verspreide huizen op de oeverwal Terwolde,BU02850202,Terwolde Buitengebied,97.0,4,1,split
BU02850200,Klarenbeek (gedeeltelijk),BU02851001,Klarenbeek Dorpskern,53.6,2,1,split
BU02850201,Teuge,BU02850401,Teuge Dorpskern,64.4,2,1,split
BU02850202,Wilp-Achterhoek,BU02850701,Wilp-Achterhoek Dorpskern,82.1,2,1,split
BU02850203,De Vecht,BU02850301,De Vecht Dorpskern,63.0,2,1,split
BU02850205,"Verspreide huizen De Vecht, De Pol en omgeving",BU02850302,De Vecht Buitengebied,89.7,6,1,split
BU02850206,Verspreide huizen Teuge,BU02850402,Teuge Buitengebied,93.4,5,1,split
BU02850207,Verspreide huizen Wilp-Achterhoek,BU02850702,Wilp-Achterhoek Buitengebied,98.8,4,1,split
BU02850208,Verspreide huizen Klarenbeek-Noord,BU02851002,Klarenbeek Buitengebied,98.6,4,2,merged
BU02850209,Verspreide huizen Klarenbeek-Zuid,BU02851002,Klarenbeek Buitengebied,99.1,3,2,recoded
BU02850300,Wilp,BU02850901,Wilp Dorpskern,84.9,2,1,split
BU02850301,Posterenk,BU02850801,Posterenk Dorpskern,83.8,2,1,split
BU02850308,Verspreide huizen Wilp en Posterenk,BU02850802,Posterenk Buitengebied,48.8,6,1,split
BU02850309,Verspreide huizen op de Wilpse Klei,BU02850902,Wilp Buitengebied,99.7,3,1,recoded
BU02890000,Oude Stad Binnenstad,BU02890901,Binnenstad,97.5,3,1,split
BU02890001,Buitenwijk Wageningen-Noord,BU02890604,De Buurt-Oost,37.1,11,1,split
BU02890002,Buitenwijk Wageningen-Oost,BU02891001,Veluvia,26.9,10,1,split
BU02890003,Buitenwijk Wageningen-West,BU02890802,"Nudepark, Rijnhaven en Industrieweg",26.4,10,1,split
BU02890004,Buitenwijk Wageningen-Noordwest,BU02890301,De Weiden,44.4,12,1,split
BU02890005,Buitenwijk Tarthorst-Roghorst-Haverlanden,BU02890401,Tarthorst,39.8,8,1,split
BU02890006,Buitenwijk Wageningen-Noordoost,BU02890701,Bovenbuurt,46.2,5,1,split
BU02890007,Uitbreidingsplan-Noordwest,BU02891201,Het Binnenveld,31.0,7,2,merged
BU02890100,Wageningen Hoog,BU02891101,Wageningen-Hoog,74.1,3,1,split
BU02890105,"Verspreide huizen Hogesteeg, De Keyzer en omgeving",BU02891202,De Eng,45.0,5,1,split
BU02890106,Verspreide huizen vroegere Nude-gebied,BU02891204,Oude Nude,87.1,5,1,split
BU02890107,Verspreide huizen Het Binnenveld,BU02891201,Het Binnenveld,83.7,14,2,merged
BU02890108,"Verspreide huizen Wageningse Berg, De Eng en omgeving",BU02891203,Wageningse Berg,79.4,6,1,split
BU02890109,Verspreide huizen Uiterwaarden,BU02891205,Uiterwaarden,97.6,7,1,split
BU02930000,Westervoort,BU02930000,Westervoort,100.0,1,1,unchanged
BU02930001,Westervoort-Broeklanden,BU02930001,Westervoort-Broeklanden,100.0,1,1,unchanged
BU02930002,Westervoort-Lange Maat en Hoogeind,BU02930002,Westervoort-Lange Maat en Hoogeind,100.0,1,1,unchanged
BU02930003,De Leigraaf-De Steenderens,BU02930003,De Leigraaf-De Steenderens,100.0,1,1,unchanged
BU02930004,De Ganzepoel-Schans,BU02930004,De Ganzepoel-Schans,100.0,1,1,unchanged
BU02930009,Verspreide huizen Westervoort,BU02930009,Verspreide huizen Westervoort,100.0,1,1,unchanged
BU02940000,Centrale deel,BU02940000,Centrale deel,100.0,1,1,unchanged
BU02940001,Winterswijk-Zuidwest,BU02940001,Winterswijk-Zuidwest,100.0,1,1,unchanged
BU02940002,Winterswijk-Noordwest,BU02940002,Winterswijk-Noordwest,100.0,1,1,unchanged
BU02940003,Winterswijk-Noordoost,BU02940003,Winterswijk-Noordoost,100.0,1,1,unchanged
BU02940004,Winterswijk-Zuidoost,BU02940004,Winterswijk-Zuidoost,100.0,1,1,unchanged
BU02940100,Meddo,BU02940100,Meddo,100.0,1,1,unchanged
BU02940101,Kotten,BU02940101,Kotten,100.0,1,1,unchanged
BU02940102,Miste,BU02940102,Miste,100.0,1,1,unchanged
BU02940103,Verspreide huizen Brinkheurne en omgeving,BU02940103,Verspreide huizen Brinkheurne en omgeving,100.0,1,1,unchanged
BU02940104,Verspreide huizen Meddo,BU02940104,Verspreide huizen Meddo,100.0,1,1,unchanged
BU02940105,Verspreide huizen ten noorden van Winterswijk,BU02940105,Verspreide huizen ten noorden van Winterswijk,100.0,1,1,unchanged
BU02940106,"Verspreide huizen Ratum, Henxel, Huppel",BU02940106,"Verspreide huizen Ratum, Henxel, Huppel",100.0,1,1,unchanged
BU02940107,Verspreide huizen Kotten,BU02940107,Verspreide huizen Kotten,100.0,1,1,unchanged
BU02940108,Woold,BU02940108,Woold,100.0,1,1,unchanged
BU02940109,Verspreide huizen Miste,BU02940109,Verspreide huizen Miste,100.0,1,1,unchanged
BU02940120,Verspreide huizen Corle en omgeving,BU02940120,Verspreide huizen Corle en omgeving,100.0,1,1,unchanged
BU02940121,Verspreide huizen Woold,BU02940121,Verspreide huizen Woold,100.0,1,1,unchanged
BU02960000,Verspreide huizen wezel,BU02960000,Verspreide huizen wezel,100.0,1,1,unchanged
BU02960001,Verspreide huizen Vormer,BU02960001,Verspreide huizen Vormer,100.0,1,1,unchanged
BU02960002,Verspreide huizen Bankhoef,BU02960002,Verspreide huizen Bankhoef,100.0,1,1,unchanged
BU02960100,Saltshof,BU02960100,Saltshof,100.0,1,1,unchanged
BU02960101,Bedrijventerrein Bijsterhuizen,BU02960101,Bedrijventerrein Bijsterhuizen,100.0,1,1,unchanged
BU02960102,Woezik,BU02960102,Woezik,100.0,1,1,unchanged
BU02960103,Veenhof,BU02960103,Veenhof,100.0,1,1,unchanged
BU02960104,Verspreide huizen Woezik,BU02960104,Verspreide huizen Woezik,100.0,1,1,unchanged
BU02960105,Lambrasse,BU02960105,Lambrasse,100.0,1,1,unchanged
BU02960106,Kraaijenberg,BU02960106,Kraaijenberg,100.0,1,1,unchanged
BU02960107,Heilige Stoel,BU02960107,Heilige Stoel,100.0,1,1,unchanged
BU02960108,Homberg,BU02960108,Homberg,100.0,1,1,unchanged
BU02960109,Wijchen Noord,BU02960109,Wijchen Noord,100.0,1,1,unchanged
BU02960110,Hofsedam,BU02960110,Hofsedam,100.0,1,1,unchanged
BU02960111,Bedrijventerrein Zesweg,BU02960111,Bedrijventerrein Zesweg,100.0,1,1,unchanged
BU02960112,Blauwe Hof,BU02960112,Blauwe Hof,100.0,1,1,unchanged
BU02960113,Aalsburg,BU02960113,Aalsburg,100.0,1,1,unchanged
BU02960114,Centrum,BU02960114,Centrum,100.0,1,1,unchanged
BU02960115,De Uilenboom,BU02960115,De Uilenboom,100.0,3,1,unchanged
BU02960116,Valendries,BU02960116,Valendries,100.0,1,1,unchanged
BU02960117,Bedrijventerrein Nieuwenweg,BU02960117,Bedrijventerrein Nieuwenweg,100.0,1,1,unchanged
BU02960118,Verspreide huizen Valendries,BU02960118,Verspreide huizen Valendries,100.0,1,1,unchanged
BU02960119,Zevendreef,BU02960119,Zevendreef,100.0,1,1,unchanged
BU02960120,Zesakkers,BU02960120,Zesakkers,100.0,1,1,unchanged
BU02960121,De Grippen,BU02960121,De Grippen,100.0,1,1,unchanged
BU02960122,De Weertjes,BU02960122,De Weertjes,100.0,1,1,unchanged
BU02960123,Diepvoorde,BU02960123,Diepvoorde,100.0,1,1,unchanged
BU02960124,Huissteden-Zuiderpoort,BU02960124,Huissteden-Zuiderpoort,100.0,1,1,unchanged
BU02960125,Hoogmeer,BU02960125,Hoogmeer,100.0,1,1,unchanged
BU02960126,De Ververt,BU02960126,De Ververt,100.0,1,1,unchanged
BU02960127,Sluiskamp,BU02960127,Sluiskamp,100.0,1,1,unchanged
BU02960128,Oudelaan,BU02960128,Oudelaan,100.0,1,1,unchanged
BU02960129,Kronenland,BU02960129,Kronenland,100.0,1,1,unchanged
BU02960130,Abersland,BU02960130,Abersland,100.0,1,1,unchanged
BU02960131,Elsland,BU02960131,Elsland,100.0,1,1,unchanged
BU02960132,De Geer,BU02960132,De Geer,100.0,1,1,unchanged
BU02960133,De gamert,BU02960133,De gamert,100.0,1,1,unchanged
BU02960134,De Meren,BU02960134,De Meren,100.0,2,1,unchanged
BU02960135,De Flier,BU02960135,De Flier,100.0,1,1,unchanged
BU02960136,Diemewei,BU02960136,Diemewei,100.0,1,1,unchanged
BU02960137,De Lingert,BU02960137,De Lingert,100.0,1,1,unchanged
BU02960138,Huurlingsedam,BU02960138,Huurlingsedam,100.0,1,1,unchanged
BU02960200,Balgoij,BU02960200,Balgoij,100.0,1,1,unchanged
BU02960201,Verspreidehuizen Balgoij,BU02960201,Verspreidehuizen Balgoij,100.0,1,1,unchanged
BU02960300,Batenburg,BU02960300,Batenburg,100.0,1,1,unchanged
BU02960301,Verspreide huizen Batenburg,BU02960301,Verspreide huizen Batenburg,100.0,2,1,unchanged
BU02960400,Bergharen,BU02960400,Bergharen,100.0,1,1,unchanged
BU02960401,Bedrijventerrein Breekwagen,BU02960401,Bedrijventerrein Breekwagen,100.0,1,1,unchanged
BU02960402,Verspreide huizen Bergharen,BU02960402,Verspreide huizen Bergharen,100.0,1,1,unchanged
BU02960500,Hernen,BU02960500,Hernen,100.0,1,1,unchanged
BU02960501,Verspreide huizen Hernen,BU02960501,Verspreide huizen Hernen,100.0,1,1,unchanged
BU02960600,Leur,BU02960600,Leur,100.0,1,1,unchanged
BU02960601,Verspreide huizen Leur,BU02960601,Verspreide huizen Leur,100.0,1,1,unchanged
BU02960700,Niftrik,BU02960700,Niftrik,100.0,1,1,unchanged
BU02960701,Loonse Waard,BU02960701,Loonse Waard,100.0,1,1,unchanged
BU02960702,Verspreide huizen Niftrik,BU02960702,Verspreide huizen Niftrik,100.0,1,1,unchanged
BU02960800,Verspreide huizen Hoogbroek,BU02960800,Verspreide huizen Hoogbroek,100.0,1,1,unchanged
BU02960801,Verspreide huizen Heumenseweg-Boskant,BU02960801,Verspreide huizen Heumenseweg-Boskant,100.0,1,1,unchanged
BU02960802,Verspreide huizen Lunen,BU02960802,Verspreide huizen Lunen,100.0,1,1,unchanged
BU02960803,Alverna,BU02960803,Alverna,100.0,1,1,unchanged
BU02970000,Zaltbommel Binnenstad,BU02970000,Zaltbommel Binnenstad,100.0,1,1,unchanged
BU02970001,Zaltbommel Vergt en omgeving,BU02970001,Zaltbommel Vergt en omgeving,100.0,1,1,unchanged
BU02970002,Zaltbommel Spellewaard,BU02970002,Zaltbommel Spellewaard,100.0,1,1,unchanged
BU02970007,Verspreide huizen Hoeven,BU02970007,Verspreide huizen Hoeven,100.0,1,1,unchanged
BU02970008,Verspreide huizen Oostzijde,BU02970008,Verspreide huizen Oostzijde,100.0,1,1,unchanged
BU02970009,Verspreide huizen Westzijde,BU02970009,Verspreide huizen Westzijde,100.0,1,1,unchanged
BU02970100,Brakel,BU02970100,Brakel,100.0,1,1,unchanged
BU02970101,Poederoijen,BU02970101,Poederoijen,100.0,1,1,unchanged
BU02970102,Aalst,BU02970102,Aalst,100.0,1,1,unchanged
BU02970103,Zuilichem,BU02970103,Zuilichem,100.0,1,1,unchanged
BU02970104,De Rietschoof,BU02970104,De Rietschoof,100.0,1,1,unchanged
BU02970105,Verspreide huizen in de polder Aalst,BU02970105,Verspreide huizen in de polder Aalst,100.0,1,1,unchanged
BU02970106,Verspreide huizen in de polder Poederoijen,BU02970106,Verspreide huizen in de polder Poederoijen,100.0,1,1,unchanged
BU02970107,Verspreide huizen in de polder Brakel,BU02970107,Verspreide huizen in de polder Brakel,100.0,1,1,unchanged
BU02970108,Verspreide huizen in het Munnikenland,BU02970108,Verspreide huizen in het Munnikenland,100.0,1,1,unchanged
BU02970109,Verspreide huizen in de polder Zuilichem en omgeving,BU02970109,Verspreide huizen in de polder Zuilichem en omgeving,100.0,1,1,unchanged
BU02970200,Kerkwijk,BU02970200,Kerkwijk,100.0,1,1,unchanged
BU02970201,Bruchem,BU02970201,Bruchem,100.0,1,1,unchanged
BU02970202,Beneden-Delwijnen,BU02970202,Beneden-Delwijnen,100.0,1,1,unchanged
BU02970203,Gameren,BU02970203,Gameren,100.0,1,1,unchanged
BU02970204,Nieuwaal,BU02970204,Nieuwaal,100.0,1,1,unchanged
BU02970207,Verspreide huizen polders Delwijnen en Bruchem,BU02970207,Verspreide huizen polders Delwijnen en Bruchem,100.0,2,1,unchanged
BU02970208,Verspreide huizen Kerkwijk en Bruchem,BU02970208,Verspreide huizen Kerkwijk en Bruchem,100.0,1,1,unchanged
BU02970209,Verspreide huizen polders Gameren en Nieuwaal,BU02970209,Verspreide huizen polders Gameren en Nieuwaal,100.0,1,1,unchanged
BU02970300,Nederhemert-Noordzijde,BU02970300,Nederhemert-Noordzijde,100.0,1,1,unchanged
BU02970301,Nederhemert-Zuidzijde,BU02970301,Nederhemert-Zuidzijde,100.0,1,1,unchanged
BU02970309,Verspreide huizen Nederhemert,BU02970309,Verspreide huizen Nederhemert,100.0,1,1,unchanged
BU02990000,Centrum,BU02990000,Centrum,100.0,2,1,unchanged
BU02990001,Molenwijk,BU02990001,Molenwijk,100.0,1,1,unchanged
BU02990002,Het Grieth,BU02990002,Het Grieth,100.0,1,1,unchanged
BU02990003,Schrijvershoek,BU02990003,Schrijvershoek,100.0,3,1,unchanged
BU02990004,Zonnemaat,BU02990004,Zonnemaat,100.0,1,1,unchanged
BU02990005,Lentemorgen I,BU02990005,Lentemorgen I,100.0,1,1,unchanged
BU02990006,Stegeslag,BU02990006,Stegeslag,100.0,1,1,unchanged
BU02990007,Lentemorgen II,BU02990007,Lentemorgen II,100.0,1,1,unchanged
BU02990008,Tatelaar,BU02990008,Tatelaar,100.0,1,1,unchanged
BU02990009,De Horst,BU02990009,De Horst,100.0,2,1,unchanged
BU02990010,Methen,BU02990010,Methen,100.0,1,1,unchanged
BU02990011,Mercurion,BU02990011,Mercurion,100.0,2,1,unchanged
BU02990012,Hengelder,BU02990012,Hengelder,100.0,2,1,unchanged
BU02990013,Zuidspoor,BU02990013,Zuidspoor,100.0,1,1,unchanged
BU02990014,Oud-Zevenaar,BU02990014,Oud Zevenaar,100.0,3,1,unchanged
BU02990015,Ooy,BU02990015,Ooy,100.0,2,1,unchanged
BU02990017,Zevenaars Broek,BU02990017,Zevenaars Broek,100.0,2,1,unchanged
BU02990100,Babberich,BU02990100,Babberich,100.0,2,1,unchanged
BU02990101,Camphuizen,BU02990101,Camphuizen,99.9,3,1,unchanged
BU02990102,Steeg,BU02990102,Buitengebied Babberich,52.8,6,2,merged
BU02990103,Kwartier,BU02990102,Buitengebied Babberich,100.0,1,2,recoded
BU02990200,Angerlo,BU02990200,Angerlo,100.0,2,1,unchanged
BU02990201,Angerlo's Broek,BU02990201,Angerlo's Broek,100.0,3,1,unchanged
BU02990300,Giesbeek,BU02990300,Giesbeek,99.6,3,1,unchanged
BU02990301,Rhederlaag,BU02990301,Rhederlaag,92.3,2,1,split
BU02990400,Lathum,BU02990400,Lathum,100.0,2,1,unchanged
BU03010000,Stadskern,BU03010000,Stadskern,100.0,1,1,unchanged
BU03010001,Laarstraat en omgeving,BU03010001,Laarstraat en omgeving,100.0,1,1,unchanged
BU03010002,Marswegkwartier,BU03010002,Marswegkwartier,100.0,1,1,unchanged
BU03010003,Nieuwstad en Coehoornsingel,BU03010003,Nieuwstad en Coehoornsingel,100.0,1,1,unchanged
BU03010004,De Hoven,BU03010004,De Hoven,100.0,1,1,unchanged
BU03010100,Vijver en omgeving,BU03010100,Vijver en omgeving,100.0,1,1,unchanged
BU03010101,Zeeheldenbuurt,BU03010101,Zeeheldenbuurt,100.0,1,1,unchanged
BU03010102,Helbergen,BU03010102,Helbergen,100.0,1,1,unchanged
BU03010103,Warnsveldsewegkwartier-Zuid,BU03010103,Warnsveldsewegkwartier-Zuid,100.0,1,1,unchanged
BU03010104,Warnsveldsewegkwartier-Noord,BU03010104,Warnsveldsewegkwartier-Noord,100.0,1,1,unchanged
BU03010105,Staatsliedenbuurt,BU03010105,Staatsliedenbuurt,100.0,1,1,unchanged
BU03010106,Pagemate en omgeving,BU03010106,Pagemate en omgeving,100.0,1,1,unchanged
BU03010200,Helleraetplein en omgeving,BU03010200,Helleraetplein en omgeving,100.0,1,1,unchanged
BU03010201,Weg naar Laren en omgeving,BU03010201,Weg naar Laren en omgeving,100.0,1,1,unchanged
BU03010202,Deventerweg en Polbeek,BU03010202,Deventerweg en Polbeek,100.0,1,1,unchanged
BU03010203,Voorsteralleekwartier,BU03010203,Voorsteralleekwartier,100.0,1,1,unchanged
BU03010300,Moesmate en Tichelkuilen,BU03010300,Moesmate en Tichelkuilen,100.0,1,1,unchanged
BU03010301,Zwanevlot en De Brink,BU03010301,Zwanevlot en De Brink,100.0,1,1,unchanged
BU03010302,Braamkamp,BU03010302,Braamkamp,100.0,1,1,unchanged
BU03010303,"Stokebrand, Balijnenland en Bronsbergen",BU03010303,"Stokebrand, Bagijnenland en Bronsbergen",100.0,1,1,unchanged
BU03010304,Waarden en weerdslag,BU03010304,Waarden en weerdslag,100.0,1,1,unchanged
BU03010400,Ooyerhoek,BU03010400,Ooyerhoek,100.0,1,1,unchanged
BU03010401,De Enk,BU03010401,De Enk,100.0,1,1,unchanged
BU03010402,Eme en Broek,BU03010402,Eme en Broek,100.0,1,1,unchanged
BU03010403,Looërenk en Woud,BU03010403,Looërenk en Woud,100.0,1,1,unchanged
BU03010409,Vespreide huizen Leesten,BU03010409,Vespreide huizen Leesten,100.0,1,1,unchanged
BU03010500,Dorp Warnsveld,BU03010500,Dorp Warnsveld,100.0,1,1,unchanged
BU03010501,Welgelegen,BU03010501,Welgelegen,100.0,1,1,unchanged
BU03010502,Scheperkamp,BU03010502,Scheperkamp,100.0,1,1,unchanged
BU03010503,Overkamp,BU03010503,Overkamp,100.0,1,1,unchanged
BU03010509,Warken,BU03010509,Warken,100.0,1,1,unchanged
BU03020000,Nunspeet-Oost,BU03020000,Nunspeet-Oost,100.0,1,1,unchanged
BU03020001,Nunspeet-West,BU03020001,Nunspeet-West,100.0,1,1,unchanged
BU03020002,Nunspeet-Zuid,BU03020002,Nunspeet-Zuid,100.0,1,1,unchanged
BU03020003,Hulshorst,BU03020003,Hulshorst,100.0,1,1,unchanged
BU03020005,Verspreide huizen Hulshorst,BU03020005,Verspreide huizen Hulshorst,100.0,1,1,unchanged
BU03020006,Verspreide huizen Zuiderzeeland Nunspeet,BU03020006,Verspreide huizen Zuiderzeeland Nunspeet,99.8,2,1,unchanged
BU03020007,Verspreide huizen Zuiderzeeland Hulshorst,BU03020007,Verspreide huizen Zuiderzeeland Hulshorst,100.0,2,1,unchanged
BU03020008,Verspreide huizen bosgebied Nunspeet,BU03020008,Verspreide huizen bosgebied Nunspeet,100.0,1,1,unchanged
BU03020009,Verspreide huizen bosgebied Hulshorst,BU03020009,Verspreide huizen bosgebied Hulshorst,100.0,1,1,unchanged
BU03020100,Elspeet,BU03020100,Elspeet,100.0,1,1,unchanged
BU03020101,Vierhouten,BU03020101,Vierhouten,100.0,1,1,unchanged
BU03020107,Verspreide huizen bosgebied Vierhouten,BU03020107,Verspreide huizen bosgebied Vierhouten,100.0,1,1,unchanged
BU03020108,Verspreide huizen Elspeet en omgeving,BU03020108,Verspreide huizen Elspeet en omgeving,100.0,1,1,unchanged
BU03020109,Verspreide huizen Elspeetse Bos,BU03020109,Verspreide huizen Elspeetse Bos,100.0,1,1,unchanged
BU03029997,,BU03029997,Groot binnenwater,97.1,3,1,split
BU03030101,Poort van Dronten,BU03030101,Poort van Dronten,100.0,2,1,unchanged
BU03030102,Business Zone Delta,BU03030102,Business Zone Delta,100.0,1,1,unchanged
BU03030103,De Gilden,BU03030103,De Gilden,100.0,1,1,unchanged
BU03030104,De Munten,BU03030104,De Munten,100.0,1,1,unchanged
BU03030105,De Drieslag,BU03030105,De Drieslag,100.0,1,1,unchanged
BU03030210,Pioniersweg,BU03030210,Pioniersweg,100.0,1,1,unchanged
BU03030211,Houtwijk,BU03030211,Houtwijk,100.0,1,1,unchanged
BU03030212,Hanzekwartier,BU03030212,Hanzekwartier,100.0,1,1,unchanged
BU03030213,De Oeverloperwijk,BU03030213,De Oeverloperwijk,100.0,1,1,unchanged
BU03030320,Centrum Dronten,BU03030320,Centrum Dronten,100.0,1,1,unchanged
BU03030321,Oud-Dronten,BU03030321,Oud-Dronten,100.0,1,1,unchanged
BU03030322,De Fazant,BU03030322,De Fazant,100.0,1,1,unchanged
BU03030323,Bungalowpark,BU03030323,Bungalowpark,100.0,1,1,unchanged
BU03030324,De Boeg,BU03030324,De Boeg,100.0,1,1,unchanged
BU03030430,De Landmaten,BU03030430,De Landmaten,100.0,1,1,unchanged
BU03030431,De Manege,BU03030431,De Manege,100.0,1,1,unchanged
BU03030432,De Lancaster,BU03030432,De Lancaster,100.0,1,1,unchanged
BU03030433,De Landstreken,BU03030433,De Landstreken,100.0,1,1,unchanged
BU03030434,De Kruidentuin,BU03030434,De Kruidentuin,100.0,1,1,unchanged
BU03030435,Golfresidentie,BU03030435,Golfresidentie,100.0,1,1,unchanged
BU03030548,AZC,BU03030548,AZC,100.0,1,1,unchanged
BU03030549,Ketelhaven,BU03030549,Ketelhaven,100.0,1,1,unchanged
BU03030550,Buitengebied Dronten,BU03030550,Buitengebied Dronten,100.0,2,1,unchanged
BU03030601,Oud-Biddinghuizen Buiten,BU03030601,Oud-Biddinghuizen Buiten,100.0,1,1,unchanged
BU03030602,Oud-Biddinghuizen,BU03030602,Oud-Biddinghuizen,100.0,1,1,unchanged
BU03030603,De Kaai,BU03030603,De Kaai,100.0,1,1,unchanged
BU03030604,Centrum Biddinghuizen,BU03030604,Centrum Biddinghuizen,100.0,1,1,unchanged
BU03030605,De Baan,BU03030605,De Baan,100.0,1,1,unchanged
BU03030606,Bremerpark,BU03030606,Bremerpark,100.0,1,1,unchanged
BU03030607,De Graafschap,BU03030607,De Graafschap,100.0,1,1,unchanged
BU03030608,Noorderbaan,BU03030608,Noorderbaan,100.0,1,1,unchanged
BU03030609,Oldebroekerweg,BU03030609,Oldebroekerweg,100.0,1,1,unchanged
BU03030620,Buitengebied Biddinghuizen,BU03030620,Buitengebied Biddinghuizen,100.0,2,1,unchanged
BU03030701,Kampbuurt,BU03030701,Kampbuurt,100.0,1,1,unchanged
BU03030702,Centrum Swifterbant,BU03030702,Centrum Swifterbant,100.0,1,1,unchanged
BU03030703,Oud-Swifterbant,BU03030703,Oud-Swifterbant,100.0,1,1,unchanged
BU03030704,Spelbuurt,BU03030704,Spelbuurt,100.0,1,1,unchanged
BU03030705,Bloemenbuurt,BU03030705,Bloemenbuurt,100.0,1,1,unchanged
BU03030706,De Kolk,BU03030706,De Kolk,100.0,1,1,unchanged
BU03030707,Tarpan,BU03030707,Tarpan,100.0,1,1,unchanged
BU03030708,Bedrijventerrein Spelwijk,BU03030708,Bedrijventerrein Spelwijk,100.0,1,1,unchanged
BU03030720,Buitengebied Swifterbant,BU03030720,Buitengebied Swifterbant,100.0,3,1,unchanged
BU03039997,,BU03039997,Groot binnenwater,99.0,5,1,split
BU03040000,Haaften,BU19600500,Haaften,100.0,1,1,recoded (gemeente change)
BU03040001,Tuil,BU19600501,Tuil,100.0,1,1,recoded (gemeente change)
BU03040002,Hellouw,BU19600502,Hellouw,100.0,1,1,recoded (gemeente change)
BU03040007,Verspreide huizen Tuil,BU19600507,Verspreide huizen Tuil,100.0,1,1,recoded (gemeente change)
BU03040008,Verspreide huizen Hellouw,BU19600508,Verspreide huizen Hellouw,100.0,1,1,recoded (gemeente change)
BU03040009,Verspreide huizen Haaften,BU19600509,Verspreide huizen Haaften,100.0,1,1,recoded (gemeente change)
BU03040100,Waardenburg,BU19600600,Waardenburg,100.0,1,1,recoded (gemeente change)
BU03040101,Waardenburg-West,BU19600601,Waardenburg-West,100.0,1,1,recoded (gemeente change)
BU03040102,Neerijnen,BU19600602,Neerijnen,100.0,1,1,recoded (gemeente change)
BU03040103,Opijnen,BU19600603,Opijnen,100.0,1,1,recoded (gemeente change)
BU03040104,Est,BU19600604,Est,100.0,1,1,recoded (gemeente change)
BU03040106,Verspreide huizen Est,BU19600606,Verspreide huizen Est,100.0,1,1,recoded (gemeente change)
BU03040107,Verspreide huizen Opijnen,BU19600607,Verspreide huizen Opijnen,100.0,1,1,recoded (gemeente change)
BU03040108,Verspreide huizen Neerijnen,BU19600608,Verspreide huizen Neerijnen,100.0,1,1,recoded (gemeente change)
BU03040109,Verspreide huizen Waardenburg,BU19600609,Verspreide huizen Waardenburg,100.0,1,1,recoded (gemeente change)
BU03040200,Ophemert,BU19600700,Ophemert,100.0,1,1,recoded (gemeente change)
BU03040201,Varik,BU19600701,Varik,100.0,1,1,recoded (gemeente change)
BU03040202,Heesselt,BU19600702,Heesselt,100.0,1,1,recoded (gemeente change)
BU03040207,Verspreide huizen Heesselt,BU19600707,Verspreide huizen Heesselt,100.0,1,1,recoded (gemeente change)
BU03040208,Verspreide huizen Varik,BU19600708,Verspreide huizen Varik,100.0,1,1,recoded (gemeente change)
BU03040209,Verspreide huizen Ophemert,BU19600709,Verspreide huizen Ophemert,100.0,1,1,recoded (gemeente change)
BU03070100,Hof,BU03070100,Hof,99.8,4,1,unchanged
BU03070101,Nieuwstraat,BU03070101,Nieuwstraat e.o.,99.9,2,1,unchanged
BU03070102,Mooierstraat,BU03070102,Mooierstraat e.o.,99.9,4,1,unchanged
BU03070103,Lieve Vrouwekerkhof,BU03070103,Lieve Vrouwekerkhof,99.6,3,1,unchanged
BU03070104,Coninckstraat,BU03070104,Coninckstraat e.o.,99.9,6,1,unchanged
BU03070105,Beestenmarkt,BU03070105,Beestenmarkt,99.7,5,1,unchanged
BU03070106,Gote Haag,BU03070106,Grote Haag,99.4,5,1,unchanged
BU03070107,Stadhuisplein,BU03070107,Stadhuisplein,98.9,6,1,split
BU03070108,Schimmelpenninckstraat,BU03070108,Schimmelpenninckbuurt,100.0,1,1,unchanged
BU03070200,Smallepad,BU03070200,Smallepad e.o.,95.7,3,1,split
BU03070202,Snouckaertlaan,BU03070202,Snouckaertlaan e.o.,100.0,3,2,unchanged
BU03070204,Zonnehof,BU03070204,Zonnehof,99.0,3,2,merged
BU03070205,Weltevreden,BU03070204,Zonnehof,100.0,1,2,recoded
BU03070206,Bloemweg,BU03070202,Snouckaertlaan e.o.,100.0,1,2,recoded
BU03070300,Rivierenbuurt-Oost,BU03070300,Rivierenbuurt-Oost,99.9,5,1,unchanged
BU03070301,Rivierenbuurt-West,BU03070301,Rivierenbuurt-West,100.0,4,1,unchanged
BU03070302,G. van Stellingwerfstraat,BU03070302,Gerrit van Stellingwerfstraat e.o.,100.0,3,1,unchanged
BU03070303,Bloemenbuurt-Oost,BU03070303,Bloemenbuurt-Oost,99.8,4,1,unchanged
BU03070304,Bloemenbuurt-West,BU03070304,Bloemenbuurt-West,100.0,4,1,unchanged
BU03070305,Bomenbuurt,BU03070305,Bomenbuurt,99.9,3,1,unchanged
BU03070306,Puntenburg,BU03070306,Puntenburg,99.7,4,1,unchanged
BU03070307,Piet Mondriaanlaan,BU03070307,Piet Mondriaanlaan e.o.,73.7,4,1,split
BU03070401,Eemplein,BU03070401,Eemplein-Nieuwe Stad,99.6,4,1,unchanged
BU03070402,Geldersestraat,BU03070402,Kop van Isselt,100.0,3,1,unchanged
BU03070403,Chromiumweg,BU03070504,Isselt-Oost,100.0,1,1,recoded
BU03070404,Uraniumweg,BU03070505,Isselt-West,100.0,1,1,recoded
BU03070500,Birkhoven en Bokkeduinen,BU03073401,Birkhoven / Bokkeduinen,72.7,9,1,split
BU03070501,Vlasakkers,BU03073402,Vlasakkers,98.6,4,1,split
BU03070502,Zon en Schild,BU03073403,Zon en Schild,100.0,2,1,recoded
BU03070600,Jericho en Jeruzalem,BU03070600,Jericho / Jeruzalem,100.0,2,1,unchanged
BU03070601,Meridiaan,BU03070601,Sterrenbeeldenbuurt,100.0,1,1,unchanged
BU03070603,Gildekwartier,BU03070603,Gildekwartier,100.0,1,1,unchanged
BU03070700,Evertsenstraat,BU03070700,Kruiskamp-Noord,99.9,2,1,unchanged
BU03070701,Neptunusplein,BU03070701,Kruiskamp-Midden,99.9,4,1,unchanged
BU03070702,Columbusweg,BU03070702,Kruiskamp-Zuid,99.9,4,1,unchanged
BU03070800,Vuurtoren,BU03070800,Vuurtoren,100.0,1,1,unchanged
BU03070801,De Plaatsen,BU03070801,De Plaatsen,100.0,1,1,unchanged
BU03070803,Koperhorst,BU03070803,Koperhorst,100.0,2,1,unchanged
BU03070900,Elly Takmastraat,BU03070900,Elly Takmastraat e.o.,100.0,2,1,unchanged
BU03070902,Camera Obscurastraat,BU03070902,Camera Obscurastraat e.o.,100.0,2,1,unchanged
BU03070903,Queekhoven,BU03070903,Queekhoven e.o.,99.9,4,1,unchanged
BU03070905,Het Gein,BU03070905,Het Gein,99.8,2,1,unchanged
BU03071000,Liendertsedreef,BU03071000,Liendert-Noord,100.0,2,1,unchanged
BU03071001,Vinkenbaan,BU03071001,Zangvogelbuurt,99.6,3,1,unchanged
BU03071002,De Horsten,BU03071002,De Horsten,100.0,3,1,unchanged
BU03071003,Albatrosstraat,BU03071003,Watervogelbuurt,99.0,2,1,split
BU03071004,Zwaluwenstraat,BU03071004,Liendert-Zuid,99.8,2,1,unchanged
BU03071100,Rustenburg-Noord,BU03071100,Rustenburg-Noord,100.0,1,1,unchanged
BU03071101,Rustenburg-Zuid,BU03071101,Rustenburg-Zuid,99.6,3,1,unchanged
BU03071201,Bloeidaal,BU03071201,Bloeidaal,98.6,3,1,split
BU03071202,Stoutenburgerlaan,BU03071202,Stoutenburg-Noord,100.0,1,1,unchanged
BU03071300,Romeostraat,BU03071300,Schuilenburg-Midden,97.4,2,1,split
BU03071301,Ariaweg,BU03071301,Schuilenburg-Noord,99.8,3,1,unchanged
BU03071302,Verdiweg,BU03071302,Schuilenburg-Zuid,100.0,2,1,unchanged
BU03071400,Willem III,BU03071400,Willem III,97.6,4,1,split
BU03071401,Randenbroekerweg,BU03071401,Componistenbuurt-Noord,99.8,4,1,unchanged
BU03071402,Bachweg-Zuid,BU03071402,Componistenbuurt-Midden,100.0,2,1,unchanged
BU03071403,Weberstraat,BU03071403,Componistenbuurt-Zuid,100.0,1,1,unchanged
BU03071500,Bekenstein en De Luiaard,BU03071500,Bekenstein / De Luiaard,99.4,3,1,unchanged
BU03071501,Rubensstraat,BU03071501,Vermeerkwartier-Oost,99.8,5,1,unchanged
BU03071502,Albert Cuypstraat,BU03071502,Vermeerkwartier-West,99.9,3,1,unchanged
BU03071503,Dorrestein,BU03071503,Dorrestein,100.0,1,1,unchanged
BU03071600,De Driehoek,BU03071600,De Driehoek,99.9,3,1,unchanged
BU03071601,Voltastraat,BU03071601,Leusderkwartier-West,99.7,5,1,unchanged
BU03071602,Bosweg,BU03071602,Leusderkwartier-Oost,100.0,3,1,unchanged
BU03071603,Nimmerdor,BU03071603,Nimmerdor,99.9,5,1,unchanged
BU03071700,Westerstraat,BU03071700,Westerstraat e.o.,99.5,3,1,unchanged
BU03071701,Juliana van Stolberg,BU03071701,Juliana van Stolberg,98.8,3,1,split
BU03071702,Huygenslaan,BU03071702,Huijgenslaan e.o.,99.7,5,1,unchanged
BU03071703,De Lichtenberg,BU03071703,De Lichtenberg,99.9,4,1,unchanged
BU03071704,Verhoevenstraat,BU03071704,Verhoevenstraat e.o.,99.3,4,1,unchanged
BU03071705,Indische Buurt,BU03071705,Indische Buurt,99.5,5,1,unchanged
BU03071706,Curacaolaan,BU03071706,Klein Zwitserland-Laag,99.5,5,1,unchanged
BU03071707,Klein Zwitserland,BU03071707,Klein Zwitserland-Hoog,99.1,3,1,unchanged
BU03071800,Regentesselaan,BU03071800,Regentesselaan e.o.,99.9,4,1,unchanged
BU03071801,Station Berkenweg,BU03071801,Stationsbuurt,100.0,1,1,unchanged
BU03071802,Thorbeckeplein,BU03071802,Staatsliedenbuurt-Oost,97.7,5,1,split
BU03071803,Mr. Th. Heemskerklaan,BU03071803,Staatsliedenbuurt-West,99.4,6,1,unchanged
BU03071804,Oranjelaan,BU03071804,Oranjebuurt,99.8,3,1,unchanged
BU03071900,De Ham,BU03071900,De Ham,99.8,3,1,unchanged
BU03071901,Langenoord,BU03071901,Langenoord,100.0,3,1,unchanged
BU03071902,Bieshaar-Noord,BU03071902,Bieshaar-Noord,100.0,3,1,unchanged
BU03071903,Bieshaar-Zuid,BU03071903,Bieshaar-Zuid,99.9,2,1,unchanged
BU03071904,De Bik,BU03071904,De Bik,100.0,2,1,unchanged
BU03071905,De Brinken,BU03071905,De Brinken,99.8,4,1,unchanged
BU03071906,De Biezen,BU03071906,De Biezen,99.8,2,1,unchanged
BU03072000,Vlinderbuurt,BU03072000,Vlinderbuurt,100.0,2,1,unchanged
BU03072001,Erasmusstraat,BU03072001,Erasmusstraat e.o.,100.0,1,1,unchanged
BU03072002,Muziekbuurt-Noord,BU03072002,Muziekbuurt-Noord,100.0,1,1,unchanged
BU03072003,Muziekbuurt-Zuid,BU03072003,Muziekbuurt-Zuid,100.0,2,1,unchanged
BU03072004,Architectenbuurt-Oost,BU03072004,Architectenbuurt-Oost,100.0,2,1,unchanged
BU03072005,Architectenbuurt-Zuid,BU03072005,Architectenbuurt-West,100.0,1,1,unchanged
BU03072006,Sportpark Zielhorst,BU03072006,Sportpark Zielhorst,100.0,1,1,unchanged
BU03072100,Stille Steeg,BU03072100,Donken en zanden,100.0,2,1,unchanged
BU03072101,Amaniet,BU03072101,Paddenstoelenbuurt,100.0,1,1,unchanged
BU03072102,Woudzoom,BU03072102,Woudzoom e.o.,99.8,2,1,unchanged
BU03072103,Gesloten Stad,BU03072103,Wintertuinen,100.0,1,1,unchanged
BU03072104,De Verwondering,BU03072104,De Verwondering e.o.,100.0,1,1,unchanged
BU03072105,Emiclaer,BU03072105,Emiclaer,100.0,1,1,unchanged
BU03072106,Groote Kreek,BU03072106,Groote Kreek e.o.,99.9,2,1,unchanged
BU03072107,Het Hallehuis,BU03072107,Boerderijenkamer,100.0,3,1,unchanged
BU03072108,De Horizon,BU03072108,Kattenbroek-Noord,99.7,4,1,unchanged
BU03072201,Calveen,BU03072201,Calveen,99.6,2,1,unchanged
BU03072300,Park Schothorst-Zuid,BU03070906,Park Schothorst,97.3,3,2,merged
BU03072301,Park Schothorst-Noord,BU03070906,Park Schothorst,85.2,6,2,merged
BU03072400,Stadskwartier,BU03072400,Stadskwartier,100.0,1,1,unchanged
BU03072402,Hoge Hoven,BU03072402,Hoge Hoven,100.0,1,1,unchanged
BU03072403,Centrum-Wat,BU03072403,Centrum / Waterpark,100.0,1,1,unchanged
BU03072404,Stadstuin,BU03072404,Stadstuin,100.0,1,1,unchanged
BU03072405,Waterkwartier,BU03072405,Waterkwartier,99.6,2,1,unchanged
BU03072407,Lage Hoven,BU03072407,Kruidenbuurt,100.0,1,1,unchanged
BU03072500,De Hoef-West,BU03072500,Hoefkwartier,100.0,2,1,unchanged
BU03072501,De Hoef-Oost,BU03072501,De Hoef-Oost,100.0,1,1,unchanged
BU03072502,De Wieken,BU03071203,De Wieken,95.0,4,1,split
BU03072503,Vinkenhoef,BU03071204,Vinkenhoef,100.0,1,1,recoded
BU03072504,Nijkerkerstraat,BU03071205,Nijkerkerstraat e.o.,100.0,1,1,recoded
BU03072505,Bedrijventerrein Vathorst-Zuid,BU03073301,Bedrijventerrein Vathorst-Zuid,100.0,1,1,recoded
BU03072506,Podium,BU03073106,Podium,100.0,1,1,recoded
BU03072507,Bedrijventerrein Vathorst-Noord,BU03073302,Bedrijventerrein Vathorst-Noord,100.0,3,1,recoded
BU03072508,De Brand,BU03072007,De Brand,100.0,1,1,recoded
BU03072600,Dorpskern Hooglanderveen,BU03072600,Dorpskern Hooglanderveen,100.0,2,1,unchanged
BU03072601,Lient,BU03072601,Lient e.o.,99.9,2,1,unchanged
BU03072602,Hoekveen,BU03072602,Hoekveen e.o.,99.8,3,1,unchanged
BU03072603,Heideweg,BU03072603,Heideweg e.o.,100.0,3,1,unchanged
BU03072700,Coelhorst,BU03072700,Coelhorst,100.0,2,1,unchanged
BU03072701,Zeldert,BU03072701,Zeldert,100.0,3,1,unchanged
BU03072709,Maatweg,BU03072709,De Schans,100.0,1,1,unchanged
BU03072800,Leersumseberg,BU03072800,Park van de Tijden-West,100.0,2,1,unchanged
BU03072801,Emminkhuizerberg,BU03072801,Dassenberg e.o.,100.0,1,1,unchanged
BU03072802,Sprengenberg,BU03072802,Park van de Tijden-Oost,100.0,1,1,unchanged
BU03072803,Duisterweg,BU03072803,Duisterweg e.o.,99.8,2,1,unchanged
BU03072804,Cycladen,BU03072804,Eilandengroepenbuurt,99.7,2,1,unchanged
BU03072805,Reinier,BU03073303,Olympus,65.5,4,1,split
BU03072806,Smink,BU03073304,Lindeboomseweg e.o.,100.0,1,1,recoded
BU03072900,Roevoeterstraat,BU03072900,Polderbuurt-Noord,100.0,1,1,unchanged
BU03072901,Winkelcentrum,BU03072901,Winkelcentrum Vathorst,99.5,3,1,unchanged
BU03072902,Damespolder,BU03072902,Damespolderbuurt,99.8,2,1,unchanged
BU03073000,De Bron Noord,BU03073000,De Bron-Noord,100.0,1,1,unchanged
BU03073001,De Bron Zuid,BU03073001,De Bron-Zuid,100.0,2,1,unchanged
BU03073100,De Laak Oost,BU03073100,Waddeneilandenbuurt,96.4,3,1,split
BU03073101,Hoornplantsoen,BU03073101,Zuiderzeestedenbuurt-Oost,98.5,2,1,split
BU03073102,Muidenkade,BU03073102,Zuiderzeestedenbuurt-West,97.9,2,1,split
BU03073103,Hogesteeg,BU03073103,De Baken,53.2,3,1,split
BU03073104,Vathorst-West,BU03073201,Vathorst-Bovenduist,99.4,2,1,recoded
BU03073108,Vathorst-Noord,BU03073105,Over de Laak,99.6,4,1,recoded
BU03080000,Centrum,BU03080000,Centrum,98.3,5,1,split
BU03080001,Schoonoordpark,BU03080001,Schoonoordpark,95.1,6,1,split
BU03080002,Transvaal,BU03080002,Transvaal,100.0,2,1,unchanged
BU03080003,Zandvoort,BU03080003,Zandvoort,98.4,7,1,split
BU03080004,Oude-Oosterhei,BU03080004,Oude-Oosterhei,97.9,5,1,split
BU03080005,Nieuwe-Oosterhei,BU03080005,Nieuwe-Oosterhei,98.2,3,1,split
BU03080006,Pekingpark,BU03080006,Pekingpark,98.1,3,1,split
BU03080007,Amaliapark,BU03080007,Amaliapark,97.2,5,1,split
BU03080100,Componistenwijk,BU03080100,Componistenwijk,99.1,5,1,unchanged
BU03080101,Professorenwijk,BU03080101,Professorenwijk,99.9,2,1,unchanged
BU03080102,Staatsliedenwijk,BU03080102,Staatsliedenwijk,99.4,4,1,unchanged
BU03080103,Schilderswijk,BU03080103,Schilderswijk,99.5,6,1,unchanged
BU03080104,Eemdal-Noord,BU03080104,Eemdal-Noord,95.9,5,1,split
BU03080105,Eemdal-Zuid,BU03080105,Eemdal-Zuid,99.0,4,1,split
BU03080109,Eemland waaronder Eembrugge,BU03080109,Eemland waaronder Eembrugge,100.0,2,1,unchanged
BU03080200,Wilhelminapark,BU03080200,Wilhelminapark,98.5,6,1,split
BU03080201,Pr. Hendrikpark,BU03080201,Pr. Hendrikpark,96.3,5,1,split
BU03080300,Lage Vuursche,BU03080500,Lage Vuursche,100.0,1,1,recoded
BU03080301,Soestdijk,BU03080400,Verspreide huizen Baarn,100.0,1,2,recoded
BU03080309,Verspreide huizen Lage Vuursche,BU03080400,Verspreide huizen Baarn,72.4,6,2,merged
BU03100001,Steinenburg,BU03100903,De Bilt Zuid,99.6,2,1,recoded
BU03100002,Weltevreden,BU03100802,Brandenburg,41.4,7,1,split
BU03100008,De Bilt,BU03101002,Beerschoten-Oostbroek,50.8,9,2,merged
BU03100009,Verspreide huizen Oostbroek,BU03101002,Beerschoten-Oostbroek,89.4,2,2,merged
BU03100100,Bilthoven-Zuid,BU03100703,Noord Houdringe,41.5,8,1,split
BU03100200,Bilthoven-Noord,BU03100601,Bilthoven Noord I,54.0,6,1,split
BU03100201,De Leyen,BU03100505,De Leijen,56.1,7,1,split
BU03100209,Verspreide huizen,BU03100603,Ridderoordsche Bossen,99.5,6,1,recoded
BU03100300,Hollandsche Rading,BU03100202,Hollandsche Rading Buitengebied,55.8,2,2,merged
BU03100309,Verspreide huizen,BU03100202,Hollandsche Rading Buitengebied,91.4,3,2,merged
BU03100400,Maartensdijk,BU03100303,Maartensdijk Buitengebied,58.3,8,2,merged
BU03100401,Achterwetering,BU03100303,Maartensdijk Buitengebied,97.2,2,2,merged
BU03100402,Nieuwe-Wetering,BU03100402,Groenekan Buitengebied,100.0,2,3,unchanged
BU03100500,Groenekan,BU03100402,Groenekan Buitengebied,76.9,7,3,merged
BU03100501,Blauwkapel,BU03100402,Groenekan Buitengebied,100.0,3,3,recoded
BU03100600,Achttienhoven-Westbroek,BU03100102,Westbroek Buitengebied,66.8,6,1,split
BU03120000,Bunnik,BU03120000,Bunnik,100.0,1,1,unchanged
BU03120001,Vechten,BU03120001,Vechten,100.0,1,1,unchanged
BU03120008,Verspreide huizen in het noorden,BU03120008,Verspreide huizen in het noorden,100.0,2,1,unchanged
BU03120009,Verspreide huizen in het zuiden,BU03120009,Verspreide huizen in het zuiden,100.0,1,1,unchanged
BU03120100,Odijk,BU03120100,Odijk,100.0,1,1,unchanged
BU03120109,Verspreide huizen van Odijk,BU03120109,Verspreide huizen van Odijk,100.0,1,1,unchanged
BU03120200,Werkhoven,BU03120200,Werkhoven,100.0,1,1,unchanged
BU03120209,Verspreide huizen van Werkhoven,BU03120209,Verspreide huizen van Werkhoven,100.0,1,1,unchanged
BU03130001,Bunschoten,BU03130001,Bunschoten,100.0,1,1,unchanged
BU03130002,Spakenburg,BU03130002,Spakenburg,99.9,3,1,unchanged
BU03130003,Eemdijk,BU03130003,Eemdijk,99.9,2,1,unchanged
BU03130004,Broerswetering,BU03130004,Broerswetering,99.6,2,1,unchanged
BU03130005,Bikkersvaart,BU03130005,Bikkersvaart,100.0,1,1,unchanged
BU03130006,Blokhuiswetering,BU03130006,Blokhuiswetering,100.0,1,1,unchanged
BU03130007,De Haar,BU03130007,De Haar,100.0,1,1,unchanged
BU03130008,Verspreide huizen,BU03130008,Verspreide huizen,100.0,2,1,unchanged
BU03130009,Koenraadswetering,BU03130009,Koenraadswetering,100.0,1,1,unchanged
BU03130011,Rengerswetering,BU03130011,Rengerswetering,100.0,1,1,unchanged
BU03139997,,BU03139997,Groot binnenwater,98.4,5,1,split
BU03170000,Eemnes,BU03170218,Wakkerendijk-Meentweg,35.1,5,2,merged
BU03170001,Meentweg,BU03170218,Wakkerendijk-Meentweg,46.7,5,2,merged
BU03170002,Laarderweg,BU03170219,Zuidbuurt,55.3,5,2,merged
BU03170003,Wakkerendijk,BU03170213,Eempolder,37.2,5,2,merged
BU03170004,Noordbuurt,BU03170217,Noordbuurt,98.9,3,1,split
BU03170005,Zuidbuurt,BU03170219,Zuidbuurt,98.3,3,2,merged
BU03170008,Verspreide huizen ten zuidwesten van de Rijksstraatweg,BU03170216,Heidehoek,100.0,1,1,recoded
BU03170009,Overige verspreide huizen,BU03170213,Eempolder,75.5,10,2,merged
BU03179997,,BU03179997,Groot binnenwater,99.9,2,1,unchanged
BU03211010,Oude Dorp,BU03211010,Oude Dorp,99.9,3,1,unchanged
BU03211011,Oorden,BU03211011,Oorden,100.0,1,1,unchanged
BU03211012,Hoven,BU03211012,Hoven,99.5,2,1,unchanged
BU03211013,Gaarden,BU03211013,Gaarden,100.0,2,1,unchanged
BU03211014,Hoeven,BU03211014,Hoeven,99.7,2,1,unchanged
BU03211015,Erven,BU03211015,Erven,100.0,1,1,unchanged
BU03211016,Poorten,BU03211016,Poorten,83.7,5,1,split
BU03211017,Slagen,BU03211017,Slagen,100.0,4,1,unchanged
BU03211018,Borchen,BU03211018,Borchen,99.2,2,1,unchanged
BU03211019,Campen,BU03211019,Campen,100.0,2,1,unchanged
BU03211050,Rondweg Noord-West,BU03211050,Rondweg Noord-West,99.8,6,1,unchanged
BU03211120,Centrum West,BU03211120,Centrum West,100.0,1,1,unchanged
BU03211121,Centrum Oost,BU03211121,Centrum Oost,100.0,3,1,unchanged
BU03211122,Molens,BU03211122,Molens,99.9,2,1,unchanged
BU03211123,Hagen,BU03211123,Hagen,100.0,1,1,unchanged
BU03211124,weiden,BU03211124,Weiden,100.0,1,1,unchanged
BU03211125,Gilden,BU03211125,Gilden,98.3,2,1,split
BU03211126,velden,BU03211126,Velden,100.0,1,1,unchanged
BU03211127,Sloten,BU03211127,Sloten,99.3,2,1,unchanged
BU03211128,Bermen,BU03211128,Bermen,100.0,2,1,unchanged
BU03211129,Akkers,BU03211129,Akkers,100.0,3,1,unchanged
BU03211151,Rondweg Noord-Oost,BU03211151,Rondweg Noord-Oost,99.9,3,1,unchanged
BU03211230,Bouwen,BU03211230,Bouwen,99.8,2,1,unchanged
BU03211231,Houten,BU03211231,Houten,99.7,5,1,unchanged
BU03211232,Waters,BU03211232,Waters,100.0,1,1,unchanged
BU03211233,Polders,BU03211233,Polders,100.0,1,1,unchanged
BU03211234,Stenen,BU03211234,Stenen,98.6,4,1,split
BU03211235,muren,BU03211235,Muren,99.7,4,1,unchanged
BU03211236,Castel;lum West,BU03211236,Castellum West,95.8,5,1,split
BU03211237,Castellum Oost,BU03211237,Castellum Oost,95.9,4,1,split
BU03211238,Schaften,BU03211238,Schaften,99.4,3,1,unchanged
BU03211252,Rondweg Zuid-West,BU03211252,Rondweg Zuid-West,99.9,7,1,unchanged
BU03211340,Landen,BU03211340,Landen,100.0,1,1,unchanged
BU03211341,Tuinen,BU03211341,Tuinen,99.2,5,1,unchanged
BU03211342,Sporen,BU03211342,Sporen,99.9,4,1,unchanged
BU03211343,Meren,BU03211343,Meren,99.1,4,1,unchanged
BU03211344,Mossen,BU03211344,Mossen,99.8,4,1,unchanged
BU03211345,Grassen,BU03211345,Grassen,99.0,4,1,split
BU03211353,Rondweg Zuid-Oost,BU03211353,Rondweg Zuid-Oost,100.0,5,1,unchanged
BU03212054,De Staart,BU03212054,De Staart,99.3,2,1,unchanged
BU03212055,Kaden,BU03212055,Kaden,100.0,1,1,unchanged
BU03212056,vesten,BU03212056,Vesten,100.0,1,1,unchanged
BU03212057,Schepen,BU03212057,Schepen,100.0,1,1,unchanged
BU03212058,Boten,BU03212058,Boten,100.0,1,1,unchanged
BU03212059,Honen,BU03212059,Honen,100.0,3,1,unchanged
BU03212060,Hof van Wulven,BU03212060,Hof van Wulven,100.0,2,1,unchanged
BU03212061,Bruggen,BU03212061,Bruggen,100.0,1,1,unchanged
BU03212062,Bogen,BU03212062,Bogen,100.0,1,1,unchanged
BU03212063,De Poel,BU03212063,De Poel,100.0,1,1,unchanged
BU03212064,Buitengebied Houten West,BU03212064,Buitengebied Houten West,99.6,5,1,unchanged
BU03212065,Buitengebied Houten Oost,BU03212065,Buitengebied Houten Oost,100.0,2,1,unchanged
BU03213070,Dorp 't Goy,BU03213070,Dorp 't Goy,100.0,1,1,unchanged
BU03213071,'t Goysedorp,BU03213071,'t Goyse Dorp,100.0,1,1,unchanged
BU03213172,Buitengebied 't Goy,BU03213172,Buitengebied 't Goy,100.0,2,1,unchanged
BU03214080,'t Waal,BU03214080,'t Waal,100.0,1,1,unchanged
BU03214081,Tull,BU03214081,Tull,99.3,2,1,unchanged
BU03214182,Buitengebied Tull en 't Waal,BU03214182,Buitengebied Tull en 't Waal,100.0,1,1,unchanged
BU03215090,Dorp Schalkwijk West,BU03215090,Dorp Schalkwijk West,100.0,1,1,unchanged
BU03215091,Dorp Schalkwijk Oost,BU03215091,Dorp Schalkwijk Oost,100.0,1,1,unchanged
BU03215192,Buitengebied Schalkwijk West,BU03215192,Buitengebied Schalkwijk West,99.6,2,1,unchanged
BU03215193,Buitengebied Schalkwijk Oost,BU03215193,Buitengebied Schalkwijk Oost,100.0,1,1,unchanged
BU03270000,Hamershof,BU03270000,Hamershof,100.0,1,1,unchanged
BU03270001,Akkerhoeve,BU03270001,Akkerhoeve,100.0,1,1,unchanged
BU03270002,Noorwijck,BU03270002,Noordwijck,100.0,1,1,unchanged
BU03270003,Langenbeek,BU03270003,Langenbeek,100.0,1,1,unchanged
BU03270004,Zwanenburg,BU03270004,Zwanenburg,100.0,1,1,unchanged
BU03270005,Munnikhove,BU03270005,Munnikhove,100.0,1,1,unchanged
BU03270006,Bosveld,BU03270006,Bosveld,100.0,1,1,unchanged
BU03270007,Claverenblad,BU03270007,Claverenblad,100.0,1,1,unchanged
BU03270008,Wildenburg,BU03270008,Wildenburg,100.0,1,1,unchanged
BU03270009,Buitengebied Leusden-Centrum Oost,BU03270009,Buitengebied Leusden-Centrum Oost,100.0,1,1,unchanged
BU03270100,Hamersveld-Oud,BU03270100,Hamersveld-Oud,100.0,1,1,unchanged
BU03270101,Hamersveld-Nieuw,BU03270101,Hamersveld-Nieuw,100.0,1,1,unchanged
BU03270102,Rozenboom,BU03270102,Rozenboom,100.0,2,1,unchanged
BU03270103,Rozendaal,BU03270103,Rozendaal,100.0,1,1,unchanged
BU03270104,Alandsbeek-West,BU03270104,Alandsbeek-West,100.0,1,1,unchanged
BU03270105,Alandsbeek-Oost,BU03270105,Alandsbeek-Oost,100.0,1,1,unchanged
BU03270106,De Wetering,BU03270106,De Wetering,100.0,1,1,unchanged
BU03270107,Rossenberg,BU03270107,Rossenberg,100.0,1,1,unchanged
BU03270108,Groenhouten,BU03270108,Groenhouten,100.0,1,1,unchanged
BU03270109,Buitengebied Leusden-Centrum West,BU03270109,Buitengebied Leusden-Centrum West,100.0,1,1,unchanged
BU03270200,Kern Leusden-Zuid,BU03270200,Kern Leusden-Zuid,100.0,1,1,unchanged
BU03270201,Tabaksteeg,BU03270201,Tabaksteeg,100.0,1,1,unchanged
BU03270209,Buitengebied Leusden-Zuid,BU03270209,Buitengebied Leusden-Zuid,100.0,1,1,unchanged
BU03270300,Kern Achterveld,BU03270300,Kern Achterveld,100.0,1,1,unchanged
BU03270309,Buitengebied Achterveld,BU03270309,Buitengebied Achterveld,100.0,1,1,unchanged
BU03270400,Stoutenburg,BU03270400,Stoutenburg,100.0,1,1,unchanged
BU03270500,'t Ruige Veld,BU03270500,'t Ruige Veld,100.0,1,1,unchanged
BU03270501,'t Vliet,BU03270501,'t Vliet,100.0,1,1,unchanged
BU03310000,Lopik-Dorp,BU03310000,Lopik-Dorp,100.0,1,1,unchanged
BU03310001,Graaf,BU03310001,Graaf,100.0,1,1,unchanged
BU03310002,Uitweg,BU03310002,Uitweg,100.0,1,1,unchanged
BU03310003,Lopikerkapel,BU03310003,Lopikerkapel,100.0,1,1,unchanged
BU03310004,Jaarsveld,BU03310004,Jaarsveld,100.0,1,1,unchanged
BU03310005,Wielsekade,BU03310005,Wielsekade,100.0,1,1,unchanged
BU03310006,Cabauw,BU03310006,Cabauw,100.0,1,1,unchanged
BU03310007,Zevender,BU03310007,Zevender,100.0,1,1,unchanged
BU03310008,Lekdijk tussen Jaarsveld en Schoonhoven,BU03310008,Lekdijk tussen Jaarsveld en Schoonhoven,100.0,1,1,unchanged
BU03310009,Langs de Lekdijk Lopikerwaard,BU03310009,Langs de Lekdijk Lopikerwaard,100.0,1,1,unchanged
BU03310010,Benschop-Dorp,BU03310010,Benschop-Dorp,100.0,1,1,unchanged
BU03310019,Benschop Boveneind-Benedeneind,BU03310019,Benschop Boveneind-Benedeneind,100.0,1,1,unchanged
BU03310020,Polsbroek-Dorp,BU03310020,Polsbroek-Dorp,100.0,1,1,unchanged
BU03310029,Polsbroek-Noordzijdseweg-Zuidzijdseweg,BU03310029,Polsbroek-Noordzijdseweg-Zuidzijdseweg,100.0,1,1,unchanged
BU03350000,Montfoort,BU03350000,Montfoort,100.0,1,1,unchanged
BU03350001,Tabakshof en Heeswijk (gedeeltelijk),BU03350001,Tabakshof en Heeswijk (gedeeltelijk),100.0,1,1,unchanged
BU03350100,Linschoten,BU03350100,Linschoten,100.0,1,1,unchanged
BU03350101,Polanen,BU03350101,Polanen,100.0,1,1,unchanged
BU03350102,Cattenbroek,BU03350102,Cattenbroek,100.0,1,1,unchanged
BU03350103,Heeswijk,BU03350103,Heeswijk,100.0,1,1,unchanged
BU03350108,Verspreide huizen Linschoten,BU03350108,Verspreide huizen Linschoten,100.0,1,1,unchanged
BU03350109,Verspreide huizen Mastwijk,BU03350109,Verspreide huizen Mastwijk,100.0,1,1,unchanged
BU03350200,Willeskop,BU03350200,Willeskop,100.0,1,1,unchanged
BU03350201,Blokland,BU03350201,Blokland,100.0,1,1,unchanged
BU03350202,Beneden Kerkweg,BU03350202,Beneden Kerkweg,100.0,1,1,unchanged
BU03350209,Verspreide huizen,BU03350209,Verspreide huizen,100.0,1,1,unchanged
BU03390000,Renswoude,BU03390000,Renswoude,100.0,1,1,unchanged
BU03390009,Verspreide huizen,BU03390009,Verspreide huizen,100.0,1,1,unchanged
BU03400001,Rhenen Binnenstad,BU03400001,Rhenen Binnenstad,100.0,3,1,unchanged
BU03400101,Cunera,BU03400101,Cunera,100.0,1,1,unchanged
BU03400102,Vogelenzang,BU03400102,Vogelenzang,100.0,1,1,unchanged
BU03400103,Grebbekwartier Zuid,BU03400103,Grebbekwartier Zuid,100.0,1,1,unchanged
BU03400104,Grebbekwartier Noord,BU03400104,Grebbekwartier Noord,100.0,1,1,unchanged
BU03400105,Bruine Eng,BU03400105,Bruine Eng,100.0,1,1,unchanged
BU03400201,Molenberg,BU03400201,Molenberg,100.0,2,1,unchanged
BU03400202,Donderberg,BU03400202,Donderberg,100.0,1,1,unchanged
BU03400203,Koerheuvel,BU03400203,Koerheuvel,100.0,1,1,unchanged
BU03400301,Rhenen Hoog,BU03400301,Rhenen Hoog,100.0,1,1,unchanged
BU03400302,Domineesberg,BU03400302,Domineesberg,100.0,1,1,unchanged
BU03400303,Helling Bergweg,BU03400303,Helling Bergweg,100.0,1,1,unchanged
BU03400401,Grebbeberg,BU03400401,Grebbeberg,100.0,1,1,unchanged
BU03400501,Randzone,BU03400501,Randzone,100.0,1,1,unchanged
BU03400502,Veeneind,BU03400502,Veeneind,100.0,1,1,unchanged
BU03400503,Rhenendael,BU03400503,Rhenendael,100.0,1,1,unchanged
BU03400504,Prattenburg,BU03400504,Prattenburg,100.0,1,1,unchanged
BU03400601,Binnenveld,BU03400601,Binnenveld,100.0,1,1,unchanged
BU03400701,Achterberg,BU03400701,Achterberg,100.0,2,1,unchanged
BU03400702,De Horst,BU03400702,De Horst,100.0,1,1,unchanged
BU03400703,Achterberg West,BU03400703,Achterberg West,100.0,1,1,unchanged
BU03400801,Uiterwaarden Rhenen,BU03400801,Uiterwaarden Rhenen,100.0,1,1,unchanged
BU03400901,Remmerden,BU03400901,Remmerden,100.0,1,1,unchanged
BU03401001,Heuvelrug Rhenen,BU03401001,Heuvelrug Rhenen,100.0,1,1,unchanged
BU03401101,Heuvelrug Elst,BU03401101,Heuvelrug Elst,100.0,1,1,unchanged
BU03401201,Uiterwaarden Elst,BU03401201,Uiterwaarden Elst,100.0,1,1,unchanged
BU03401301,De Vordel,BU03401301,De Vordel,100.0,1,1,unchanged
BU03401302,Elst Centrum,BU03401302,Elst Centrum,100.0,1,1,unchanged
BU03401303,Het Bosje,BU03401303,Het Bosje,100.0,1,1,unchanged
BU03401304,Elst West,BU03401304,Elst West,100.0,1,1,unchanged
BU03420101,Industrieterrein Soest,BU03420101,Industrieterrein Soest,100.0,2,1,unchanged
BU03420102,'t Hart,BU03420102,'t Hart,100.0,2,1,unchanged
BU03420103,Soestdijk,BU03420103,Soestdijk,100.0,3,1,unchanged
BU03420201,Klaarwater,BU03420201,Klaarwater,100.0,1,1,unchanged
BU03420301,Pijnenburg,BU03420301,Pijnenburg,100.0,1,1,unchanged
BU03420302,Het Soesterveen,BU03420302,Het Soesterveen,100.0,1,1,unchanged
BU03420303,De Grachten,BU03420303,De Grachten,100.0,3,1,unchanged
BU03420304,Boerenstreek,BU03420304,Boerenstreek,100.0,1,1,unchanged
BU03420401,De Eng Noord West,BU03420401,De Eng Noord West,100.0,3,1,unchanged
BU03420402,De Eng,BU03420402,De Eng,100.0,2,1,unchanged
BU03420403,Soest Midden,BU03420403,Soest Midden,100.0,2,1,unchanged
BU03420404,Eemgebied,BU03420404,Eemgebied,100.0,1,1,unchanged
BU03420405,De Eng Zuid,BU03420405,De Eng Zuid,100.0,1,1,unchanged
BU03420501,Smitsveen,BU03420501,Smitsveen,100.0,3,1,unchanged
BU03420601,De Zoom,BU03420601,De Zoom,100.0,1,1,unchanged
BU03420602,Wieksloot,BU03420602,Wieksloot,100.0,1,1,unchanged
BU03420604,Hees,BU03420604,Hees,100.0,1,1,unchanged
BU03420605,Klein Engendaal,BU03420605,Klein Engendaal,100.0,1,1,unchanged
BU03420606,Klein Engendaal Noord,BU03420606,Klein Engendaal Noord,100.0,1,1,unchanged
BU03420701,Soest Zuid,BU03420701,Soest Zuid,100.0,1,1,unchanged
BU03420702,De Birkt,BU03420702,De Birkt,100.0,1,1,unchanged
BU03420703,Soestduinen,BU03420703,Soestduinen,100.0,1,1,unchanged
BU03420704,Duinen Gebied,BU03420704,Duinen Gebied,100.0,1,1,unchanged
BU03420705,Paltz,BU03420705,Paltz,100.0,1,1,unchanged
BU03420706,Vlasakkers,BU03420706,Vlasakkers,100.0,2,1,unchanged
BU03420801,Soesterberg Noord,BU03420801,Soesterberg Noord,100.0,1,1,unchanged
BU03420802,Soesterberg Oost,BU03420802,Soesterberg Oost,100.0,2,1,unchanged
BU03420803,Leusderheide,BU03420803,Leusderheide,100.0,1,1,unchanged
BU03420804,Soesterberg Kom,BU03420804,Soesterberg Kom,100.0,1,1,unchanged
BU03440111,"Welgelegen, Den Hommel",BU03440111,"Welgelegen, Den Hommel",100.0,1,1,unchanged
BU03440112,Oog in Al,BU03440112,Oog in Al,100.0,1,1,unchanged
BU03440113,Halve Maan-Zuid,BU03440113,Halve Maan-Zuid,100.0,1,1,unchanged
BU03440114,Halve Maan-Noord,BU03440114,Halve Maan-Noord,100.0,1,1,unchanged
BU03440121,Lombok-Oost,BU03440121,Lombok-Oost,100.0,1,1,unchanged
BU03440122,Leidseweg en omgeving,BU03440122,Leidseweg en omgeving,100.0,1,1,unchanged
BU03440123,Lombok-West,BU03440123,Lombok-West,100.0,1,1,unchanged
BU03440124,Laan van Nieuw Guinea-Spinozaplantsoen,BU03440124,"Laan van Nieuw-Guinea, Spinozaweg e.o.",100.0,1,1,unchanged
BU03440131,"Nieuw Engeland, Th. a. Kempisplantsoen en omgeving",BU03440131,"Nieuw Engeland, Th. a. Kempisplantsoen en omgeving",100.0,1,1,unchanged
BU03440132,Schepenbuurt bedrijvengebied Cartesiusweg,BU03440132,"Schepenbuurt, Cartesiusweg e.o.",100.0,1,1,unchanged
BU03440133,Bedrijventerrein Lageweide,BU03440133,Bedrijventerrein Lageweide,100.0,1,1,unchanged
BU03440211,Pijlsweerd-Zuid,BU03440211,Pijlsweerd-Zuid,100.0,1,1,unchanged
BU03440212,Pijlsweerd-Noord,BU03440212,Pijlsweerd-Noord,100.0,1,1,unchanged
BU03440221,"Nijenoord, Hoogstraat en omgeving",BU03440221,"Nijenoord, Hoogstraat en omgeving",100.0,1,1,unchanged
BU03440222,Ondiep,BU03440222,Ondiep,100.0,1,1,unchanged
BU03440223,2e Daalsebuurt en omgeving,BU03440223,2e Daalsebuurt en omgeving,100.0,1,1,unchanged
BU03440224,"Elegantierstraat, Mariëndaalstraat en omgeving",BU03440224,"Egelantierstraat, Mariëndaalstraat e.o.",100.0,1,1,unchanged
BU03440231,Julianapark en omgeving,BU03440231,Julianapark en omgeving,100.0,1,1,unchanged
BU03440232,Elinkwijk en omgeving,BU03440232,Elinkwijk en omgeving,100.0,1,1,unchanged
BU03440233,Prins Bernhardplein en omgeving,BU03440233,Prins Bernhardplein en omgeving,100.0,1,1,unchanged
BU03440241,Geuzenwijk,BU03440241,Geuzenwijk,100.0,1,1,unchanged
BU03440242,Schaakbuurt en omgeving,BU03440242,Schaakbuurt en omgeving,100.0,1,1,unchanged
BU03440243,Queeckhovenplein en omgeving,BU03440243,Queeckhovenplein en omgeving,100.0,1,1,unchanged
BU03440244,Zuilen-Noord,BU03440244,Zuilen-Noord,100.0,1,1,unchanged
BU03440311,Taag- en Rubicondreef en omgeving,BU03440311,Taag- en Rubicondreef en omgeving,100.0,1,1,unchanged
BU03440312,Wolga- en Donaudreef en omgeving,BU03440312,Wolga- en Donaudreef en omgeving,100.0,1,1,unchanged
BU03440321,Zamenhofdreef en omgeving,BU03440321,Zamenhofdreef en omgeving,100.0,1,1,unchanged
BU03440322,Neckardreef en omgeving,BU03440322,Neckardreef en omgeving,100.0,1,1,unchanged
BU03440331,Vechtzoom-zuid,BU03440331,Vechtzoom-zuid,100.0,1,1,unchanged
BU03440332,"Vechtzoom-noord, Klopvaart",BU03440332,"Vechtzoom-noord, Klopvaart",100.0,1,1,unchanged
BU03440333,Bedrijventerrein en omgeving,BU03440333,Bedrijventerrein en omgeving,100.0,1,1,unchanged
BU03440341,Zambesidreef en omgeving,BU03440341,Zambesidreef en omgeving,100.0,1,1,unchanged
BU03440342,Tigrisdreef en omgeving,BU03440342,Tigrisdreef en omgeving,100.0,1,1,unchanged
BU03440343,Poldergebied Overvecht,BU03440343,Poldergebied Overvecht,100.0,1,1,unchanged
BU03440411,Vogelenbuurt,BU03440411,Vogelenbuurt,100.0,1,1,unchanged
BU03440412,Lauwerecht,BU03440412,Lauwerecht,100.0,1,1,unchanged
BU03440413,Staatsliedenbuurt,BU03440413,Staatsliedenbuurt,100.0,1,1,unchanged
BU03440414,Tuinwijk-West,BU03440414,Tuinwijk-West,100.0,1,1,unchanged
BU03440415,Tuinwijk-Oost,BU03440415,Tuinwijk-Oost,100.0,1,1,unchanged
BU03440421,Tuindorp en Van Lieflandlaan-West,BU03440421,Tuindorp en Van Lieflandlaan-West,100.0,1,1,unchanged
BU03440422,Tuindorp-Oost,BU03440422,Tuindorp-Oost,100.0,1,1,unchanged
BU03440423,Voordorp en Voorveldsepolder,BU03440423,Voordorp en Voorveldsepolder,100.0,1,1,unchanged
BU03440431,"Huizingalaan, K. Doormanlaan en omgeving",BU03440431,"Huizingalaan, K. Doormanlaan en omgeving",100.0,1,1,unchanged
BU03440432,"Zeeheldenbuurt, Hengeveldstraat en omgeving",BU03440432,"Zeeheldenbuurt, Hengeveldstraat en omgeving",100.0,1,1,unchanged
BU03440433,Wittevrouwen,BU03440433,Wittevrouwen,100.0,1,1,unchanged
BU03440511,Buiten Wittevrouwen,BU03440511,Buiten Wittevrouwen,100.0,1,1,unchanged
BU03440512,Oudwijk,BU03440512,Oudwijk,100.0,1,1,unchanged
BU03440521,Abstede,BU03440521,"Abstede, Tolsteegsingel e.o.",100.0,1,1,unchanged
BU03440522,Tolsteegsingel,BU03440522,Sterrenwijk,100.0,1,1,unchanged
BU03440523,Rubenslaan en omgeving,BU03440523,Rubenslaan en omgeving,100.0,1,1,unchanged
BU03440524,Watervogelbuurt,BU03440524,Watervogelbuurt,100.0,1,1,unchanged
BU03440525,L. Napoleonplantsoen en omgeving,BU03440525,L. Napoleonplantsoen en omgeving,100.0,1,1,unchanged
BU03440526,Maarschalkerweerd en Mereveld,BU03440526,Maarschalkerweerd en Mereveld,100.0,1,1,unchanged
BU03440531,Schildersbuurt,BU03440531,Schildersbuurt,100.0,1,1,unchanged
BU03440532,Wilhelminapark en omgeving,BU03440532,Wilhelminapark en omgeving,100.0,1,1,unchanged
BU03440533,De Uithof,BU03440533,Utrecht Science Park,100.0,1,1,unchanged
BU03440534,Rijnsweerd,BU03440534,Rijnsweerd,100.0,1,1,unchanged
BU03440535,Galgenwaard en omgeving,BU03440535,Galgenwaard en omgeving,100.0,1,1,unchanged
BU03440611,"Domplein, Neude, Janskerkhof",BU03440611,"Domplein, Neude, Janskerkhof",100.0,1,1,unchanged
BU03440612,"Lange Elisabethstraat, Mariaplaats en omgeving",BU03440612,"Lange Elisabethstraat, Mariaplaats en omgeving",100.0,1,1,unchanged
BU03440613,Hoog-Catharijne NS en Jaarbeurs,BU03440613,Hoog-Catharijne NS en Jaarbeurs,100.0,1,1,unchanged
BU03440621,Wijk C,BU03440621,Wijk C,100.0,1,1,unchanged
BU03440622,Breedstraat en Plompetorengracht en omgeving,BU03440622,Breedstraat en Plompetorengracht en omgeving,100.0,1,1,unchanged
BU03440623,Nobelstraat en omgeving,BU03440623,Nobelstraat en omgeving,100.0,1,1,unchanged
BU03440624,Springweg en omgeving Geertebuurt,BU03440624,Springweg en omgeving Geertebuurt,100.0,1,1,unchanged
BU03440625,Lange Nieuwstraat en omgeving,BU03440625,Lange Nieuwstraat en omgeving,100.0,1,1,unchanged
BU03440626,Nieuwegracht-Oost,BU03440626,Nieuwegracht-Oost,100.0,1,1,unchanged
BU03440627,Bleekstraat en omgeving,BU03440627,Bleekstraat en omgeving,100.0,1,1,unchanged
BU03440628,Hooch Boulandt,BU03440628,Hooch Boulandt,100.0,1,1,unchanged
BU03440711,Lunetten-Noord,BU03440711,Lunetten-Noord,100.0,1,1,unchanged
BU03440712,Lunetten-Zuid,BU03440712,Lunetten-Zuid,100.0,1,1,unchanged
BU03440721,Tolsteeg en Rotsoord,BU03440721,Tolsteeg en Rotsoord,100.0,1,1,unchanged
BU03440722,Oud Hoograven-Noord,BU03440722,Oud Hoograven-Noord,100.0,1,1,unchanged
BU03440723,Oud Hoograven-Zuid,BU03440723,Oud Hoograven-Zuid,100.0,1,1,unchanged
BU03440731,Bokkenbuurt,BU03440731,Bokkenbuurt,100.0,1,1,unchanged
BU03440732,Nieuw Hoograven-Noord,BU03440732,Nieuw Hoograven-Noord,100.0,1,1,unchanged
BU03440733,Nieuw Hoograven-Zuid,BU03440733,Nieuw Hoograven-Zuid,100.0,1,1,unchanged
BU03440811,Dichterswijk,BU03440811,Dichterswijk,100.0,1,1,unchanged
BU03440812,Rivierenwijk,BU03440812,Rivierenwijk,100.0,1,1,unchanged
BU03440821,Bedrijvengebied Kanaleneiland,BU03440821,Bedrijvengebied Kanaleneiland,100.0,1,1,unchanged
BU03440822,Transwijk-Zuid,BU03440822,Transwijk-Zuid,100.0,1,1,unchanged
BU03440823,Transwijk-Noord,BU03440823,Transwijk-Noord,100.0,1,1,unchanged
BU03440831,Kanaleneiland-Zuid,BU03440831,Kanaleneiland-Zuid,100.0,1,1,unchanged
BU03440832,Kanaleneiland-Noord,BU03440832,Kanaleneiland-Noord,100.0,1,1,unchanged
BU03440911,Bedrijventerrein De Wetering,BU03440911,Bedrijventerrein De Wetering,100.0,1,1,unchanged
BU03440912,Terwijde-West,BU03440912,Terwijde-West,100.0,1,1,unchanged
BU03440913,Terwijde-Oost,BU03440913,Terwijde-Oost,100.0,1,1,unchanged
BU03440921,Het Zand-West,BU03440921,Het Zand-West,100.0,1,1,unchanged
BU03440922,Het Zand-Oost,BU03440922,Het Zand-Oost,100.0,1,1,unchanged
BU03440931,Leidsche Rijn-Centrum,BU03440931,Leidsche Rijn-Centrum,100.0,1,1,unchanged
BU03440932,Grauwaart,BU03440932,Grauwaart,100.0,1,1,unchanged
BU03440933,Hoge Weide,BU03440933,Hoge Weide,100.0,1,1,unchanged
BU03440934,Leeuwesteyn,BU03440934,Leeuwesteyn,100.0,1,1,unchanged
BU03440941,Parkwijk-Noord,BU03440941,Parkwijk-Noord,100.0,1,1,unchanged
BU03440942,Parkwijk-Zuid,BU03440942,Parkwijk-Zuid,100.0,1,1,unchanged
BU03440943,Langerak,BU03440943,Langerak,100.0,1,1,unchanged
BU03440951,Rijnvliet,BU03440951,Rijnvliet,100.0,1,1,unchanged
BU03440952,Bedrijvengebied Strijkviertel,BU03440952,Bedrijvengebied Strijkviertel,100.0,1,1,unchanged
BU03440953,Bedrijvengebied Papendorp,BU03440953,Bedrijvengebied Papendorp,100.0,1,1,unchanged
BU03441011,Haarrijn,BU03441011,Haarrijn,100.0,1,1,unchanged
BU03441012,Haarzuilens en omgeving,BU03441012,Haarzuilens en omgeving,100.0,1,1,unchanged
BU03441013,Vleuten,BU03441013,Vleuten,100.0,1,1,unchanged
BU03441014,Leidsche Rijn Park,BU03441014,Máximapark,100.0,1,1,unchanged
BU03441021,Vleuterweide-West,BU03441021,Vleuterweide-West,100.0,1,1,unchanged
BU03441022,Vleuterweide-Noord/Oost/Centrum,BU03441022,Vleuterweide-Noord/Oost/Centrum,100.0,1,1,unchanged
BU03441023,Vleuterweide-Zuid,BU03441023,Vleuterweide-Zuid,100.0,1,1,unchanged
BU03441024,Veldhuizen,BU03441024,Veldhuizen,100.0,1,1,unchanged
BU03441031,De Meern-Noord,BU03441031,De Meern-Noord,100.0,1,1,unchanged
BU03441032,De Meern-Zuid,BU03441032,De Meern-Zuid,100.0,1,1,unchanged
BU03441033,Bedrijvengebied Oudenrijn,BU03441033,Bedrijvengebied Oudenrijn,100.0,1,1,unchanged
BU03441041,Rijnenburg,BU03441041,Rijnenburg,100.0,1,1,unchanged
BU03450000,Koopcentrum,BU03450099,Koopcentrum,93.6,4,1,split
BU03450001,Vijgendam en omgeving,BU03450001,Meesterweide,94.3,4,1,split
BU03450002,Schrijverswijk,BU03450002,Schrijverswijk,89.5,5,1,split
BU03450003,Beatrixstraat en omgeving,BU03450003,Achterkerk,88.4,5,1,split
BU03450100,Dragonder-Noord,BU03450110,Dragonder Noord,99.0,6,1,split
BU03450101,Dragonder-Zuid,BU03450111,Dragonder Zuid,94.5,5,1,split
BU03450102,De Compagnie-Oost,BU03450112,De Compagnie Oost,88.9,6,1,split
BU03450103,Spitsbergen,BU03450113,Spitsbergen,93.2,3,1,split
BU03450104,Dragonder-Oost,BU03450114,Dragonder Oost,82.2,7,1,split
BU03450105,Veenendaal-Oost,BU03450118,Veenderij,43.0,3,1,split
BU03450200,Engelenburg,BU03450220,Engelenburg,95.0,7,1,split
BU03450201,Het Ambacht,BU03450221,Het Ambacht,97.9,5,1,split
BU03450202,Boslaan en omgeving,BU03450222,Gezonken Hoek,99.4,3,1,recoded
BU03450203,Petenbos,BU03450223,Petenbos,99.4,4,1,recoded
BU03450204,Petenbos-Oost,BU03450224,Petenbos Oost,99.2,2,1,recoded
BU03450205,Nijverkamp,BU03450225,Nijverkamp,98.5,7,1,split
BU03450206,De Groene Velden,BU03450226,De Groene Velden,93.1,5,1,split
BU03450207,De Blauwe Hel,BU03450227,De Blauwe Hel,98.7,4,1,split
BU03450208,Bezuiden de Middelbuurtseweg,BU03450228,Middelbuurt,87.9,3,1,split
BU03450300,'t Goeie Spoor en omgeving,BU03450330,Stationswijk,85.8,7,1,split
BU03450301,Franse Gat,BU03450331,Franse Gat,94.3,5,1,split
BU03450302,Salamander,BU03450332,Salamander,92.9,5,1,split
BU03450400,Molenbrug,BU03450440,Molenbrug,86.7,6,1,split
BU03450401,'t Hoorntje,BU03450441,'t Hoorntje,96.4,8,1,split
BU03450402,De Pol,BU03450442,De Pol,91.9,4,1,split
BU03450403,De Gelderse blom,BU03450443,Gelderse Blom,98.5,3,1,split
BU03450404,De Compagnie,BU03450444,De Compagnie,92.7,5,1,split
BU03450405,De Batterijen,BU03450445,De Batterijen,97.8,3,1,split
BU03450500,Oudeveen en De Schans en omgeving,BU03450550,Pioniersbuurt,81.5,4,1,split
BU03450501,Componistenbuurt,BU03450551,Componistenbuurt,86.2,3,1,split
BU03450502,Vogelbuurt,BU03450552,Vogelbuurt,100.0,2,1,recoded
BU03450503,Schepenbuurt,BU03450553,Schepenbuurt,75.5,4,1,split
BU03450504,Dichtersbuurt,BU03450554,Dichtersbuurt,82.9,4,1,split
BU03450505,De Faktorij en De Vendel,BU03450555,De Faktorij en De Vendel,99.4,4,1,recoded
BU03450506,Fort Buurtsteeg,BU03450556,De Kooi,88.5,4,1,split
BU03450507,Bezuiden de Dijkstraat,BU03450557,Hondzenelleboog,98.3,3,1,split
BU03510001,De Grift,BU03510001,De Grift,100.0,1,1,unchanged
BU03510002,Nico Bergsteijn,BU03510002,Nico Bergsteijn,100.0,3,1,unchanged
BU03510003,Nieuwoord,BU03510003,Nieuwoord,100.0,2,1,unchanged
BU03510004,Laanzicht,BU03510004,Laanzicht,100.0,2,1,unchanged
BU03510005,Het Zeeland,BU03510005,Het Zeeland,100.0,2,1,unchanged
BU03510006,Het Groene Woud,BU03510006,Het Groene Woud,100.0,4,1,unchanged
BU03510007,Woudenberg-Oost,BU03510013,Hoevelaar,69.4,2,1,split
BU03510008,Bedrijventerrein,BU03510008,Bedrijventerrein,100.0,2,1,unchanged
BU03510009,Den Treek-Henschoten,BU03510009,Den Treek-Henschoten,100.0,2,1,unchanged
BU03510010,Geersestein,BU03510010,Geerestein,100.0,3,1,unchanged
BU03510011,Voskuilen,BU03510011,Voskuilen,100.0,2,1,unchanged
BU03510012,Rumelaar-Lambalgen,BU03510012,Rumelaar-Lambalgen,100.0,3,1,unchanged
BU03520000,Wijk bij Duurstede,BU03520011,De Geer,13.9,12,1,split
BU03520101,Gebied ten zuiden van Amsterdam-Rijnkanaal,BU03520101,Buitengebied ten zuiden van Amsterdam-Rijnkanaal,99.0,2,1,split
BU03520109,Verspreide huizen,BU03520100,Buitengebied Wijk bij Duurstede,93.3,10,1,split
BU03520200,Cothen,BU03520200,Cothen,63.8,2,1,split
BU03520209,Verspreide huizen Cothen,BU03520201,Buitengebied Cothen,99.8,2,1,recoded
BU03520300,Nederlangbroek,BU03520300,Langbroek,62.9,2,1,split
BU03520301,Nederlangbroek West- en Oostzijde,BU03520301,Buitengebied Langbroek,100.0,2,3,unchanged
BU03520302,Overlangbroek,BU03520301,Buitengebied Langbroek,100.0,1,3,recoded
BU03520309,Verspreide huizen Langbroek,BU03520301,Buitengebied Langbroek,99.3,2,3,recoded
BU03530001,IJsselstein-Binnenstad,BU03530001,IJsselstein-Binnenstad,100.0,1,1,unchanged
BU03530002,Nieuwpoort,BU03530002,Nieuwpoort,100.0,1,1,unchanged
BU03530003,Groenvliet,BU03530003,Groenvliet,100.0,1,1,unchanged
BU03530004,Kasteelkwartier,BU03530004,Kasteelkwartier,100.0,1,1,unchanged
BU03530005,Europakwartier,BU03530005,Europakwartier,100.0,1,1,unchanged
BU03530006,Oranjekwartier,BU03530006,Oranjekwartier,100.0,1,1,unchanged
BU03530007,IJsselveld-Oost,BU03530007,IJsselveld-Oost,100.0,1,1,unchanged
BU03530008,IJsselveld-West,BU03530008,IJsselveld-West,100.0,1,1,unchanged
BU03530009,IJsseloevers,BU03530009,IJsseloevers,100.0,1,1,unchanged
BU03530010,Hazenveld en Overwaard,BU03530010,Hazenveld en Overwaard,100.0,1,1,unchanged
BU03530011,Rijpickerwaard,BU03530011,Rijpickerwaard,100.0,1,1,unchanged
BU03530012,Panoven,BU03530012,Panoven,100.0,1,1,unchanged
BU03530013,Paardenveld,BU03530013,Paardenveld,100.0,1,1,unchanged
BU03530014,Over Oudland,BU03530014,Over Oudland,100.0,1,1,unchanged
BU03530015,Industrieterrein Lage Dijk,BU03530015,Industrieterrein Lage Dijk,100.0,1,1,unchanged
BU03530016,Bedrijventerrein De Corridor,BU03530016,Bedrijventerrein De Corridor,100.0,1,1,unchanged
BU03530017,De Hoven en De Boomgaard,BU03530017,De Hoven en De Boomgaard,100.0,1,1,unchanged
BU03530018,De Tuinen,BU03530018,De Tuinen,100.0,1,1,unchanged
BU03530019,Het Hart,BU03530019,Het Hart,100.0,1,1,unchanged
BU03530020,De Wereldsteden,BU03530020,De Wereldsteden,57.1,2,1,split
BU03530021,De Rivieren,BU03530021,De Rivieren,100.0,1,1,unchanged
BU03530022,Het Staatse,BU03530022,Het Staatse,100.0,1,1,unchanged
BU03530023,Benschopperpoort en Het Podium,BU03530023,Benschopperpoort en Het Podium,100.0,1,1,unchanged
BU03530024,Achterveld-Zuid,BU03530024,Achterveld-Zuid,100.0,1,1,unchanged
BU03530025,Achterveld-West,BU03530025,Achterveld-West,100.0,1,1,unchanged
BU03530026,Achterveld-Noord,BU03530026,Achterveld-Noord,100.0,1,1,unchanged
BU03530027,Achterveld-Oost,BU03530027,Achterveld-Oost,100.0,1,1,unchanged
BU03530028,Eiterse Waard,BU03530028,Eiterse Waard,100.0,1,1,unchanged
BU03530029,Landelijk gebied Noord,BU03530029,Landelijk gebied Noord,100.0,1,1,unchanged
BU03530030,Landelijk gebied Zuid,BU03530030,Landelijk gebied Zuid,100.0,1,1,unchanged
BU03550101,Carré,BU03550101,Carré,100.0,1,1,unchanged
BU03550102,Centrumschil-Zuid,BU03550102,Centrumschil-Zuid,100.0,1,1,unchanged
BU03550103,Centrumschil-Noord,BU03550103,Centrumschil-Noord,100.0,1,1,unchanged
BU03550104,Lyceumkwartier,BU03550104,Lyceumkwartier,100.0,1,1,unchanged
BU03550105,Het Slot en omgeving,BU03550105,Het Slot e.o.,100.0,1,1,unchanged
BU03550201,Patijnpark,BU03550201,Patijnpark,100.0,1,1,unchanged
BU03550202,Dijnselburg,BU03550202,Dijnselburg,100.0,1,1,unchanged
BU03550203,Staatsliedenkwartier,BU03550203,Staatsliedenkwartier,100.0,1,1,unchanged
BU03550204,Mooi Zeist,BU03550204,Mooi Zeist,100.0,1,1,unchanged
BU03550205,Vollenhove,BU03550205,Vollenhove,100.0,1,1,unchanged
BU03550206,Utrechtseweg,BU03550206,Utrechtseweg,100.0,1,1,unchanged
BU03550301,Griffensteijn en Kersbergen,BU03550301,Griffensteijn/Kersbergen,100.0,1,1,unchanged
BU03550302,Nijenheim,BU03550302,Nijenheim,100.0,1,1,unchanged
BU03550303,Crosesteijn,BU03550303,Crosestein,100.0,1,1,unchanged
BU03550304,Vogelwijk,BU03550304,Vogelwijk,100.0,1,1,unchanged
BU03550305,Brugakker,BU03550305,Brugakker,100.0,1,1,unchanged
BU03550306,De Clomp,BU03550306,De Clomp,100.0,1,1,unchanged
BU03550307,Couwenhoven,BU03550307,Couwenhoven,100.0,1,1,unchanged
BU03550308,Blikkenburg e.o.,BU03550308,Blikkenburg e.o.,100.0,1,1,unchanged
BU03550309,Weidegebied,BU03550309,Weidegebied,100.0,1,1,unchanged
BU03550401,Hoge Dennen,BU03550401,Hoge Dennen,100.0,1,1,unchanged
BU03550402,Kerckebosch,BU03550402,Kerckebosch,100.0,1,1,unchanged
BU03550403,Driebergseweg,BU03550403,Driebergseweg,100.0,1,1,unchanged
BU03550404,Station NS,BU03550404,Station NS,100.0,1,1,unchanged
BU03550405,Zeister Bos,BU03550405,Zeisterbos,100.0,1,1,unchanged
BU03550406,Austerlitz,BU03550406,Austerlitz,100.0,1,1,unchanged
BU03550407,Verspreide huizen Austerlitz,BU03550407,Verspreide huizen Austerlitz,100.0,1,1,unchanged
BU03550501,Huis ter Heide-Zuid,BU03550501,Huis ter Heide-Zuid,98.8,2,1,split
BU03550502,Huis ter Heide-Noord,BU03550502,Huis ter Heide-Noord,100.0,1,1,unchanged
BU03550503,Bosch en Duin,BU03550503,Bosch en Duin,100.0,1,1,unchanged
BU03550504,Beukbergen,BU03550504,Beukbergen,100.0,1,1,unchanged
BU03550505,Den Dolder-Zuid,BU03550505,Den Dolder-Zuid,99.5,2,1,unchanged
BU03550506,Den Dolder-Noord,BU03550506,Den Dolder-Noord,100.0,1,1,unchanged
BU03550507,Soestdijkerweg en omgeving,BU03550507,Soestdijkerweg e.o.,100.0,1,1,unchanged
BU03550508,Sterrenberg,BU03550508,Sterrenberg,100.0,1,1,unchanged
BU03560100,Jutphaas Wijkersloot,BU03560101,Jutphaas,39.0,5,1,split
BU03560200,Zuilenstein,BU03560201,Zuilenstein-Zuid,52.2,6,1,split
BU03560300,Batau Zuid,BU03560303,Gaarden,65.7,8,1,split
BU03560400,Batau Noord,BU03560403,Buitenweides,53.3,8,1,split
BU03560500,Doorslag,BU03560503,Doorslag-Zuidwest,47.4,6,1,split
BU03560600,Huis de Geer,BU03560600,Huis de Geer,98.4,3,1,split
BU03560700,Blokhoeve,BU03560700,Blokhoeve,99.7,4,1,unchanged
BU03560800,Galecop,BU03560804,Galecopperzoom,41.6,7,1,split
BU03561000,Fokkesteeg,BU03561002,Schansen,45.1,5,1,split
BU03561100,Hoogzandveld,BU03561101,Hoogzandveld-Oost,44.6,6,1,split
BU03561200,Lekboulevard,BU03561200,Lekboulevard,98.4,4,1,split
BU03561300,Vreeswijk,BU03561301,Vreeswijk,81.4,5,1,split
BU03561400,Merwestein,BU03561400,Merwestein,97.4,6,1,split
BU03561500,Park Oudegein,BU03561500,Park Oudegein,98.9,8,1,split
BU03561600,Zandveld,BU03561600,Zandveld,98.3,5,1,split
BU03561800,Het Klooster,BU03561800,Het Klooster,92.4,4,1,split
BU03562000,Laagraven,BU03562002,Buitengebied Laagraven,47.7,4,1,split
BU03562100,Plettenburg,BU03562100,Plettenburg,62.0,8,1,split
BU03562200,De Wiers,BU03562200,De Wiers,95.6,7,1,split
BU03562300,Hoge Landen,BU03562300,Hoge Landen,99.0,3,1,split
BU03562400,Stadscentrum,BU03562400,Stadscentrum,97.5,8,1,split
BU03580000,Centrum,BU03580000,Centrum,100.0,1,1,unchanged
BU03580001,Stommeer,BU03580001,Stommeer,100.0,1,1,unchanged
BU03580004,Hornmeer,BU03580004,Hornmeer,100.0,1,1,unchanged
BU03580005,Uiterweg,BU03580005,Uiterweg,100.0,1,1,unchanged
BU03580100,Kudelstaart,BU03580100,Kudelstaart,100.0,1,1,unchanged
BU03580200,Bovenlanden,BU03580200,Bovenlanden,100.0,1,1,unchanged
BU03580201,Greenpark,BU03580201,Greenpark,100.0,1,1,unchanged
BU03580205,Oosteinde,BU03580205,Oosteinde,100.0,1,1,unchanged
BU03580206,Schinkelpolder,BU03580206,Schinkelpolder,100.0,1,1,unchanged
BU03610100,Kooimeer,BU03610100,Kooimeer,100.0,3,1,unchanged
BU03610101,Dillenburg en Stadhouderskwartier,BU03610101,Dillenburg en Stadhouderskwartier,100.0,4,1,unchanged
BU03610102,Staatsliedenkwartier en Landstraten,BU03610102,Staatsliedenkwartier en Landstraten,100.0,3,1,unchanged
BU03610103,Oud-Rochdale,BU03610103,Oud-Rochdale,100.0,4,1,unchanged
BU03610104,Emmakwartier,BU03610104,Emmakwartier,100.0,5,1,unchanged
BU03610105,Nassaukwartier en Hout,BU03610105,Nassaukwartier en Hout,98.6,7,1,split
BU03610106,Oranjepark,BU03610106,Oranjepark,99.0,3,1,split
BU03610107,Cranenbroek,BU03610107,Cranenbroek,100.0,4,1,unchanged
BU03610108,Bloemwijk en Zocherkwartier,BU03610108,Bloemwijk en Zocherkwartier,100.0,3,1,unchanged
BU03610109,Burgemeesterskwartier,BU03610109,Burgemeesterskwartier,100.0,5,1,unchanged
BU03610200,Rekerbuurt en Ooievaarsnest,BU03610200,Rekerbuurt en Ooievaarsnest,99.6,6,1,unchanged
BU03610201,Oudorp-Noord en Oudorp-Oost,BU03610201,Oudorp-Noord en Oudorp-Oost,100.0,7,1,unchanged
BU03610202,Oudorp-Centrum,BU03610202,Oudorp-Centrum,100.0,5,1,unchanged
BU03610203,Schermereiland en Omval,BU03610203,Schermereiland en Omval,100.0,8,1,unchanged
BU03610204,Oudorperpolder-Zuid,BU03610204,Oudorperpolder-Zuid,100.0,6,1,unchanged
BU03610205,Oudorperpolder-Midden,BU03610205,Oudorperpolder-Midden,100.0,3,1,unchanged
BU03610206,Oudorperpolder-Noord,BU03610206,Oudorperpolder-Noord,100.0,5,1,unchanged
BU03610208,De Nollen,BU03610208,De Nollen,100.0,2,1,unchanged
BU03610209,Beverkoog,BU03610209,Beverkoog,99.9,3,1,unchanged
BU03610300,Oud-Overdie,BU03610300,Oud-Overdie,99.6,5,1,unchanged
BU03610301,Oosterhout,BU03610301,Oosterhout,99.9,6,1,unchanged
BU03610302,Overdie-Oost,BU03610302,Overdie-Oost,100.0,4,1,unchanged
BU03610303,Overdie-West,BU03610303,Overdie-West,99.5,5,1,unchanged
BU03610308,Boekelermeer-Zuid,BU03610308,Boekelermeer-Zuid,99.9,3,1,unchanged
BU03610309,Boekelermeer-Noord,BU03610309,Boekelermeer-Noord,99.9,8,1,unchanged
BU03610400,De Hoef III en IV,BU03610400,De Hoef III en IV,100.0,4,1,unchanged
BU03610401,De Hoef I en II,BU03610401,De Hoef I en II,100.0,5,1,unchanged
BU03610402,Bergerwegkwartier,BU03610402,Bergerwegkwartier,100.0,3,1,unchanged
BU03610403,Bergerhof en Blaeustraatkwartier,BU03610403,Bergerhof en Blaeustraatkwartier,99.6,5,1,unchanged
BU03610404,Bergermeer,BU03610404,Bergermeer,100.0,3,1,unchanged
BU03610409,Landelijk gebied-West,BU03610409,Landelijk gebied-West,100.0,6,1,unchanged
BU03610500,Huiswaard-1-Zuid,BU03610500,Huiswaard-1-Zuid,100.0,4,1,unchanged
BU03610501,Muiderwaard,BU03610501,Muiderwaard,99.5,3,1,unchanged
BU03610502,Huiswaard-2-West,BU03610502,Huiswaard-2-West,100.0,3,1,unchanged
BU03610503,Huiswaard-2-Oost,BU03610503,Huiswaard-2-Oost,100.0,4,1,unchanged
BU03610504,Vroonermeer-Zuid,BU03611100,Vroonermeer-Zuid,98.5,3,1,split
BU03610505,Vroonermeer-Noord,BU03611101,Vroonermeer-Noord,99.9,3,1,recoded
BU03610600,'t Rak-Zuid,BU03610600,'t Rak-Zuid,100.0,5,1,unchanged
BU03610601,'t Rak-Noord,BU03610601,'t Rak-Noord,100.0,4,1,unchanged
BU03610602,De Horn-Noord,BU03610602,De Horn-Noord,100.0,5,1,unchanged
BU03610603,De Horn-Zuid,BU03610603,De Horn-Zuid,100.0,5,1,unchanged
BU03610604,De Mare,BU03610604,De Mare,99.9,6,1,unchanged
BU03610700,Daalmeer-Zuidoost,BU03610700,Daalmeer-Zuidoost,100.0,5,1,unchanged
BU03610701,Daalmeer-Zuidwest,BU03610701,Daalmeer-Zuidwest,100.0,4,1,unchanged
BU03610702,Koedijk en De Weijdt,BU03610702,Koedijk en De Weijdt,100.0,5,1,unchanged
BU03610703,Daalmeer-Noordwest,BU03610703,Daalmeer-Noordwest,100.0,3,1,unchanged
BU03610704,Daalmeer-Noordoost,BU03610704,Daalmeer-Noordoost,100.0,4,1,unchanged
BU03610709,Landelijk gebied Noord,BU03610709,Landelijk gebied Noord,100.0,2,1,unchanged
BU03610800,Binnenstad-West,BU03610800,Binnenstad-West,100.0,5,1,unchanged
BU03610801,Binnenstad-Oost,BU03610801,Binnenstad-Oost,100.0,5,1,unchanged
BU03610802,Spoorbuurt,BU03610802,Spoorbuurt,100.0,5,1,unchanged
BU03610803,Overstad,BU03610803,Overstad,100.0,6,1,unchanged
BU03610900,Oterleek,BU03610900,Oterleek,100.0,4,1,unchanged
BU03610901,Ursem gem. S,BU03610901,Ursem,90.1,3,1,split
BU03610902,Stompetoren,BU03610902,Stompetoren,100.0,7,1,unchanged
BU03610903,Schermerhorn,BU03610903,Schermerhorn,100.0,4,1,unchanged
BU03610904,Zuidschermer,BU03610904,Zuidschermer,99.8,8,1,unchanged
BU03610905,Driehuizen,BU03610905,Driehuizen,100.0,5,1,unchanged
BU03610906,Grootschermer,BU03610906,Grootschermer,100.0,6,1,unchanged
BU03611000,Noordeinde,BU03611000,Noordeinde,100.0,6,1,unchanged
BU03611001,West-Graftdijk,BU03611001,West-Graftdijk,100.0,7,1,unchanged
BU03611002,Graft,BU03611002,Graft,100.0,5,1,unchanged
BU03611003,De Rijp,BU03611003,De Rijp,100.0,5,1,unchanged
BU03611004,Oost-Graftdijk,BU03611004,Oost-Graftdijk,100.0,5,1,unchanged
BU03611005,Starnmeer,BU03611005,Starnmeer,100.0,5,1,unchanged
BU03611006,Markenbinnen,BU03611006,Markenbinnen,100.0,2,1,unchanged
BU03620001,Randwijck,BU03620102,Randwijck Oost,58.5,8,1,split
BU03620002,Patrimonium,BU03620202,Patrimonium,52.6,6,1,split
BU03620003,Elsrijk-West,BU03620302,Kruiskerkbuurt,51.8,8,1,split
BU03620004,Elsrijk-Oost,BU03620304,Elsrijk Oost,64.9,8,1,split
BU03620005,Stadshart,BU03620401,Stadshart,79.1,7,1,split
BU03620006,Uilenstede en Kronenburg,BU03620502,Kronenburg,57.9,5,1,split
BU03620007,Kostverloren,BU03620601,Heldenbuurt,58.4,7,1,split
BU03620008,Bankras,BU03620603,Boekenbuurt,59.1,7,1,split
BU03620009,Buitengebied-Noord,BU03620701,Middelpolder,88.9,8,1,split
BU03620010,Oude Dorp en Bovenkerk-Dorp,BU03621101,Bovenkerk,58.9,9,1,split
BU03620011,Keizer Karelpark-West,BU03620806,Startbaanbuurt,34.7,8,1,split
BU03620012,Keizer Karelpark-Oost,BU03620803,Van der Leekbuurt,40.6,9,1,split
BU03620013,Groenelaan,BU03620901,Langerhuize,31.3,11,1,split
BU03620014,Waardhuizen,BU03621005,Galjoenbuurt,59.4,5,1,split
BU03620015,Middenhoven,BU03621004,Molenbuurt,40.7,9,1,split
BU03620016,Bovenkerk en Legmeer,BU03621104,Legmeer,67.5,7,1,split
BU03620017,Westwijk-Oost,BU03621203,Kruidenbuurt,32.2,12,1,split
BU03620018,Westwijk-West,BU03621201,Kastelenbuurt,42.5,7,1,split
BU03620019,Buitengebied-Zuid,BU03621301,Nes aan de Amstel,66.9,12,1,split
BU03620020,Amsterdamse Bos,BU03621401,Amsterdamse Bos Noord,61.0,9,1,split
BU03630000,Burgwallen-Oude Zijde,BU0363AE05,BG-terrein e.o.,24.7,14,1,split
BU03630001,Burgwallen-Nieuwe Zijde,BU0363AD01,Stationsplein e.o.,31.0,22,1,split
BU03630002,Grachtengordel-West,BU0363AC03,Felix Meritisbuurt,31.7,17,1,split
BU03630003,Grachtengordel-Zuid,BU0363AG05,Vijzelstraatbuurt,30.3,10,1,split
BU03630004,Nieuwmarkt/Lastage,BU0363AF01,Oosterdokseiland,22.3,21,1,split
BU03630005,Haarlemmerbuurt,BU0363AA03,Westerdokseiland,40.1,15,1,split
BU03630006,Jordaan,BU0363AB10,Elandsgrachtbuurt,21.7,22,1,split
BU03630007,De Weteringschans,BU0363AH08,Frederikspleinbuurt,23.8,24,1,split
BU03630008,Weesperbuurt/Plantage,BU0363AJ02,Plantage,36.0,13,1,split
BU03630009,Oostelijke Eilanden/Kadijken,BU0363AK01,Marine-Etablissement,18.3,15,1,split
BU03630110,Westelijk Havengebied,BU0363BA02,Amerikahaven,34.7,26,1,split
BU03630111,Bedrijventerrein Sloterdijk,BU0363FA02,Sloterdijk Poort-Noord,21.1,21,1,split
BU03630212,Houthavens,BU0363EC01,Houthavens-West,69.9,12,1,split
BU03630213,Spaarndammer- en Zeeheldenbuurt,BU0363EB02,Overbraker Binnenpolder,23.1,21,1,split
BU03630214,Staatsliedenbuurt,BU0363EH06,Buyskade e.o.,24.0,13,1,split
BU03630215,Centrale Markt,BU0363EG03,Markthallen,48.4,10,1,split
BU03630216,Frederik Hendrikbuurt,BU0363EJ01,Frederik Hendrikbuurt-Noord,50.7,8,1,split
BU03630217,Da Costabuurt,BU0363EQ01,Da Costabuurt-Noord,98.7,8,1,split
BU03630218,Kinkerbuurt,BU0363EP02,Bellamybuurt-Zuid,59.8,5,1,split
BU03630219,Van Lennepbuurt,BU0363ES02,Borgerbuurt,43.4,9,1,split
BU03630220,Helmersbuurt,BU0363EU02,WG-terrein,47.9,8,1,split
BU03630221,Overtoomse Sluis,BU0363ET01,Cremerbuurt-West,64.8,9,1,split
BU03630222,Vondelbuurt,BU0363EV02,Vondelparkbuurt-Oost,57.0,11,1,split
BU03630236,Sloterdijk,BU0363EA03,Woon- en Groengebied Sloterdijk,98.0,7,1,split
BU03630237,Landlust,BU0363EE01,Bosleeuw,31.4,11,1,split
BU03630238,Erasmuspark,BU0363EF02,Erasmusparkbuurt-West,81.2,9,1,split
BU03630239,De Kolenkit,BU0363ED01,Kolenkitbuurt-Noord,39.7,13,1,split
BU03630240,De Krommert,BU0363EL02,Trompbuurt,21.5,17,1,split
BU03630241,Van Galenbuurt,BU0363EK01,Mercatorpark,30.6,10,1,split
BU03630242,Hoofdweg en omgeving,BU0363EM04,Columbusplein e.o.,37.5,11,1,split
BU03630243,Westindische buurt,BU0363ER02,Paramariboplein e.o.,49.5,8,1,split
BU03630375,Spieringhorn,BU0363FA06,Bretten-West,63.3,11,1,split
BU03630376,Slotermeer-Noordoost,BU0363FD04,Dobbebuurt,30.5,9,1,split
BU03630377,Slotermeer-Zuidwest,BU0363FE04,Sloterpark,34.6,19,1,split
BU03630378,Geuzenveld,BU0363FB03,Ruys de Beerenbrouckbuurt,30.5,14,1,split
BU03630379,Eendracht,BU0363FB01,Osdorper Binnenpolder,85.6,6,1,split
BU03630380,Lutkemeer en Ookmeer,BU0363FF01,Osdorper Bovenpolder,45.1,12,1,split
BU03630381,Osdorp-Oost,BU0363FK05,Osdorp-Zuidoost,29.1,16,1,split
BU03630382,Osdorp-Midden,BU0363FJ04,Zuidwestkwadrant-Zuid,36.0,12,1,split
BU03630383,De Punt,BU0363FH02,Dijkgraafpleinbuurt,80.4,7,1,split
BU03630384,Middelveldsche Akerpolder en Sloten,BU0363FG03,De Aker-Oost,32.5,10,1,split
BU03630385,Slotervaart,BU0363FL01,Oostoever Sloterplas,22.6,17,1,split
BU03630386,Overtoomse Veld,BU0363FM02,Overtoomse Veld-Noord,22.4,13,1,split
BU03630387,Westlandgracht,BU0363FP06,Riekerhaven,27.1,15,1,split
BU03630388,Sloten- en Riekerpolder,BU0363FQ10,Nieuwe Meer,41.1,16,1,split
BU03630424,Oude Pijp,BU0363KE04,Sarphatiparkbuurt,33.6,13,1,split
BU03630425,Nieuwe Pijp,BU0363KF01,Cornelis Troostbuurt,28.5,14,1,split
BU03630426,Diamantbuurt,BU0363KG03,Diamantbuurt,42.3,9,1,split
BU03630444,Hoofddorppleinbuurt,BU0363KA06,Bedrijventerrein Schinkel,38.3,16,1,split
BU03630445,Schinkelbuurt,BU0363KB02,Schinkelbuurt-Zuid,67.9,11,1,split
BU03630446,Willemspark,BU0363KC01,Vondelpark-West,34.6,12,1,split
BU03630447,Museumkwartier,BU0363KD01,Vondelpark-Oost,17.5,22,1,split
BU03630448,Stadionbuurt,BU0363KH06,IJsbaanpad e.o.,26.9,16,1,split
BU03630449,Apollobuurt,BU0363KJ06,Diepenbrockbuurt,23.2,17,1,split
BU03630450,Duivelseiland,BU0363KD09,Duivelseiland,98.5,5,1,split
BU03630452,Scheldebuurt,BU0363KP02,RAI,26.5,18,1,split
BU03630453,IJselbuurt,BU0363KL02,IJselbuurt-Oost,53.8,9,1,split
BU03630454,Rijnbuurt,BU0363KM05,Zorgvlied,28.1,16,1,split
BU03630459,Station-Zuid WTC en omgeving,BU0363KP01,Zuidas-Noord,63.7,12,1,split
BU03630490,Buitenveldert-West,BU0363KQ01,Amsterdamse Bos,30.1,16,1,split
BU03630491,Buitenveldert-Oost,BU0363KR03,Buitenveldert-Zuidoost,32.5,13,1,split
BU03630527,Weesperzijde,BU0363MB02,Weesperzijde-Midden/Zuid,51.7,12,1,split
BU03630528,Oosterparkbuurt,BU0363MC02,Oosterpark,33.7,12,1,split
BU03630529,Dapperbuurt,BU0363ME03,Oostpoort,36.6,12,1,split
BU03630530,Transvaalbuurt,BU0363MD02,Transvaalbuurt-Oost,52.6,9,1,split
BU03630531,Indische Buurt West,BU0363MF01,Timorpleinbuurt-Noord,36.1,9,1,split
BU03630532,Indische Buurt Oost,BU0363MG04,Flevopark,57.9,13,1,split
BU03630533,Oostelijk Havengebied,BU0363MA02,KNSM-eiland,21.9,21,1,split
BU03630534,Zeeburgereiland/Nieuwe Diep,BU0363MH06,Bovendiep/Diemerpark,55.2,13,1,split
BU03630535,IJburg West,BU0363MJ05,Ed Pelsterparkbuurt,26.6,10,1,split
BU03630551,IJburg Zuid,BU0363ML02,Theo van Goghparkbuurt,43.1,9,1,split
BU03630555,Frankendael,BU0363MM08,Tuindorp Frankendael,21.0,12,1,split
BU03630556,Middenmeer,BU0363MN05,Science Park-Zuid,27.7,18,1,split
BU03630557,Betondorp,BU0363MP03,Betondorp,40.6,8,1,split
BU03630558,De Omval,BU0363MQ02,Overamstel,37.7,17,1,split
BU03630574,IJburg Oost,BU0363MK01,Buiteneiland,86.1,2,1,split
BU03630660,Volewijck,BU0363NK03,Van der Pekbuurt,43.0,13,1,split
BU03630661,Ijplein/Vogelbuurt,BU0363NL04,IJplein e.o.,26.8,14,1,split
BU03630662,Tuindorp Nieuwendam,BU0363NN02,Tuindorp Nieuwendam-Oost,74.5,8,1,split
BU03630663,Tuindorp Buiksloot,BU0363NM01,Blauwe Zand,98.8,3,1,split
BU03630664,Nieuwendammerdijk/Buiksloterdijk,BU0363NF05,Nieuwendammerdijk-Zuid,40.1,16,1,split
BU03630665,Tuindorp Oostzaan,BU0363NC03,Terrasdorp,39.3,12,1,split
BU03630666,Oostzanerwerf,BU0363NA01,Noorder IJplas,43.0,13,1,split
BU03630667,Kadoelen,BU0363ND02,Kadoelen,86.3,8,1,split
BU03630668,Nieuwendam-Noord,BU0363NQ02,Noorderstrook-Oost,23.6,15,1,split
BU03630669,Buikslotermeer,BU0363NQ01,Noorderstrook-West,29.4,21,1,split
BU03630670,Banne Buiksloot,BU0363NE04,Banne-Zuidoost,28.6,13,1,split
BU03630671,Buiksloterham,BU0363NB03,NDSM terrein,19.8,19,1,split
BU03630672,Nieuwendammerham,BU0363NP01,Hamerstraatkwartier-West,41.8,10,1,split
BU03630673,Waterland,BU0363NQ08,Holysloot,35.2,17,1,split
BU03630792,Amstel III/Bullewijk,BU0363TA07,Hoge Dijk,30.1,15,1,split
BU03630793,"Bijlmer-Centrum (D, F, H)",BU0363TC05,Nelson Mandelapark,16.3,15,1,split
BU03630794,"Bijlmer-Oost (E, G, K)",BU0363TF01,G-buurt-Oost,23.8,17,1,split
BU03630795,Nellestein,BU0363TK03,Gaasperplas,43.3,11,1,split
BU03630796,Holendrecht/Reigersbos,BU0363TJ02,Holendrecht-Oost,24.8,14,1,split
BU03630797,Gein,BU0363TM04,Gein 4,40.4,9,1,split
BU03630798,Driemond,BU0363SA01,Landelijk gebied Driemond,82.4,5,1,split
BU03639997,,BU03639997,Groot binnenwater,64.9,21,1,split
BU03700000,Middenbeemster,BU04390801,Middenbeemster,100.0,1,3,recoded (gemeente change)
BU03700001,Westbeemster,BU04390803,Westbeemster,84.2,3,2,merged
BU03700002,Noordbeemster,BU04390802,Noordbeemster,50.2,3,3,merged
BU03700003,Oostbeemster,BU04390801,Middenbeemster,95.7,2,3,merged
BU03700006,Verspreide huizen ten zuiden en oosten van Middenbeemster,BU04390801,Middenbeemster,70.0,3,3,merged
BU03700007,Verspreide huizen in het Noordoosten,BU04390802,Noordbeemster,70.7,3,3,merged
BU03700008,Verspreide huizen in Noorden en Noordwesten,BU04390802,Noordbeemster,80.3,2,3,merged
BU03700009,Verspreide huizen ten zuidwesten van Middenbeemster,BU04390803,Westbeemster,82.0,3,2,merged
BU03700100,Zuidoostbeemster Tuinhoek,BU04390804,Zuidoostbeemster,100.0,1,2,recoded (gemeente change)
BU03700109,Verspreide huizen Zuidoostbeemster,BU04390804,Zuidoostbeemster,78.2,2,2,merged
BU03730101,Bergen-Centrum,BU03730101,Bergen-Centrum,100.0,1,1,unchanged
BU03730102,Van Reenen,BU03730102,Van Reenen,100.0,1,1,unchanged
BU03730103,Boschrand,BU03730103,Boschrand,100.0,1,1,unchanged
BU03730104,Negen-Nessen,BU03730104,Negen-Nessen,100.0,1,1,unchanged
BU03730105,Landweg,BU03730105,Landweg,100.0,1,1,unchanged
BU03730106,Oudtburgh,BU03730106,Oudtburgh,100.0,1,1,unchanged
BU03730107,De Rekere,BU03730107,De Rekere,100.0,1,1,unchanged
BU03730108,Elkshove,BU03730108,Elkshove,100.0,1,1,unchanged
BU03730109,Saenegheest,BU03730109,Saenegheest,100.0,1,1,unchanged
BU03730110,Tuin-en Oostdorp,BU03730110,Tuin-en Oostdorp,100.0,1,1,unchanged
BU03730111,Boendermaker,BU03730111,Boendermaker,100.0,1,1,unchanged
BU03730112,Kruidenbuurt,BU03730112,Kruidenbuurt,100.0,1,1,unchanged
BU03730113,Conincx,BU03730113,Conincx,100.0,1,1,unchanged
BU03730114,Beekhove,BU03730114,Beekhove,100.0,1,1,unchanged
BU03730115,Oldehove,BU03730115,Oldehove,100.0,1,1,unchanged
BU03730116,Geest,BU03730116,Geest,100.0,1,1,unchanged
BU03730117,Westdorp,BU03730117,Westdorp,100.0,1,1,unchanged
BU03730200,Bergen aan Zee,BU03730200,Bergen aan Zee,100.0,1,1,unchanged
BU03730300,Buitengebied Bergen,BU03730300,Buitengebied Bergen,100.0,1,1,unchanged
BU03730400,Egmond aan Zee,BU03730400,Egmond aan Zee,100.0,1,1,unchanged
BU03730401,Prins Hendrik Stichting,BU03730401,Prins Hendrik Stichting,100.0,1,1,unchanged
BU03730402,Zuid I en II,BU03730402,Zuid I en II,100.0,1,1,unchanged
BU03730403,Sportlaan,BU03730403,Sportlaan,100.0,1,1,unchanged
BU03730500,Egmond-Binnen,BU03730500,Egmond-Binnen,99.8,2,1,unchanged
BU03730501,Rinnegom,BU03730501,Rinnegom,100.0,1,1,unchanged
BU03730600,Egmond aan Den Hoef,BU03730600,Egmond aan den Hoef,100.0,1,1,unchanged
BU03730601,Slotplan,BU03730601,Slotplan,100.0,1,1,unchanged
BU03730602,Wimmenum,BU03730602,Wimmenum,100.0,1,1,unchanged
BU03730609,Verspreide huizen Egmondermeer,BU03730609,Verspreide huizen Egmondermeer,100.0,1,1,unchanged
BU03730700,Schoorl met Bregtdorp,BU03730700,Schoorl met Bregtdorp,100.0,1,1,unchanged
BU03730701,Schoorldam (gedeeltelijk),BU03730701,Schoorldam (gedeeltelijk),100.0,1,1,unchanged
BU03730702,Aagtdorp,BU03730702,Aagtdorp,100.0,1,1,unchanged
BU03730703,Catrijp,BU03730703,Catrijp,100.0,1,1,unchanged
BU03730704,Groet met Hargen,BU03730704,Groet met Hargen,99.5,3,1,unchanged
BU03730705,Camperduin,BU03730705,Camperduin,99.4,2,1,unchanged
BU03730709,Verspreide huizen in de polders,BU03730709,Verspreide huizen in de polders,100.0,1,1,unchanged
BU03739998,,BU03739998,Buitenwater,91.0,16,1,split
BU03750000,Wijkertoren,BU03750000,Wijkertoren,94.1,4,1,split
BU03750001,Meerplein,BU03750001,Meerplein,98.1,4,1,split
BU03750002,Koningstraat,BU03750002,Koningstraat,80.7,7,1,split
BU03750003,Burgerhartstraat,BU03750003,Burgerhartstraat,90.8,8,1,split
BU03750004,Sint Aagtendorp,BU03750004,Sint Aagtendorp,95.2,5,1,split
BU03750005,Reguliersstraat,BU03750005,Reguliersstraat,96.3,6,1,split
BU03750100,Vondellaan,BU03750100,Vondellaan,97.1,6,1,split
BU03750101,Ronde Boogaard,BU03750101,Ronde Boogaard,98.7,7,1,split
BU03750109,Westerhout,BU03750102,Westerhout,91.6,5,1,split
BU03750200,Oranjebuurt,BU03750200,Oranjebuurt,95.0,5,1,split
BU03750201,Oud Sportpark,BU03750201,Oud Sportpark,95.0,4,1,split
BU03750202,Beijnes,BU03750202,Beijnes,75.7,4,1,split
BU03750300,Plantage,BU03750300,Plantage,98.0,6,1,split
BU03750301,Oostertuinen,BU03750301,Oostertuinen,97.6,6,1,split
BU03750302,Kuenenplein,BU03750302,Kuenenplein,97.8,4,1,split
BU03750303,De Naald,BU03750303,De Naald,85.1,6,1,split
BU03750400,Warande,BU03750400,Warande,96.1,7,1,split
BU03750401,De Horn,BU03750401,De Horn,94.6,5,1,split
BU03750500,Westertuinen,BU03750500,Westertuinen,79.4,5,1,split
BU03750501,Creutzberglaan,BU03750501,Creutzberglaan,84.7,7,1,split
BU03750600,Oosterwijk,BU03750600,Oosterwijk,93.9,4,1,split
BU03750601,Zwaansmeer,BU03750601,Zwaansmeer,97.9,6,1,split
BU03750700,Bleriotlaan,BU03750700,Bleriotlaan,97.0,5,1,split
BU03750701,Fokkerlaan,BU03750701,Fokkerlaan,100.0,1,1,unchanged
BU03750702,Wijkerbaan,BU03750702,Wijkerbaan,94.8,5,1,split
BU03750703,Overbos,BU03750703,Overbos,94.9,7,1,split
BU03750800,Wijk aan Zee,BU03750800,Wijk aan Zee,99.8,2,1,unchanged
BU03750801,Industriegebied Hoogovens,BU03750801,Industriegebied Hoogovens,96.1,4,1,split
BU03750900,De Pijp,BU03750900,De Pijp,93.3,5,1,split
BU03750901,Kagerweg,BU03750901,Kagerweg,95.8,3,1,split
BU03750909,Wijkerbroek,BU03750902,Wijkerbroek,80.3,10,1,split
BU03759998,,BU03759998,Buitenwater,93.9,2,1,split
BU03760000,Blaricum,BU03760102,Blaricum-Dorp,61.8,5,1,split
BU03760001,Bijvanck,BU03760106,De Kampen,47.3,7,1,split
BU03769997,,BU03769997,Groot binnenwater,99.8,5,1,unchanged
BU03770000,Bloemendaal,BU03770000,Bloemendaal,100.0,1,1,unchanged
BU03770001,Veen en Duin,BU03770001,Veen en Duin,100.0,1,1,unchanged
BU03770002,Wildhoef,BU03770002,Wildhoef,100.0,1,1,unchanged
BU03770003,Duinlustpark,BU03770003,Duinlustpark,100.0,1,1,unchanged
BU03770004,Provinciaal Ziekenhuis,BU03770004,Provinciaal Ziekenhuis,100.0,1,1,unchanged
BU03770005,De Rijp,BU03770005,De Rijp,100.0,1,1,unchanged
BU03770009,Verspreide huizen Bloemendaal,BU03770009,Verspreide huizen Bloemendaal,100.0,2,1,unchanged
BU03770100,Overveen,BU03770100,Overveen,100.0,1,1,unchanged
BU03770101,Oldenhove,BU03770101,Oldenhove,100.0,1,1,unchanged
BU03770109,Overveen-West,BU03770109,Overveen-West,100.0,1,1,unchanged
BU03770200,Aerdenhout-Centrum,BU03770200,Aerdenhout-Centrum,100.0,1,1,unchanged
BU03770201,Aerdenhout-West,BU03770201,Aerdenhout-West,100.0,1,1,unchanged
BU03770202,Aerdenhout-Noord,BU03770202,Aerdenhout-Noord,100.0,1,1,unchanged
BU03770209,Aerdenhout-Zuid,BU03770209,Aerdenhout-Zuid,100.0,1,1,unchanged
BU03770300,Vogelenzang,BU03770300,Vogelenzang,100.0,1,1,unchanged
BU03770309,Verspreide huizen Vogelenzang,BU03770309,Verspreide huizen Vogelenzang,100.0,1,1,unchanged
BU03770400,Oude Kern Bennebroek,BU03770400,Oude Kern Bennebroek,100.0,2,1,unchanged
BU03770401,Villawijk Het Duin,BU03770401,Villawijk Het Duin,100.0,1,1,unchanged
BU03770402,Leidsevaart- Bloemhof,BU03770402,Leidsevaart- Bloemhof,100.0,1,1,unchanged
BU03770403,Villawijk Bijweg,BU03770403,Villawijk Bijweg,100.0,1,1,unchanged
BU03770404,Meerwijk,BU03770404,Meerwijk,100.0,1,1,unchanged
BU03770409,Vogelenzang Psychiatrisch Ziekenhuis,BU03770409,Park Lokhorsterduin,100.0,2,1,unchanged
BU03779998,,BU03779998,Buitenwater,97.4,2,1,split
BU03810000,Brink,BU19420000,Brinklaan,100.0,1,1,recoded (gemeente change)
BU03810001,Raadhuisplein,BU19420001,Raadhuisplein,100.0,1,1,recoded (gemeente change)
BU03810002,Verbindingslaan,BU19420002,Verbindingslaan,100.0,1,1,recoded (gemeente change)
BU03810003,Batterijlaan,BU19420003,Batterijlaan,100.0,1,1,recoded (gemeente change)
BU03810004,Cereslaan,BU19420004,Cereslaan,100.0,1,1,recoded (gemeente change)
BU03810005,Bijlstraat,BU19420005,Bijlstraat,100.0,1,1,recoded (gemeente change)
BU03810006,Nijverheidswerf,BU19420006,Nijverheidswerf,100.0,1,1,recoded (gemeente change)
BU03810007,Laarderwegkwartier,BU19420007,Laarderwegkwartier,100.0,1,1,recoded (gemeente change)
BU03810008,Spiegelzicht,BU19420008,Spiegelzicht,100.0,1,1,recoded (gemeente change)
BU03810100,Prins Hendrikkwartier,BU19420100,Prins Hendrikkwartier,100.0,1,1,recoded (gemeente change)
BU03810101,Hooftlaan,BU19420101,Hooftlaan,100.0,1,1,recoded (gemeente change)
BU03810102,Vondellaan,BU19420102,Vondellaan,100.0,1,1,recoded (gemeente change)
BU03810103,Bredius-West,BU19420103,Bredius-West,100.0,1,1,recoded (gemeente change)
BU03810104,Bredius-Oost,BU19420104,Bredius-Oost,100.0,1,1,recoded (gemeente change)
BU03810200,Sportpark-Zuid,BU19420200,Sportpark-Zuid,100.0,1,1,recoded (gemeente change)
BU03810201,Dondersstraat,BU19420201,Donderstraat,100.0,1,1,recoded (gemeente change)
BU03810202,Godelindebuurt,BU19420202,Godelindebuurt,100.0,1,1,recoded (gemeente change)
BU03810203,Waltherlaan,BU19420203,Waltherlaan,100.0,1,1,recoded (gemeente change)
BU03810204,Bloemenbuurt,BU19420204,Bloemenbuurt,100.0,1,1,recoded (gemeente change)
BU03810205,Ooster Eng-Noord,BU19420205,Ooster Eng-Noord,100.0,1,1,recoded (gemeente change)
BU03810206,Ooster Eng-Zuid,BU19420206,Ooster Eng-Zuid,100.0,1,1,recoded (gemeente change)
BU03810207,Midden Eng-Oost,BU19420207,Midden Eng-Oost,100.0,1,1,recoded (gemeente change)
BU03810208,Midden Eng-West,BU19420208,Midden Eng-West,100.0,1,1,recoded (gemeente change)
BU03810209,Wester Eng,BU19420209,Wester Eng,100.0,1,1,recoded (gemeente change)
BU03810300,Lomanplein,BU19420300,Lomanplein,100.0,1,1,recoded (gemeente change)
BU03810301,Schimmellaan,BU19420301,Schimmellaan,100.0,1,1,recoded (gemeente change)
BU03810302,Boslaan,BU19420302,Boslaan,100.0,1,1,recoded (gemeente change)
BU03810303,Koedijk,BU19420303,Koedijk,100.0,1,1,recoded (gemeente change)
BU03810304,Kom van Bieghel,BU19420304,Kom van Bieghel,100.0,1,1,recoded (gemeente change)
BU03810305,Meijerkamp,BU19420305,Meijerkamp,100.0,1,1,recoded (gemeente change)
BU03810306,Franse Kamp,BU19420306,Fransekamp,80.1,2,1,split
BU03830001,Centrum-Noord,BU03830001,Centrum-Noord,100.0,1,1,unchanged
BU03830011,Centrum-Zuid,BU03830011,Centrum-Zuid,100.0,1,1,unchanged
BU03830101,Oranjebuurt,BU03830101,Oranjebuurt,100.0,1,1,unchanged
BU03830111,Kooiweg,BU03830111,Kooiweg,100.0,1,1,unchanged
BU03830201,Molendijk,BU03830201,Molendijk,100.0,1,1,unchanged
BU03830211,Noord-End,BU03830211,Noord-End,100.0,1,1,unchanged
BU03830221,Albert's Hoeve,BU03830221,Albert's Hoeve,100.0,1,1,unchanged
BU03830301,Beverwijkerstraatweg,BU03830301,Beverwijkerstraatweg,100.0,1,1,unchanged
BU03830311,Buitengebied,BU03830311,Buitengebied,100.0,2,1,unchanged
BU03830401,Bakkum-Noord,BU03830401,Bakkum-Noord,100.0,1,1,unchanged
BU03830411,Bakkum-Zuid,BU03830411,Bakkum-Zuid,100.0,1,1,unchanged
BU03830421,Duin en Bosch,BU03830421,Duin en Bosch,100.0,1,1,unchanged
BU03830431,Duingebied,BU03830431,Duingebied,100.0,2,1,unchanged
BU03830501,Akersloot Oost,BU03830501,Akersloot Oost,100.0,1,1,unchanged
BU03830511,Akersloot West,BU03830511,Akersloot West,100.0,1,1,unchanged
BU03830601,De Woude,BU03830601,De Woude,100.0,1,1,unchanged
BU03830701,Limmen West,BU03830701,Limmen West,100.0,1,1,unchanged
BU03830711,Limmen Centrum,BU03830711,Limmen Centrum,100.0,1,1,unchanged
BU03830721,Limmen Oost,BU03830721,Limmen Oost,100.0,1,1,unchanged
BU03839998,,BU03839998,Buitenwater,97.1,2,1,split
BU03840001,Biesbosch,BU03840308,Biesbosch,97.4,2,1,split
BU03840002,Akkerland,BU03840301,Akkerland,98.2,4,1,split
BU03840003,Polderland,BU03840307,Polderland,96.5,3,1,split
BU03840004,Kruidenhof,BU03840306,Kruidenhof,83.2,6,1,split
BU03840005,Bomenrijk,BU03840302,Bomenrijk,97.9,3,1,split
BU03840006,Beukenhorst,BU03840303,Beukenhorst,87.1,4,1,split
BU03840007,Schelpenhoek,BU03840305,Schelpenhoek,81.9,3,1,split
BU03840008,Anne Frank,BU03840304,Anne Frank,99.7,2,1,recoded
BU03840009,Sniep,BU03840701,Plantage de Sniep Zuid,60.8,7,1,split
BU03840010,Verrijn Stuart,BU03840601,Verrijn Stuart,96.2,6,1,split
BU03840011,Bergwijkpark,BU03840401,Bergwijkpark,26.7,9,1,split
BU03840012,Stammerdijk,BU03840801,Gemeenschapspolder,94.2,3,1,split
BU03840113,Overdiemerpolder,BU03840803,Overdiemen,25.9,14,1,split
BU03840114,Centrum-Oost,BU03840207,Centrum Oost,97.4,4,1,split
BU03840115,Centrum-West,BU03840201,Centrum West,90.4,5,1,split
BU03840116,Ruimzicht-West,BU03840202,Ruimzicht West,84.4,4,1,split
BU03840117,Ruimzicht-Oost,BU03840206,Ruimzicht Oost,97.2,6,2,merged
BU03840118,Studentenflats,BU03840206,Ruimzicht Oost,62.2,2,2,merged
BU03840219,Buitenlust,BU03840204,Buitenlust,91.4,7,2,merged
BU03840220,Spoorzicht,BU03840203,Spoorzicht,100.0,1,1,recoded
BU03840221,Oud-Diemen,BU03840204,Buitenlust,33.6,5,2,merged
BU03840222,Buytenstee,BU03840101,Buytenstee,73.3,5,1,split
BU03840223,Vogelweide en Scheepskwartier-Noord,BU03840103,Vogelweide,71.1,5,1,split
BU03840224,Vlindertuin en Scheepskwartier-Zuid,BU03840105,Vlindertuin,60.2,5,1,split
BU03840225,Diemerpolder,BU03840106,Diemerpolder,76.0,3,1,split
BU03849997,,BU03849997,Groot binnenwater,99.7,2,1,unchanged
BU03850010,Edam-Oude kom,BU03850001,Edam-Oude kom,96.9,6,1,split
BU03850011,Industrieterrein-Oosthuizerweg,BU03850002,Edam-Industriegebied,85.1,5,1,split
BU03850021,Edam III,BU03850003,Edam-Zuid,95.3,6,1,split
BU03850031,Edam-Singelwijk,BU03850004,Edam-Singelwijk,95.1,3,1,split
BU03850041,Edam-Molenbuurt,BU03850005,Edam-Molenbuurt,99.2,4,1,recoded
BU03850071,Lange Weeren,BU03850008,Lange Weeren,50.7,6,1,split
BU03850081,Zeevangpolder,BU03850006,Zeevangpolder,99.5,3,1,recoded
BU03850091,Zuidpolder,BU03850212,Broeckgouw,62.0,6,1,split
BU03850109,Purmerpolder,BU03850101,Purmerpolder,100.0,2,1,recoded
BU03850200,Volendam-Oude Kom,BU03850201,Volendam-Oude kom,98.0,6,1,split
BU03850201,Volendam-Planetenbuurt,BU03850202,Volendam-Katham + Planetenbuurt,98.6,6,1,split
BU03850202,"Volendam-Blokgouw 4, 5 en 6",BU03850205,"Volendam-Blokgouw 4, 5 en 6",78.1,5,1,split
BU03850203,Volendam-Blokgouw 7 en 8,BU03850206,Volendam-Blokgouw 7 en 8,95.9,4,1,split
BU03850204,Volendam-Blokgouw 3,BU03850204,Volendam-Blokgouw 3,69.9,6,1,split
BU03850205,Volendam-Blokgouw 1 en 2,BU03850203,Volendam-Blokgouw 1 en 2,93.7,7,1,split
BU03850206,Volendam-Rozettenbuurt,BU03850207,Volendam-Rozettenbuurt,90.4,5,1,split
BU03850207,Volendam-Bloemenbuurt,BU03850208,Volendam-Bloemenbuurt,90.6,5,1,split
BU03850208,Volendam-Industriegebied,BU03850209,Volendam-Industriegebied,98.3,7,1,split
BU03850209,Volendam-Middengebied,BU03850210,Volendam-Middengebied,99.1,4,1,recoded
BU03859997,,BU03859997,Groot binnenwater,100.0,3,2,unchanged
BU03880000,Centrum Vissersbuurt Oosterhaven,BU03880001,Centrum Zuid-Oost,44.0,6,1,split
BU03880001,Havenbuurt Snouck van Loosenpark,BU03880304,Ketenwaal,33.0,7,1,split
BU03880002,Boerenhoek Molenweg Burgwal,BU03880003,Centrum Noord-West,39.1,4,1,split
BU03880003,Enkhuizen-Noord,BU03880201,Enkhuizen buitengebied,43.2,7,3,merged
BU03880100,Westeinde,BU03880301,Westeinde,49.0,7,1,split
BU03880101,Kadijken,BU03880201,Enkhuizen buitengebied,78.4,7,3,merged
BU03880102,Oude Gouw-Gommerwijk,BU03880106,Oude Gouw,19.9,11,1,split
BU03880103,Oosterdijk,BU03880201,Enkhuizen buitengebied,89.3,3,3,merged
BU03889997,,BU03889997,Groot binnenwater,100.0,9,1,unchanged
BU03920100,Centrum,BU03920102,Binnenstad,29.8,12,1,split
BU03920101,Stationsbuurt,BU03920101,Stationsbuurt,98.4,7,1,split
BU03920102,Spaarnwouderbuurt,BU03920104,Burgwal,99.2,9,1,recoded
BU03920200,Zijlweg-Oost,BU03920301,Garenkokerskwartier,58.8,9,1,split
BU03920201,Leidsebuurt,BU03920303,Leidsebuurt-west,50.9,5,1,split
BU03920202,Leidsevaartbuurt,BU03920403,Geschiedschrijversbuurt,56.7,4,1,split
BU03920203,Houtvaartkwartier,BU03920402,Zeeheldenbuurt,37.6,7,1,split
BU03920300,Oude Amsterdamsebuurt,BU03920701,Oude Amsterdamsebuurt,99.1,4,1,recoded
BU03920301,Potgieterbuurt,BU03920702,Potgieterbuurt,98.5,4,1,split
BU03920302,Van Zeggelenbuurt,BU03920704,Van Zeggelenbuurt,66.4,9,1,split
BU03920303,Slachthuisbuurt,BU03920801,Kruistochtbuurt,30.6,12,1,split
BU03920304,Parkwijk,BU03920906,Reinaldapark,39.8,11,1,split
BU03920305,Waarderpolder,BU03920602,Waarderpolder,61.0,18,1,split
BU03920306,Zuiderpolder,BU03920903,Buitengebied Zuiderpolder,62.7,7,1,split
BU03920400,Koninginnebuurt,BU03920206,Bosch en Vaart,54.4,9,1,split
BU03920401,Kleine Hout,BU03920203,Welgelegen,98.5,9,1,split
BU03920402,Den Hout,BU03920208,Zuiderhout,48.9,8,1,split
BU03920403,Rozenprieel,BU03920205,Rozenprieel-zuid,56.6,8,1,split
BU03920500,Patrimoniumbuurt,BU03921005,Patrimoniumbuurt,97.1,6,1,split
BU03920501,Transvaalbuurt,BU03921002,De Goede Hoop,40.3,8,1,split
BU03920502,Indische buurt-Zuid,BU03921105,Soendabuurt,55.9,7,1,split
BU03920503,Indische buurt-Noord,BU03921102,Nieuw-Guineabuurt,37.4,11,1,split
BU03920504,Frans Halsbuurt,BU03921004,Frans Halsbuurt,96.1,4,1,split
BU03920600,Kleverpark,BU03921205,Kleverpark-noord,43.5,9,1,split
BU03920601,Bomenbuurt,BU03921204,Kweektuinbuurt,28.0,11,1,split
BU03920602,Planetenwijk,BU03921307,Sterrenbuurt,35.1,11,1,split
BU03920603,Sinnevelt,BU03921301,Noorderhout,54.6,7,1,split
BU03920604,Overdelft,BU03921303,De Krim,100.0,2,1,recoded
BU03920700,Dietsveld,BU03921404,Spaarndammerpolder-zuid,72.2,11,1,split
BU03920701,Vogelenbuurt,BU03921401,Nachtegaalbuurt,83.4,3,1,split
BU03920702,Delftwijk,BU03921501,Schrijversbuurt,37.9,8,1,split
BU03920703,Vondelkwartier,BU03921602,Hekslootpolder,40.6,10,1,split
BU03920704,Spaarndam-West,BU03921702,Oud Spaarndam,52.3,5,1,split
BU03920800,Ramplaankwartier,BU03920504,Tuinbouwgebied-noord,55.0,4,1,split
BU03920801,Zijlweg-West,BU03920502,Bloemenbuurt,62.6,9,1,split
BU03920802,Oosterduin,BU03920505,Tuinbouwgebied-zuid,61.2,5,1,split
BU03920900,Europawijk,BU03921801,Romolenpolder-west,15.4,16,1,split
BU03920901,Boerhaavewijk,BU03921901,Romolenpolder-oost,21.2,15,1,split
BU03920902,Molenwijk,BU03922001,Zuid-Schalkwijkerweg,39.9,12,1,split
BU03920903,Meerwijk,BU03922104,Poelpolder-zuid,28.2,12,1,split
BU03930000,Halfweg,BU03942273,Halfweg Omgeving,63.3,2,1,split
BU03930002,Spaarnwoude,BU03942042,Spaarndam Omgeving,51.9,5,3,merged
BU03930003,Spaarndam (gedeeltelijk),BU03942038,Spaarndam,83.6,2,1,split
BU03930004,Haarlemmerliede en Penningsveer,BU03942128,Haarlemmerliede Omgeving,42.8,6,1,split
BU03930008,Oostelijke Liede Oever,BU03942042,Spaarndam Omgeving,82.6,3,3,merged
BU03930009,Verspreide huizen Houtrakpolder,BU03942042,Spaarndam Omgeving,58.7,4,3,merged
BU03940101,Hoofddorp West,BU03940101,Hoofddorp Centrum West,99.9,3,1,unchanged
BU03940102,Hoofddorp Zuid,BU03940102,Hoofddorp Centrum Zuid,77.2,5,1,split
BU03940103,Hoofddorp Graan voor Visch,BU03940103,Hoofddorp Graan voor Visch,99.9,5,1,unchanged
BU03940104,Hoofddorp Oost,BU03940104,Hoofddorp Centrum Oost,99.9,4,1,unchanged
BU03940105,Hoofddorp Noord,BU03940105,Hoofddorp Centrum Noord,99.9,2,1,unchanged
BU03940106,Hoofddorp Pax West,BU03940106,Hoofddorp Pax West,99.9,4,1,unchanged
BU03940107,Hoofddorp Pax Oost,BU03940107,Hoofddorp Pax Oost,99.9,3,1,unchanged
BU03940108,Hoofddorp Bornholm West,BU03940108,Hoofddorp Bornholm West,99.9,6,1,unchanged
BU03940109,Hoofddorp Bornholm Oost,BU03940109,Hoofddorp Bornholm Oost,99.9,4,1,unchanged
BU03940111,Hoofddorp Overbos Noord,BU03940111,Hoofddorp Overbos Noord,99.9,4,1,unchanged
BU03940112,Hoofddorp Overbos Zuid,BU03940112,Hoofddorp Overbos Zuid,99.9,4,1,unchanged
BU03940113,Hoofddorp Toolenburg West,BU03940113,Hoofddorp Toolenburg West,99.9,6,1,unchanged
BU03940114,Hoofddorp Toolenburg Oost,BU03940114,Hoofddorp Toolenburg Oost,99.9,4,1,unchanged
BU03940115,Hoofddorp Vrijschot Noord,BU03940115,Hoofddorp Vrijschot Noord,99.9,2,1,unchanged
BU03940116,Hoofddorp Floriande West,BU03940116,Hoofddorp Floriande West,100.0,3,1,unchanged
BU03940117,Hoofddorp Floriande Oost,BU03940117,Hoofddorp Floriande Oost,99.9,3,1,unchanged
BU03940118,Hoofddorp Toolenburg Zuid,BU03940118,Hoofddorp Toolenburg Zuid,99.9,5,1,unchanged
BU03940119,Hoofddorp De Landman,BU03940119,Hoofddorp De Landman,100.0,7,1,unchanged
BU03940122,Hoofddorp Omgeving,BU03940122,Hoofddorp Omgeving,100.0,5,1,unchanged
BU03940123,Hoofddorp De Hoek,BU03940123,Hoofddorp De Hoek,99.9,3,1,unchanged
BU03940124,Hoofddorp Graan voor Visch Zuid,BU03940124,Hoofddorp Graan voor Visch Zuid,99.9,4,1,unchanged
BU03940125,Hoofddorp Beukenhorst Oost,BU03940125,Hoofddorp Beukenhorst Oost,99.9,4,1,unchanged
BU03940126,Hoofddorp De President,BU03940126,Hoofddorp De President,99.9,5,1,unchanged
BU03940127,Hoofddorp Buiten,BU03940127,Hoofddorp Buiten,99.8,5,1,unchanged
BU03940230,Nieuw-Vennep Oost,BU03940230,Nieuw-Vennep Oost,99.9,4,1,unchanged
BU03940231,Nieuw-Vennep Welgelegen,BU03940231,Nieuw-Vennep Welgelegen,99.8,3,1,unchanged
BU03940232,Nieuw-Vennep Welgelegen Noord,BU03940232,Nieuw-Vennep Welgelegen Noord,99.9,3,1,unchanged
BU03940233,Nieuw-Vennep West,BU03940233,Nieuw-Vennep West,99.9,3,1,unchanged
BU03940234,Nieuw-Vennep Zuid,BU03940234,Nieuw-Vennep Zuid,99.9,4,1,unchanged
BU03940235,Nieuw-Vennep Linquenda,BU03940235,Nieuw-Vennep Linquenda,99.9,3,1,unchanged
BU03940236,Nieuw-Vennep Getsewoud Noord,BU03940236,Nieuw-Vennep Getsewoud Noord,99.9,2,1,unchanged
BU03940237,Nieuw-Vennep Getsewoud Zuid,BU03940237,Nieuw-Vennep Getsewoud Zuid,99.9,3,1,unchanged
BU03940239,Nieuw-Vennep Wilhelminahoeve,BU03940239,Nieuw-Vennep Wilhelminahoeve,99.9,4,1,unchanged
BU03940240,Nieuw-Vennep Omgeving,BU03940240,Nieuw-Vennep Omgeving,99.9,16,1,unchanged
BU03940241,Nieuw-Vennep 't Kabel,BU03940241,Nieuw-Vennep 't Kabel,99.8,3,1,unchanged
BU03940343,Zwanenburg West,BU03940343,Zwanenburg West,99.8,4,1,unchanged
BU03940344,Zwanenburg Zuidwest,BU03940344,Zwanenburg Zuidwest,99.8,4,1,unchanged
BU03940345,Zwanenburg Zuidoost,BU03940345,Zwanenburg Zuidoost,99.8,4,1,unchanged
BU03940346,Zwanenburg Oost,BU03940346,Zwanenburg Oost,99.8,5,1,unchanged
BU03940347,Zwanenburg Noordoost,BU03940347,Zwanenburg Noordoost,99.8,5,1,unchanged
BU03940348,Zwanenburg Noordwest,BU03940348,Zwanenburg Noordwest,99.7,4,1,unchanged
BU03940349,Zwanenburg Dijk,BU03940349,Zwanenburg Dijk,100.0,7,1,unchanged
BU03940350,Zwanenburg Omgeving,BU03940350,Zwanenburg Omgeving,100.0,7,1,unchanged
BU03940429,Lijnden Omgeving,BU03940429,Lijnden Omgeving,100.0,5,1,unchanged
BU03940465,Lijnden,BU03940465,Lijnden,99.9,4,1,unchanged
BU03940466,Boesingheliede,BU03940466,Boesingheliede,100.0,4,1,unchanged
BU03940551,Badhoevedorp Omgeving,BU03940551,Badhoevedorp Omgeving,100.0,7,1,unchanged
BU03940552,Badhoevedorp Noordwest,BU03940552,Badhoevedorp Noordwest,99.8,4,1,unchanged
BU03940553,Badhoevedorp West,BU03940553,Badhoevedorp West,99.8,3,1,unchanged
BU03940554,Badhoevedorp Bouwlust,BU03940554,Badhoevedorp Bouwlust,99.9,6,1,unchanged
BU03940556,Badhoevedorp Zuid,BU03940556,Badhoevedorp Zuid,99.9,3,1,unchanged
BU03940557,Badhoevedorp Centrum,BU03940557,Badhoevedorp Centrum,99.9,5,1,unchanged
BU03940558,Badhoevedorp Noordoost,BU03940558,Badhoevedorp Noordoost,99.8,5,1,unchanged
BU03940559,Badhoevedorp Antoniushoeve,BU03940559,Badhoevedorp Antoniushoeve,99.9,4,1,unchanged
BU03940560,Badhoevedorp Oost,BU03940560,Badhoevedorp Oost,99.9,5,1,unchanged
BU03940561,Badhoevedorp Schuilhoeve,BU03940561,Badhoevedorp Schuilhoeve,99.9,4,1,unchanged
BU03940562,Badhoevedorp Dijk,BU03940562,Badhoevedorp Dijk,100.0,4,1,unchanged
BU03940564,Badhoevedorp Nieuwe Meer,BU03940564,Badhoevedorp Nieuwe Meer,100.0,3,1,unchanged
BU03940674,Schiphol-Rijk,BU03940674,Schiphol-Rijk,99.9,5,1,unchanged
BU03940675,Oude Meer,BU03940675,Oude Meer,99.9,3,1,unchanged
BU03940676,Aalsmeerderbrug,BU03940676,Aalsmeerderbrug,99.8,4,1,unchanged
BU03940677,Rozenburg Noord,BU03940677,Rozenburg Noord,99.8,4,1,unchanged
BU03940678,Rozenburg Omgeving,BU03940678,Rozenburg Omgeving,99.9,6,1,unchanged
BU03940779,Rijsenhout Dorp,BU03940779,Rijsenhout Dorp,99.8,4,1,unchanged
BU03940780,Rijsenhout Zuid,BU03940780,Rijsenhout Zuid,99.8,3,1,unchanged
BU03940781,Rijsenhout Dijk,BU03940781,Rijsenhout Dijk,99.8,5,1,unchanged
BU03940782,Rijsenhout Omgeving,BU03940782,Rijsenhout Omgeving,100.0,8,1,unchanged
BU03940883,Burgerveen,BU03940883,Burgerveen,99.9,4,1,unchanged
BU03940884,Leimuiderbrug,BU03940884,Leimuiderbrug,99.9,3,1,unchanged
BU03940885,Weteringbrug,BU03940885,Weteringbrug,99.9,4,1,unchanged
BU03940986,Abbenes,BU03940986,Abbenes,99.7,2,1,unchanged
BU03940987,Abbenes Omgeving,BU03940987,Abbenes Omgeving,100.0,7,1,unchanged
BU03940988,Buitenkaag,BU03940988,Buitenkaag,99.9,4,1,unchanged
BU03940989,Abbenes Dijk,BU03940989,Abbenes Dijk,99.4,2,1,unchanged
BU03941090,Lisserbroek,BU03941090,Lisserbroek,99.9,2,1,unchanged
BU03941091,Lisserbroek Omgeving,BU03941091,Lisserbroek Omgeving,99.9,4,1,unchanged
BU03941192,Beinsdorp Omgeving,BU03941192,Beinsdorp Omgeving,99.9,4,1,unchanged
BU03941193,Beinsdorp,BU03941193,Beinsdorp,99.7,2,1,unchanged
BU03941294,Zwaanshoek,BU03941294,Zwaanshoek,99.9,2,1,unchanged
BU03941295,Zwaanshoek Omgeving,BU03941295,Zwaanshoek Omgeving,100.0,6,1,unchanged
BU03941397,Cruquius,BU03941397,Cruquius,99.9,5,1,unchanged
BU03941398,Cruquius Omgeving,BU03941398,Cruquius Omgeving,99.9,4,1,unchanged
BU03941399,Cruquius Cruqiushoeve,BU03941399,Cruquius Cruquiushoeve,99.9,3,1,unchanged
BU03941567,Vijfhuizen,BU03941567,Vijfhuizen,99.9,3,1,unchanged
BU03941569,Vijfhuizen Stellinghof,BU03941569,Vijfhuizen Stellinghof,99.9,3,1,unchanged
BU03941570,Vijfhuizen Omgeving,BU03941570,Vijfhuizen Omgeving,100.0,8,1,unchanged
BU03941571,Vijhuizen Nieuwebrug,BU03941571,Vijfhuizen Nieuwebrug,100.0,2,1,unchanged
BU03941663,Schiphol,BU03941663,Schiphol,100.0,10,1,unchanged
BU03960100,Centrum,BU03960100,Centrum,100.0,2,1,unchanged
BU03960101,Zaalbergkwartier,BU03960101,Zaalbergkwartier,100.0,2,1,unchanged
BU03960200,Commandeurs,BU03960200,Commandeurs,100.0,2,1,unchanged
BU03960201,Eikenhof,BU03960201,Eikenhof,100.0,1,1,unchanged
BU03960202,Landgoed Marquette,BU03960202,Landgoed Marquette,100.0,1,1,unchanged
BU03960300,Oud Haarlem,BU03960300,Oud Haarlem,100.0,2,1,unchanged
BU03960301,Harteheem,BU03960301,Harteheem,100.0,1,1,unchanged
BU03960302,Oosterwijk,BU03960302,Oosterwijk,100.0,1,1,unchanged
BU03960303,Zuidbroek,BU03960303,Zuidbroek,100.0,1,1,unchanged
BU03960400,De Houtwegen,BU03960400,De Houtwegen,100.0,2,1,unchanged
BU03960401,Industriegebied,BU03960401,Industriegebied,100.0,1,1,unchanged
BU03960402,Heemskerkerduin,BU03960402,Heemskerkerduin,100.0,1,1,unchanged
BU03960403,Noorddorp,BU03960403,Noorddorp,100.0,1,1,unchanged
BU03960404,Westertuinen,BU03960404,Westertuinen,100.0,1,1,unchanged
BU03960408,Business park Ijmond,BU03960408,Business park Ijmond,100.0,1,1,unchanged
BU03960409,Duingebied,BU03960409,Duingebied,100.0,3,1,unchanged
BU03960500,Poelenburg,BU03960500,Poelenburg,100.0,1,1,unchanged
BU03960501,Oosterzij,BU03960501,Oosterzij,100.0,1,1,unchanged
BU03960502,Neksloot,BU03960502,Neksloot,100.0,1,1,unchanged
BU03960503,Steenstrapark,BU03960503,Steenstrapark,100.0,2,1,unchanged
BU03960600,De Maer,BU03960600,De Maer,100.0,1,1,unchanged
BU03960601,De Die,BU03960601,De Die,100.0,1,1,unchanged
BU03960602,Rendorppark,BU03960602,Rendorppark,100.0,1,1,unchanged
BU03960603,Breedweer,BU03960603,Breedweer,100.0,1,1,unchanged
BU03960604,Tolhek,BU03960604,Tolhek,100.0,1,1,unchanged
BU03960605,De Trompet,BU03960605,De Trompet,100.0,1,1,unchanged
BU03960607,Noorderveld,BU03960607,Noorderveld,100.0,1,1,unchanged
BU03960700,Onderwijzersbuurt,BU03960700,Onderwijzersbuurt,100.0,3,1,unchanged
BU03960701,Villabuurt,BU03960701,Villabuurt,100.0,2,1,unchanged
BU03960702,Beijnesbuurt,BU03960702,Beijnesbuurt,100.0,1,1,unchanged
BU03960800,Slotherenbuurt,BU03960800,Slotherenbuurt,100.0,1,1,unchanged
BU03960801,Verzetstrijdersbuurt,BU03960801,Verzetstrijdersbuurt,100.0,1,1,unchanged
BU03960802,Beijerlust,BU03960802,Beijerlust,100.0,1,1,unchanged
BU03960900,Hoogdorp,BU03960900,Hoogdorp,100.0,1,1,unchanged
BU03960901,Waterakkers,BU03960901,Waterakkers,100.0,1,1,unchanged
BU03961001,De Citadel,BU03961001,De Citadel,100.0,1,1,unchanged
BU03961002,De Wadden,BU03961002,De Wadden,100.0,1,1,unchanged
BU03961100,Landelijk gebied,BU03961100,Landelijk gebied,100.0,2,1,unchanged
BU03969998,,BU03969998,Buitenwater,98.0,2,1,split
BU03970000,Centrum,BU03970000,Centrum,100.0,1,1,unchanged
BU03970001,"Oude Dorp, Indische buurt en omgeving",BU03970001,"Oude Dorp, Indische buurt en omgeving",100.0,1,1,unchanged
BU03970002,Zandvoortselaan en Berkenrode en omgeving,BU03970002,Zandvoortselaan en Berkenrode en omgeving,100.0,1,1,unchanged
BU03970003,"Heemsteedse Dreef, Schildersbuurt en omgeving",BU03970003,"Heemsteedse Dreef, Schildersbuurt en omgeving",100.0,1,1,unchanged
BU03970004,Van Merlenbuurt en Valkenburgerplein en omgeving,BU03970004,Van Merlenbuurt en Valkenburgerplein en omgeving,100.0,1,1,unchanged
BU03970005,Schouwbroekerpolder,BU03970005,Schouwbroekerpolder,100.0,1,1,unchanged
BU03970006,Rivierenbuurt,BU03970006,Rivierenbuurt,100.0,1,1,unchanged
BU03970007,Kennemerduin en omgeving,BU03970007,Kennemerduin en omgeving,100.0,1,1,unchanged
BU03970008,Provincienbuurt,BU03970008,Provincienbuurt,100.0,1,1,unchanged
BU03970009,Geleerdenbuurt,BU03970009,Geleerdenbuurt,100.0,1,1,unchanged
BU03970100,De Glip,BU03970100,De Glip,100.0,1,1,unchanged
BU03970101,Glipper Dreef en Staatsliedenbuurt,BU03970101,Glipper Dreef en Staatsliedenbuurt,100.0,1,1,unchanged
BU03970102,Manpad en Hartekamp,BU03970102,Manpad en Hartekamp,100.0,1,1,unchanged
BU03970200,Dichters- en Vogelbuurt,BU03970200,Dichters- en Vogelbuurt,100.0,1,1,unchanged
BU03980100,Schrijverswijk,BU19801001,Schrijverswijk,86.0,6,1,split
BU03980201,Schilderswijk 1,BU19801102,Schildersbuurt Noord,96.2,3,1,split
BU03980202,Schilderswijk 2,BU19801101,Schildersbuurt Zuid,81.8,4,1,split
BU03980400,Planetenwijk,BU19801201,Planetenwijk,86.9,6,1,split
BU03980601,Bomenbuurt,BU19801301,Bomenbuurt,87.9,3,1,split
BU03980602,Recreatiebuurt,BU19801302,Recreatiebuurt,99.5,2,1,recoded (gemeente change)
BU03980603,Waarderhout,BU19801303,Waarderhout,74.0,6,1,split
BU03980701,Centrumwaard,BU19801401,Centrumwaard,83.9,5,1,split
BU03980702,Heemradenbuurt,BU19801402,Heemradenbuurt,86.0,6,1,split
BU03980800,Edelstenenwijk,BU19801501,Edelstenenwijk,90.4,8,1,split
BU03980901,Stadshart,BU19801801,Middenwaard,84.8,7,1,split
BU03980902,Stationsplein,BU19801802,Stationsgebied,100.0,1,1,recoded (gemeente change)
BU03981000,Molenwijk,BU19801601,Molenwijk,95.2,3,1,split
BU03981100,Rivierenwijk,BU19801701,Rivierenwijk,92.9,3,1,split
BU03981201,Zandhorst 1,BU19802001,Zandhorst I,75.5,4,1,split
BU03981202,Zandhorst 2,BU19802002,Zandhorst II,94.8,3,1,split
BU03981203,Zandhorst 3,BU19802003,Zandhorst III,100.0,1,1,recoded (gemeente change)
BU03981204,De Frans,BU19802004,De Frans,69.2,5,1,split
BU03981205,Beveland,BU19801803,Beveland,50.2,7,1,split
BU03981206,De Vaandel,BU19802005,De Vaandel Noord,55.1,7,1,split
BU03981207,Overtoom,BU19802503,De Overtoom,57.2,3,1,split
BU03981301,Butterhuizen 1,BU19802101,Butterhuizen Noord,87.1,7,1,split
BU03981302,Butterhuizen 2,BU19802102,Butterhuizen Zuid,88.5,4,1,split
BU03981400,Oostertocht,BU19802202,Oostertocht Zuid,48.8,9,1,split
BU03981501,Zuidwijk 1,BU19802301,Zuidwijk,100.0,2,2,recoded (gemeente change)
BU03981502,Zuidwijk 2,BU19802301,Zuidwijk,85.5,2,2,merged
BU03981601,Huygenhoek 1,BU19802401,Huygenhoek Noord,88.3,4,1,split
BU03981602,Huygenhoek 2,BU19802402,Huygenhoek Midden,89.1,6,1,split
BU03981603,Huygenhoek 3,BU19802403,Huygenhoek Zuid,83.8,5,1,split
BU03981701,Stad van de Zon,BU19802501,Stad van de Zon,100.0,1,1,recoded (gemeente change)
BU03981702,Park van Luna,BU19802502,Park van Luna,82.9,5,1,split
BU03981801,De Draai Noord,BU19802703,Buitengebied De Noord,53.4,4,2,merged
BU03981802,De Draai Midden,BU19802601,De Draai Noord,93.4,4,1,split
BU03981803,De Draai Zuid,BU19802602,De Draai Zuid,80.1,4,1,split
BU03981900,Broekhorn,BU19801901,Broekhorn,100.0,1,1,recoded (gemeente change)
BU03982000,De Noord,BU19802701,De Noord,95.6,2,1,split
BU03983000,Buitengebied Noord,BU19802703,Buitengebied De Noord,88.8,5,2,merged
BU03984000,'t Kruis,BU19802801,'t Kruis,51.6,4,1,split
BU03985000,Buitengebied Zuid,BU19802802,Buitengebied 't Kruis,99.0,2,1,split
BU03990101,Blockhovepark,BU03990101,Blockhovepark,100.0,1,1,unchanged
BU03990201,Noorderneg,BU03990201,Noorderneg,100.0,1,1,unchanged
BU03990202,Oud West,BU03990202,Oud West,100.0,1,1,unchanged
BU03990301,Tuindorp,BU03990301,Tuindorp,100.0,1,1,unchanged
BU03990302,Gemeentebos,BU03990302,Gemeentebos,100.0,1,1,unchanged
BU03990303,Plan Oost,BU03990303,Plan Oost,100.0,1,1,unchanged
BU03990304,Nijenburg,BU03990304,Ter Coulster,100.0,1,1,unchanged
BU03990401,Zuiderneg,BU03990401,Zuiderneg,100.0,1,1,unchanged
BU03990402,Zuid West,BU03990402,Zuid West,100.0,1,1,unchanged
BU03990501,Akkerbuurt,BU03990501,Akkerbuurt,100.0,1,1,unchanged
BU03990502,Oud Zuid,BU03990502,Oud Zuid,100.0,1,1,unchanged
BU03990503,Vennewater,BU03990503,Vennewater,100.0,1,1,unchanged
BU03990504,Zuiderloo,BU03990504,Zuiderloo,100.0,1,1,unchanged
BU03990601,Willibrord,BU03990601,Willibrord,100.0,1,1,unchanged
BU03990602,Oude Werf,BU03990602,Oude Werf,100.0,1,1,unchanged
BU03990603,Zuid Oost,BU03990603,Zuid Oost,100.0,1,1,unchanged
BU03990604,Oosterzij,BU03990604,Oosterzij,100.0,1,1,unchanged
BU03990701,Het Die,BU03990701,Het Die,100.0,1,1,unchanged
BU03990801,De Volkstuinen,BU03990801,De Volkstuinen,100.0,1,1,unchanged
BU03990802,Kapelbuurt,BU03990802,Kapelbuurt,100.0,1,1,unchanged
BU04000100,Marinehaven,BU04000100,Marinehaven,99.0,2,1,split
BU04000101,Oostsloot,BU04000101,Oostsloot,100.0,1,1,unchanged
BU04000102,Centrum,BU04000102,Centrum,100.0,1,1,unchanged
BU04000103,Willemsoord,BU04000103,Willemsoord,99.8,2,1,unchanged
BU04000104,Sluisdijk,BU04000104,Sluisdijk,100.0,1,1,unchanged
BU04000105,Visbuurt,BU04000105,Visbuurt,100.0,1,1,unchanged
BU04000106,Grachtengordel,BU04000106,Grachtengordel,100.0,1,1,unchanged
BU04000107,Havenbuurt,BU04000107,Havenbuurt,100.0,1,1,unchanged
BU04000108,Vogelbuurt,BU04000108,Vogelbuurt,100.0,1,1,unchanged
BU04000109,Mijnendienst,BU04000109,Mijnendienst,100.0,1,1,unchanged
BU04000200,Oud Den Helder,BU04000200,Oud Den Helder,100.0,1,1,unchanged
BU04000201,Van Galenbuurt,BU04000201,Van Galenbuurt,100.0,1,1,unchanged
BU04000202,Indische buurt-Noord,BU04000202,Indische buurt-Noord,100.0,1,1,unchanged
BU04000203,Indische buurt-Zuid,BU04000203,Indische buurt-Zuid,100.0,1,1,unchanged
BU04000204,Geleerdenbuurt,BU04000204,Geleerdenbuurt,100.0,1,1,unchanged
BU04000205,Tuindorp-West,BU04000205,Tuindorp-West,100.0,1,1,unchanged
BU04000206,Tuindorp-Oost,BU04000206,Tuindorp-Oost,100.0,1,1,unchanged
BU04000207,Fort Erfprins,BU04000207,Fort Erfprins,100.0,1,1,unchanged
BU04000208,Fort Dirksz Admiraal,BU04000208,Fort Dirksz Admiraal,100.0,1,1,unchanged
BU04000300,Huisduinen,BU04000300,Huisduinen,99.8,2,1,unchanged
BU04000301,Liniebuurt,BU04000301,Liniebuurt,100.0,1,1,unchanged
BU04000302,Jeruzalem,BU04000302,Jeruzalem,100.0,1,1,unchanged
BU04000303,Duinbuurt,BU04000303,Duinbuurt,100.0,1,1,unchanged
BU04000304,Donkere Duinen,BU04000304,Donkere Duinen,100.0,1,1,unchanged
BU04000400,Nieuwlandbuurt,BU04000400,Nieuwlandbuurt,100.0,1,1,unchanged
BU04000401,Golfstroombuurt,BU04000401,Golfstroombuurt,100.0,2,1,unchanged
BU04000402,Grote Rivierenbuurt,BU04000402,Grote Rivierenbuurt,100.0,1,1,unchanged
BU04000403,Kleine Rivierenbuurt,BU04000403,Kleine Rivierenbuurt,100.0,1,1,unchanged
BU04000404,Deltabuurt,BU04000404,Deltabuurt,100.0,3,1,unchanged
BU04000405,Falga,BU04000405,Falga,100.0,1,1,unchanged
BU04000406,Zuiderzeebuurt,BU04000406,Zuiderzeebuurt,100.0,1,1,unchanged
BU04000407,Schepenbuurt,BU04000407,Schepenbuurt,100.0,1,1,unchanged
BU04000408,Nieuw Den Helder Zuid-Oost,BU04000408,Nieuw Den Helder Zuid-Oost,100.0,1,1,unchanged
BU04000409,Dirksz Admiraal,BU04000409,Dirksz Admiraal,100.0,1,1,unchanged
BU04000500,Westoever,BU04000500,Westoever,100.0,1,1,unchanged
BU04000501,Marina,BU04000501,Marina,100.0,1,1,unchanged
BU04000502,Schouten en Schepenenbuurt,BU04000502,Schouten en Schepenenbuurt,100.0,1,1,unchanged
BU04000503,Walvisvaarderbuurt,BU04000503,Walvisvaarderbuurt,100.0,1,1,unchanged
BU04000504,Zeeloodsenbuurt,BU04000504,Zeeloodsenbuurt,100.0,1,1,unchanged
BU04000505,Boerderijbuurt,BU04000505,Boerderijbuurt,100.0,1,1,unchanged
BU04000506,Schooten-Centrum,BU04000506,Schooten-Centrum,100.0,1,1,unchanged
BU04000507,Landmetersbuurt,BU04000507,Landmetersbuurt,100.0,1,1,unchanged
BU04000508,Waterkeringsbuurt,BU04000508,Waterkeringsbuurt,100.0,1,1,unchanged
BU04000509,Guldemond,BU04000509,Guldemond,100.0,1,1,unchanged
BU04000600,Julianadorp-Oost,BU04000600,Julianadorp-Oost,100.0,1,1,unchanged
BU04000601,Oostoever,BU04000601,Oostoever,97.2,2,1,split
BU04000602,Friesebuurt,BU04000602,Friesebuurt,100.0,1,1,unchanged
BU04000603,Kooypunt,BU04000603,Kooypunt,100.0,1,1,unchanged
BU04000604,Koegras-Noord,BU04000604,Koegras-Noord,100.0,1,1,unchanged
BU04000605,Blauwe Keet,BU04000605,Blauwe Keet,100.0,1,1,unchanged
BU04000606,Koegras-Zuid,BU04000606,Koegras-Zuid,100.0,1,1,unchanged
BU04000607,De Kooy,BU04000607,De Kooy,100.0,1,1,unchanged
BU04000700,Mariëndal,BU04000700,Mariëndal,99.8,2,1,unchanged
BU04000701,De Zandloper,BU04000701,De Zandloper,99.7,2,1,unchanged
BU04000702,Ooghduyne,BU04000702,Ooghduyne,100.0,2,1,unchanged
BU04000800,Julianadorp-West,BU04000800,Julianadorp-West,100.0,1,1,unchanged
BU04000801,Middelzand,BU04000801,Middelzand,100.0,1,1,unchanged
BU04000802,Vogelzand,BU04000802,Vogelzand,100.0,1,1,unchanged
BU04000803,Doorzwin,BU04000803,Doorzwin,100.0,1,1,unchanged
BU04000804,Kruiszwin,BU04000804,Kruiszwin,100.0,1,1,unchanged
BU04000805,Wierbalg,BU04000805,Wierbalg,100.0,1,1,unchanged
BU04000806,Malzwin,BU04000806,Malzwin,100.0,1,1,unchanged
BU04000807,Boterzwin,BU04000807,Boterzwin,100.0,1,1,unchanged
BU04000808,Zwanenbalg,BU04000808,Zwanenbalg,100.0,1,1,unchanged
BU04000809,Noorderhaven,BU04000809,Noorderhaven,100.0,1,1,unchanged
BU04009998,,BU04009998,Buitenwater,99.9,9,1,unchanged
BU04020101,Centrum,BU04020101,Centrum,100.0,1,1,unchanged
BU04020102,Havenstraatbuurt,BU04020102,Havenstraatbuurt,100.0,1,1,unchanged
BU04020103,Sint Vitusbuurt,BU04020103,Sint Vitusbuurt,100.0,1,1,unchanged
BU04020104,Langgewenstbuurt,BU04020104,Langgewenstbuurt,100.0,1,1,unchanged
BU04020201,Boomberg,BU04020201,Boomberg,100.0,1,1,unchanged
BU04020202,Raadhuiskwartier,BU04020202,Raadhuiskwartier,100.0,1,1,unchanged
BU04020203,Trompenberg-Zuid,BU04020203,Trompenberg-Zuid,100.0,1,1,unchanged
BU04020204,Villaparken,BU04020204,Villaparken,100.0,1,1,unchanged
BU04020205,Trompenberg-Noord,BU04020205,Trompenberg-Noord,100.0,1,1,unchanged
BU04020206,Mediapark,BU04020206,Media Park,100.0,1,1,unchanged
BU04020301,Havenkwartier,BU04020301,Havenkwartier,100.0,1,1,unchanged
BU04020302,Het Rode Dorp,BU04020302,Het Rode Dorp,100.0,1,1,unchanged
BU04020303,Zeverijn,BU04020303,Zeverijn,100.0,1,1,unchanged
BU04020304,Kerkelanden,BU04020304,Kerkelanden,92.1,3,1,split
BU04020401,Bloemenkwartier Noord,BU04020401,Bloemenkwartier Noord,100.0,1,1,unchanged
BU04020402,Bloemenkwartier Zuid,BU04020402,Bloemenkwartier Zuid,100.0,1,1,unchanged
BU04020403,Schrijverskwartier,BU04020403,Schrijverskwartier,100.0,1,1,unchanged
BU04020404,Staatsliedenkwartier,BU04020404,Staatsliedenkwartier,100.0,1,1,unchanged
BU04020405,Zeeheldenkwartier,BU04020405,Zeeheldenkwartier,100.0,1,1,unchanged
BU04020501,Schilderskwartier,BU04020501,Schilderskwartier,100.0,2,1,unchanged
BU04020502,'t Hoogt van 't Kruis,BU04020502,'t Hoogt van 't Kruis,100.0,1,1,unchanged
BU04020503,Arenaparkkwartier,BU04020503,Arenaparkkwartier,100.0,1,1,unchanged
BU04020504,West-Indiëkwartier,BU04020504,West-Indiëkwartier,100.0,1,1,unchanged
BU04020505,Van Riebeeckkwartier,BU04020505,Van Riebeeckkwartier,100.0,1,1,unchanged
BU04020506,Egelshoek,BU04020506,Egelshoek,100.0,2,1,unchanged
BU04020601,Geuzenbuurt,BU04020601,Geuzenbuurt,100.0,1,1,unchanged
BU04020602,Electrobuurt,BU04020602,Electrobuurt,100.0,1,1,unchanged
BU04020603,Kleine Driftbuurt,BU04020603,Kleine Driftbuurt,100.0,1,1,unchanged
BU04020604,Liebergen,BU04020604,Liebergen,97.5,3,1,split
BU04020605,Astronomischebuurt,BU04020605,Astronomische Buurt,97.6,2,1,split
BU04020701,Johannes Geradtswegbuurt,BU04020701,Johannes Geradtswegbuurt,100.0,1,1,unchanged
BU04020702,Erfgooiersbuurt,BU04020702,Erfgooiersbuurt,98.7,2,1,split
BU04020703,Noord,BU04020703,Noord,100.0,1,1,unchanged
BU04020704,AZC Crailo,BU04020704,AZC Crailo,97.9,2,1,split
BU04020801,Hilversumse Meent,BU04020801,Hilversumse Meent,99.5,3,1,unchanged
BU04020901,Landelijk gebied 91,BU04020901,Landelijk Gebied 91,100.0,2,1,unchanged
BU04020902,Landelijk gebied 92,BU04020902,Landelijk Gebied 92,79.9,5,1,split
BU04020903,Landelijk gebied 93,BU04020903,Landelijk Gebied 93,99.2,2,1,unchanged
BU04020904,Landelijk gebied 94,BU04020904,Landelijk Gebied 94,100.0,2,1,unchanged
BU04020905,Landelijk gebied 95,BU04020905,Landelijk Gebied 95,100.0,2,1,unchanged
BU04020906,Landelijk gebied 96,BU04020906,Landelijk Gebied 96,100.0,1,1,unchanged
BU04020907,Landelijk gebied 97,BU04020907,Landelijk Gebied 97,89.2,3,1,split
BU04051000,Binnenstad - Buurt 10 00,BU04051000,Binnenstad - Buurt 10 00,99.9,3,1,unchanged
BU04051001,Binnenstad - Buurt 10 01,BU04051001,Binnenstad - Buurt 10 01,99.7,3,1,unchanged
BU04051002,Binnenstad - Buurt 10 02,BU04051002,Binnenstad - Buurt 10 02,100.0,3,1,unchanged
BU04051003,Binnenstad - Buurt 10 03,BU04051003,Binnenstad - Buurt 10 03,100.0,2,1,unchanged
BU04051100,Venelaankwartier - Buurt 11 00,BU04051100,Venelaankwartier - Buurt 11 00,99.6,3,1,unchanged
BU04051101,Venelaankwartier - Buurt 11 01,BU04051101,Venelaankwartier - Buurt 11 01,100.0,1,1,unchanged
BU04051102,Venelaankwartier - Buurt 11 02,BU04051102,Venelaankwartier - Buurt 11 02,99.4,3,1,unchanged
BU04051103,Venelaankwartier - Buurt 11 03,BU04051103,Venelaankwartier - Buurt 11 03,100.0,2,1,unchanged
BU04051200,Hoorn Noord - Buurt 12 00,BU04051200,Hoorn Noord - Buurt 12 00,100.0,1,1,unchanged
BU04051201,Hoorn Noord - Buurt 12 01,BU04051201,Hoorn Noord - Buurt 12 01,100.0,2,1,unchanged
BU04051202,Hoorn Noord - Buurt 12 02,BU04051202,Hoorn Noord - Buurt 12 02,100.0,1,1,unchanged
BU04051203,Hoorn Noord - Buurt 12 03,BU04051203,Hoorn Noord - Buurt 12 03,100.0,2,1,unchanged
BU04051204,Hoorn Noord - Buurt 12 04,BU04051204,Hoorn Noord - Buurt 12 04,100.0,1,1,unchanged
BU04051300,Grote Waal - Buurt 13 00,BU04051300,Grote Waal - Buurt 13 00,100.0,1,1,unchanged
BU04051301,Grote Waal - Buurt 13 01,BU04051301,Grote Waal - Buurt 13 01,100.0,1,1,unchanged
BU04051302,Grote Waal - Buurt 13 02,BU04051302,Grote Waal - Buurt 13 02,100.0,1,1,unchanged
BU04051303,Grote Waal - Buurt 13 03,BU04051303,Grote Waal - Buurt 13 03,100.0,1,1,unchanged
BU04051304,Grote Waal - Buurt 13 04,BU04051304,Grote Waal - Buurt 13 04,100.0,1,1,unchanged
BU04051305,Grote Waal - Buurt 13 05,BU04051305,Grote Waal - Buurt 13 05,100.0,1,1,unchanged
BU04051306,Grote Waal - Buurt 13 06,BU04051306,Grote Waal - Buurt 13 06,100.0,2,1,unchanged
BU04051307,Grote Waal - Buurt 13 07,BU04051307,Grote Waal - Buurt 13 07,100.0,1,1,unchanged
BU04051308,Grote Waal - Buurt 13 08,BU04051308,Grote Waal - Buurt 13 08,100.0,1,1,unchanged
BU04052000,Risdam-Zuid - Buurt 20 00,BU04052000,Risdam-Zuid - Buurt 20 00,100.0,1,1,unchanged
BU04052001,Risdam-Zuid - Buurt 20 01,BU04052001,Risdam-Zuid - Buurt 20 01,100.0,1,1,unchanged
BU04052002,Risdam-Zuid - Buurt 20 02,BU04052002,Risdam-Zuid - Buurt 20 02,100.0,1,1,unchanged
BU04052003,Risdam-Zuid - Buurt 20 03,BU04052003,Risdam-Zuid - Buurt 20 03,100.0,2,1,unchanged
BU04052004,Risdam-Zuid - Buurt 20 04,BU04052004,Risdam-Zuid - Buurt 20 04,100.0,1,1,unchanged
BU04052005,Risdam-Zuid - Buurt 20 05,BU04052005,Risdam-Zuid - Buurt 20 05,100.0,1,1,unchanged
BU04052006,Risdam-Zuid - Buurt 20 06,BU04052006,Risdam-Zuid - Buurt 20 06,100.0,2,1,unchanged
BU04052007,Risdam-Zuid - Buurt 20 07,BU04052007,Risdam-Zuid - Buurt 20 07,100.0,2,1,unchanged
BU04052008,Risdam-Zuid - Buurt 20 08,BU04052008,Risdam-Zuid - Buurt 20 08,100.0,1,1,unchanged
BU04052100,Risdam-Noord - Buurt 21 00,BU04052100,Risdam-Noord - Buurt 21 00,100.0,1,1,unchanged
BU04052101,Risdam-Noord - Buurt 21 01,BU04052101,Risdam-Noord - Buurt 21 01,100.0,1,1,unchanged
BU04052102,Risdam-Noord - Buurt 21 02,BU04052102,Risdam-Noord - Buurt 21 02,100.0,1,1,unchanged
BU04052103,Risdam-Noord - Buurt 21 03,BU04052103,Risdam-Noord - Buurt 21 03,100.0,2,1,unchanged
BU04052104,Risdam-Noord - Buurt 21 04,BU04052104,Risdam-Noord - Buurt 21 04,100.0,2,1,unchanged
BU04052105,Risdam-Noord - Buurt 21 05,BU04052105,Risdam-Noord - Buurt 21 05,100.0,1,1,unchanged
BU04052200,Nieuwe Steen - Buurt 22 00,BU04052200,Nieuwe Steen - Buurt 22 00,100.0,1,1,unchanged
BU04052201,Nieuwe Steen - Buurt 22 01,BU04052201,Nieuwe Steen - Buurt 22 01,100.0,1,1,unchanged
BU04053000,Zwaag - Buurt 30 00,BU04053000,Zwaag - Buurt 30 00,100.0,1,1,unchanged
BU04053001,Zwaag - Buurt 30 01,BU04053001,Zwaag - Buurt 30 01,100.0,1,1,unchanged
BU04053002,Zwaag - Buurt 30 02,BU04053002,Zwaag - Buurt 30 02,100.0,2,1,unchanged
BU04053004,Zwaag - Buurt 30 04,BU04053004,Zwaag - Buurt 30 04,100.0,1,1,unchanged
BU04053005,Zwaag - Buurt 30 05,BU04053005,Zwaag - Buurt 30 05,100.0,1,1,unchanged
BU04053006,Zwaag - Buurt 30 06,BU04053006,Zwaag - Buurt 30 06,100.0,1,1,unchanged
BU04053100,Blokker - Buurt 31 00,BU04053100,Blokker - Buurt 31 00,100.0,1,1,unchanged
BU04053101,Blokker - Buurt 31 01,BU04053101,Blokker - Buurt 31 01,100.0,1,1,unchanged
BU04053102,Blokker - Buurt 31 02,BU04053102,Blokker - Buurt 31 02,100.0,1,1,unchanged
BU04053103,Blokker - Buurt 31 03,BU04053103,Blokker - Buurt 31 03,100.0,1,1,unchanged
BU04053104,Blokker - Buurt 31 04,BU04053104,Blokker - Buurt 31 04,100.0,1,1,unchanged
BU04053200,Kersenboogerd-Noord - Buurt 32 00,BU04053200,Kersenboogerd-Noord - Buurt 32 00,100.0,1,1,unchanged
BU04053201,Kersenboogerd-Noord - Buurt 32 01,BU04053201,Kersenboogerd-Noord - Buurt 32 01,100.0,1,1,unchanged
BU04053202,Kersenboogerd-Noord - Buurt 32 02,BU04053202,Kersenboogerd-Noord - Buurt 32 02,100.0,1,1,unchanged
BU04053203,Kersenboogerd-Noord - Buurt 32 03,BU04053203,Kersenboogerd-Noord - Buurt 32 03,100.0,1,1,unchanged
BU04053300,Kersenboogerd-Zuid - Buurt 33 00,BU04053300,Kersenboogerd-Zuid - Buurt 33 00,100.0,1,1,unchanged
BU04053301,Kersenboogerd-Zuid - Buurt 33 01,BU04053301,Kersenboogerd-Zuid - Buurt 33 01,100.0,1,1,unchanged
BU04053302,Kersenboogerd-Zuid - Buurt 33 02,BU04053302,Kersenboogerd-Zuid - Buurt 33 02,100.0,1,1,unchanged
BU04053303,Kersenboogerd-Zuid - Buurt 33 03,BU04053303,Kersenboogerd-Zuid - Buurt 33 03,100.0,2,1,unchanged
BU04053304,Kersenboogerd-Zuid - Buurt 33 04,BU04053304,Kersenboogerd-Zuid - Buurt 33 04,100.0,1,1,unchanged
BU04053305,Kersenboogerd-Zuid - Buurt 33 05,BU04053305,Kersenboogerd-Zuid - Buurt 33 05,100.0,2,1,unchanged
BU04053306,Kersenboogerd-Zuid - Buurt 33 06,BU04053306,Kersenboogerd-Zuid - Buurt 33 06,100.0,1,1,unchanged
BU04053307,Kersenboogerd-Zuid - Buurt 33 07,BU04053307,Kersenboogerd-Zuid - Buurt 33 07,100.0,2,1,unchanged
BU04053308,Kersenboogerd-Zuid - Buurt 33 08,BU04053308,Kersenboogerd-Zuid - Buurt 33 08,100.0,1,1,unchanged
BU04053309,Kersenboogerd-Zuid - Buurt 33 09,BU04053309,Kersenboogerd-Zuid - Buurt 33 09,100.0,1,1,unchanged
BU04053400,Hoorn 80 - Buurt 34 00,BU04053400,Hoorn 80 - Buurt 34 00,99.1,3,1,unchanged
BU04053401,Hoorn 80 - Buurt 34 01,BU04053401,Hoorn 80 - Buurt 34 01,100.0,1,1,unchanged
BU04053402,Hoorn 80 - Buurt 34 02,BU04053402,Hoorn 80 - Buurt 34 02,100.0,1,1,unchanged
BU04053501,Bangert en Oosterpolder - Buurt 35 01,BU04053501,Bangert en Oosterpolder - Buurt 35 01,100.0,1,1,unchanged
BU04053502,Bangert en Oosterpolder - Buurt 35 02,BU04053502,Bangert en Oosterpolder - Buurt 35 02,100.0,1,1,unchanged
BU04053503,Bangert en Oosterpolder - Buurt 35 03,BU04053503,Bangert en Oosterpolder - Buurt 35 03,100.0,1,1,unchanged
BU04053504,Bangert en Oosterpolder - Buurt 35 04,BU04053504,Bangert en Oosterpolder - Buurt 35 04,100.0,1,1,unchanged
BU04053505,Bangert en Oosterpolder - Buurt 35 05,BU04053505,Bangert en Oosterpolder - Buurt 35 05,100.0,1,1,unchanged
BU04053506,Bangert en Oosterpolder - Buurt 35 06,BU04053506,Bangert en Oosterpolder - Buurt 35 06,100.0,1,1,unchanged
BU04053600,Zevenhuis - Buurt 36 00,BU04053600,Zevenhuis - Buurt 36 00,100.0,1,1,unchanged
BU04059997,,BU04059997,Groot binnenwater,99.9,9,1,unchanged
BU04060001,De Noord,BU04060001,De Noord,100.0,1,1,unchanged
BU04060002,De Zuid,BU04060002,De Zuid,100.0,1,1,unchanged
BU04060103,Westereng,BU04060103,Westereng,100.0,1,1,unchanged
BU04060204,Flevo,BU04060204,Flevo,100.0,1,1,unchanged
BU04060205,Bikbergen,BU04060205,Bikbergen,100.0,1,1,unchanged
BU04060206,Crailo,BU04060206,Crailo,100.0,1,1,unchanged
BU04060307,Thames,BU04060307,Thames,100.0,1,1,unchanged
BU04060308,IJzeren veld,BU04060308,IJzeren veld,100.0,1,1,unchanged
BU04060327,Parrewijn,BU04060327,Parrewijn,100.0,1,1,unchanged
BU04060328,Tafelberger Heide,BU04060328,Tafelberger Heide,100.0,1,1,unchanged
BU04060329,Rijsbergen,BU04060329,Rijsbergen,100.0,1,1,unchanged
BU04060330,Huizerhoogt,BU04060330,Huizerhoogt,100.0,1,1,unchanged
BU04060409,Sijsjesberg,BU04060409,Sijsjesberg,100.0,1,1,unchanged
BU04060410,Zuidereng,BU04060410,Zuidereng,100.0,1,1,unchanged
BU04060511,Gooierhoofd,BU04060511,Gooierhoofd,99.8,2,1,unchanged
BU04060512,Wolfskamer,BU04060512,Wolfskamer,100.0,2,1,unchanged
BU04060513,Industriewijk 't Plaveen,BU04060513,Industriewijk 't Plaveen,99.8,2,1,unchanged
BU04060614,Bovenweg,BU04060614,Bovenweg,100.0,1,1,unchanged
BU04060615,Zenderwijk,BU04060615,Zenderwijk,100.0,1,1,unchanged
BU04060716,Stad en Lande,BU04060716,Stad en Lande,100.0,1,1,unchanged
BU04060817,Huizermaat West,BU04060817,Huizermaat West,100.0,1,1,unchanged
BU04060818,Huizermaat Zuid,BU04060818,Huizermaat Zuid,100.0,1,1,unchanged
BU04060919,Huizermaat Noord,BU04060919,Huizermaat Noord,100.0,2,1,unchanged
BU04061020,Bijvanck Noord,BU04061020,Bijvanck Noord,100.0,1,1,unchanged
BU04061021,Bijvanck West,BU04061021,Bijvanck West,100.0,1,1,unchanged
BU04061123,Bovenmaat Noord,BU04061123,Bovenmaat Noord,100.0,2,1,unchanged
BU04061124,Bovenmaat West,BU04061124,Bovenmaat West,100.0,1,1,unchanged
BU04061125,Bovenmaat-Oost,BU04061125,Bovenmaat-Oost,100.0,1,1,unchanged
BU04061226,Filosofenbuurt,BU04061226,Filosofenbuurt,100.0,2,1,unchanged
BU04061231,De Tuit,BU04061231,De Tuit,100.0,1,1,unchanged
BU04069997,,BU04069997,Groot binnenwater,99.8,6,1,unchanged
BU04150000,Landsmeer,BU04150306,Buitengebied,57.3,8,4,merged
BU04150001,Plan Centrum-Noord,BU04150301,Oude dorp,65.9,3,1,split
BU04150002,Plan Centrum-Zuid,BU04150304,Havenzathe,96.6,2,1,split
BU04150003,Plan Centrum-West,BU04150303,Luijendijk-zuid,47.0,4,1,split
BU04150009,Verspreide huizen ten oosten van Landsmeer,BU04150306,Buitengebied,100.0,1,4,recoded
BU04150101,Purmerland,BU04150306,Buitengebied,50.9,2,4,merged
BU04150102,Den Ilp,BU04150306,Buitengebied,64.6,5,4,merged
BU04160000,Oudkarspel,BU19800105,Buitengebied Oudkarspel,67.8,6,1,split
BU04160001,Noord-Scharwoude,BU19800205,Buitengebied Noord-Scharwoude,50.1,13,1,split
BU04160002,Zuid-Scharwoude,BU19800306,Buitengebied Zuid-Scharwoude,38.1,15,1,split
BU04160003,Broek op Langedijk,BU19800407,Buitengebied Broek op Langedijk,20.3,13,1,split
BU04160004,Laanweg en Waarddijk,BU19800103,Laanweg en Waarddijk,100.0,1,1,recoded (gemeente change)
BU04160005,Sint Pancras,BU19800501,Sint-Pancras kern,47.3,5,1,split
BU04160006,Koedijk,BU19800602,Geestmerambacht,63.3,6,1,split
BU04170000,Laren-Dorpskern,BU04170320,Laren-Centrum,98.9,4,1,split
BU04170001,Laren-Zevenend,BU04170328,Zevenend,97.8,6,1,split
BU04170002,Laren-Oostereng,BU04170323,Oostereng,95.5,5,1,split
BU04170003,Laren-Steenbergen,BU04170327,Steenbergen,87.9,6,1,split
BU04170004,Laren-Zwarte Berg,BU04170329,Zwarte Berg,93.0,4,1,split
BU04170005,Laren-Omloop,BU04170322,Omloop,97.0,4,1,split
BU04170006,Laren-Rijksweg,BU04170325,Rijksweg-Noord,53.2,5,1,split
BU04170007,Laren-Natuurgebied,BU04170321,Laren-Natuurgebied,98.5,5,1,split
BU04200000,Oude Stad,BU04200101,Medemblik Oude Stad,59.2,7,1,split
BU04200001,Koggenwijk,BU04200104,Medemblik Koggenwijk,94.6,7,1,split
BU04200002,Industrieterrein,BU04200107,Medemblik Bedrijventerrein,97.7,3,1,split
BU04200003,Randwijk en Gildewijk,BU04200105,Medemblik Randwijk en Gildenwijk,97.2,5,1,split
BU04200004,Vlietwijk,BU04200109,Medemblik Zuiderzee,45.1,5,1,split
BU04200009,Brake,BU04200110,Medemblik Buitengebied,79.4,13,1,split
BU04200100,Centrum Wognum,BU04200809,Wognum Buitengebied,55.7,11,4,merged
BU04200101,Oosteinde,BU04200809,Wognum Buitengebied,51.2,6,4,merged
BU04200102,Wadway (gedeeltelijk),BU04200809,Wognum Buitengebied,89.7,3,4,merged
BU04200109,Verspreide huizen langs Zomerdijk,BU04200809,Wognum Buitengebied,99.2,4,4,recoded
BU04200200,Nibbixwoud en Wijzend,BU04201003,Nibbixwoud Buitengebied,79.0,11,1,split
BU04200300,Zwaagdijk-West,BU04200902,Zwaagdijk-West Buitengebied,83.7,5,1,split
BU04200400,Midwoud,BU04201102,Midwoud Buitengebied,61.8,6,1,split
BU04200401,Oostwoud,BU04201202,Oostwoud Buitengebied,81.0,8,1,split
BU04200500,Sijbekarspel,BU04200602,Sijbekarspel Buitengebied,99.5,4,1,recoded
BU04200501,Benningbroek-West,BU04200702,Benningbroek Buitengebied,82.6,4,2,merged
BU04200502,Benningbroek-Oost,BU04200702,Benningbroek Buitengebied,74.2,6,2,merged
BU04200600,Hauwert,BU04201301,Hauwert,89.8,6,1,split
BU04200700,Twisk,BU04200302,Twisk Buitengebied,66.6,7,1,split
BU04200800,Opperdoes,BU04200202,Opperdoes Buitengebied,73.2,6,1,split
BU04200900,Abbekerk,BU04200502,Abbekerk Buitengebied,76.1,4,1,split
BU04200901,Lambertschaag,BU04200401,Lambertschaag,80.2,2,1,split
BU04201000,Centrum Andijk,BU04201601,Andijk Centrum,26.1,6,1,split
BU04201001,Midden,BU04201610,Andijk Buitengebied,52.8,7,3,merged
BU04201002,Oost,BU04201610,Andijk Buitengebied,71.4,8,3,merged
BU04201003,Bangert,BU04201610,Andijk Buitengebied,80.4,7,3,merged
BU04201100,Centrum (West) Wervershoof,BU04201505,Wervershoof Buitengebied,87.7,7,3,merged
BU04201101,Onderdijk,BU04201508,Wervershoof Onderdijk Buitengebied,67.4,10,1,split
BU04201102,Centrum (Oost) wervershoof,BU04201505,Wervershoof Buitengebied,57.4,6,3,merged
BU04201103,Driehuizen,BU04201505,Wervershoof Buitengebied,65.9,6,3,merged
BU04201200,Zwaagdijk-Oost,BU04201403,Zwaagdijk-Oost Buitengebied,56.3,9,1,split
BU04209997,,BU04209997,Groot binnenwater,99.9,7,1,unchanged
BU04240000,Vesting Muiden,BU19420400,Vesting Muiden,99.9,2,1,recoded (gemeente change)
BU04240001,Nieuw Muiden,BU19420401,Krijgsman,100.0,2,1,recoded (gemeente change)
BU04240002,Muiderberg,BU19420402,Muiderberg,99.3,3,1,recoded (gemeente change)
BU04240003,Mariahoeve Muiden,BU19420403,Mariahoeve Muiden,100.0,1,1,recoded (gemeente change)
BU04240004,Buitendijken Muiderberg,BU19420404,Buitendijken Muiderberg,100.0,1,1,recoded (gemeente change)
BU04240008,Verspreide huizen ten westen van de Vecht,BU19420408,Pampusweg,48.0,7,1,split
BU04240009,Verspreide huizen ten oosten van de Vecht,BU19420410,Noordpolder,98.8,4,1,split
BU04249997,,BU19429997,Groot binnenwater,99.9,8,2,recoded (gemeente change)
BU04250001,Naarden Vesting,BU19420501,Naarden Vesting,100.0,1,1,recoded (gemeente change)
BU04250002,Tuindorp Keverdijk,BU19420502,Tuindorp Keverdijk,100.0,1,1,recoded (gemeente change)
BU04250003,Naarderbos,BU19420503,Naarderwoonbos,95.2,3,1,split
BU04250004,Industriepark Naarden,BU19420504,Bedrijvenpark Gooimeer-Zuid,100.0,1,1,recoded (gemeente change)
BU04250006,Oranje Nassaupark Noord,BU19420506,Oranje Nassaupark-Noord,99.4,2,1,recoded (gemeente change)
BU04250007,Oranje Nassaupark Zuid,BU19420507,Oranje Nassaupark-Zuid,72.4,2,1,split
BU04250008,Ministerpark,BU19420508,Ministerpark,90.1,2,1,split
BU04250009,Beethovenpark,BU19420509,Componistenkwartier,100.0,1,1,recoded (gemeente change)
BU04250010,Rembrandtpark,BU19420510,Rembrandtpark,95.7,2,1,split
BU04250011,Bos van Bredius,BU19420515,Bos van Bredius-Zuid,73.3,2,1,split
BU04250012,Valkeveen,BU19420512,Valkeveen,99.4,3,1,recoded (gemeente change)
BU04250013,Naardermeer,BU19420513,Naardermeer,100.0,1,1,recoded (gemeente change)
BU04250055,Bedrijvenpark Gooimeer,BU19420555,Bedrijvenpark Gooimeer-Noord,100.0,1,1,recoded (gemeente change)
BU04250065,Vierhoven,BU19420565,Vierhoven,100.0,1,1,recoded (gemeente change)
BU04250085,Zuid-West III,BU19420585,De Fortlanden,100.0,1,1,recoded (gemeente change)
BU04259997,,BU19429997,Groot binnenwater,99.8,3,2,recoded (gemeente change)
BU04310000,Kerkbuurt,BU04310000,Kerkbuurt,100.0,1,1,unchanged
BU04310001,Zuideinde,BU04310001,Zuideinde,100.0,1,1,unchanged
BU04310002,Kerkstraat,BU04310002,Kerkstraat,100.0,1,1,unchanged
BU04310003,De Haal en De Heul en Noordeinde,BU04310003,De Haal en De Heul en Noordeinde,100.0,1,1,unchanged
BU04320000,Opmeer-Noord,BU04320112,Opmeer Buiten,24.2,20,1,split
BU04320001,"Opmeer-Zuid, Spanbroek (gedeeltelijk)",BU04320204,Spanbroekerweg Buiten,44.5,19,1,split
BU04320002,Zandwerven en Lutkedijk,BU04320202,Zandwerven,90.4,4,1,split
BU04320003,Wadway,BU04320203,Zomerdijk,57.2,4,1,split
BU04320007,Verspreide huizen in De Kaag,BU04320201,Kaag,98.4,4,1,split
BU04320009,Overige verspreide huizen,BU04320101,Opmeer West,100.0,2,1,recoded
BU04320100,Hoogwoud,BU04320302,Koningspade,37.8,18,1,split
BU04320101,Aartswoud,BU04320404,Braakpolder en Kolk van Dussen,55.2,8,1,split
BU04320102,Langereis (gedeeltelijk),BU04320301,Langereis,76.8,4,1,split
BU04320103,Gouwe,BU04320315,Gouwe,97.8,3,1,split
BU04320200,De Weere,BU04320501,Buitenweere Noord,47.1,5,1,split
BU04370000,Ouderkerk aan de Amstel,BU04370000,Ouderkerk aan de Amstel,100.0,1,1,unchanged
BU04370001,Duivendrecht,BU04370001,Duivendrecht,100.0,1,1,unchanged
BU04370002,Industriegebied Amstel,BU04370002,Industriegebied Amstel,100.0,1,1,unchanged
BU04370006,Verspreide huizen in de Rondehoeppolder,BU04370006,Verspreide huizen in de Rondehoeppolder,100.0,1,1,unchanged
BU04370007,Verspreide huizen in de Duivendrechtsche polder,BU04370007,Verspreide huizen in de Duivendrechtsche polder,100.0,1,1,unchanged
BU04370008,Verspreide huizen in de Bullewijker polder,BU04370008,Verspreide huizen in de Bullewijker polder,100.0,1,1,unchanged
BU04370009,Verspreide huizen langs De Bullewijk en De Hole,BU04370009,Verspreide huizen langs De Bullewijk en De Hole,100.0,1,1,unchanged
BU04390101,Binnenstad,BU04390101,Binnenstad,100.0,1,1,unchanged
BU04390102,Stationsbuurt,BU04390102,Stationsbuurt,100.0,1,1,unchanged
BU04390103,Zuiderpolder,BU04390103,Zuiderpolder,100.0,1,1,unchanged
BU04390201,Overwhere-Zuid,BU04390201,Overwhere-Zuid,100.0,1,1,unchanged
BU04390202,De Koog,BU04390202,De Koog,100.0,1,1,unchanged
BU04390203,Wagenweg,BU04390203,Wagenweg,100.0,1,1,unchanged
BU04390204,Overwhere-Noord,BU04390204,Overwhere-Noord,100.0,1,1,unchanged
BU04390205,Molenkoog,BU04390205,Molenkoog,100.0,1,1,unchanged
BU04390301,Wheermolen-West,BU04390301,Wheermolen-West,100.0,1,1,unchanged
BU04390302,Wheermolen-Oost,BU04390302,Wheermolen-Oost,100.0,1,1,unchanged
BU04390303,Dwarsgouw,BU04390303,Dwarsgouw,100.0,1,1,unchanged
BU04390401,Gors-Zuid,BU04390401,Gors-Zuid,100.0,1,1,unchanged
BU04390402,Gors-Noord,BU04390402,Gors-Noord,100.0,1,1,unchanged
BU04390501,Overlanderstraat en omgeving,BU04390501,Overlanderstraat en omgeving,100.0,1,1,unchanged
BU04390502,Werktuigenbuurt,BU04390502,Werktuigenbuurt,100.0,1,1,unchanged
BU04390503,Maten- en Zuivelbuurt,BU04390503,Maten- en Zuivelbuurt,100.0,1,1,unchanged
BU04390504,De Graeffweg en omgeving,BU04390504,De Graeffweg en omgeving,100.0,1,1,unchanged
BU04390505,Baanstee en omgeving,BU04390505,Baanstee en omgeving,100.0,1,1,unchanged
BU04390506,Golfterrein en verspreide bebouwing,BU04390506,Golfterrein en verspreide bebouwing,100.0,1,1,unchanged
BU04390601,Purmer-Zuid/Noord,BU04390601,Purmer-Zuid/Noord,100.0,1,1,unchanged
BU04390602,Purmer-Zuid/Zuid,BU04390602,Purmer-Zuid/Zuid,100.0,1,1,unchanged
BU04390603,Purmerbos en verspreide bebouwing,BU04390603,Purmerbos en verspreide bebouwing,100.0,1,1,unchanged
BU04390701,Hazepolder,BU04390701,Hazepolder,100.0,1,1,unchanged
BU04390702,Azië,BU04390702,Azië,100.0,1,1,unchanged
BU04390703,Amerika,BU04390703,Amerika,100.0,1,1,unchanged
BU04390704,Afrika,BU04390704,Afrika,100.0,1,1,unchanged
BU04390705,Europa,BU04390705,Europa,100.0,1,1,unchanged
BU04410000,Schagen,BU04411001,Schagen-Centrum,29.6,9,1,split
BU04410001,Nesdijk,BU04411801,Nesdijk,78.1,6,1,split
BU04410002,Groeneweg,BU04411803,Groeneweg-Noord,64.9,6,1,split
BU04410003,Waldervaart-Noord,BU04411602,Waldervaart-Noordwest,57.1,6,1,split
BU04410004,Waldervaart-Zuid,BU04411601,Waldervaart-Zuid,91.0,6,1,split
BU04410005,Muggenburg,BU04410201,Muggenburg,54.4,5,1,split
BU04410006,Verspreide huizen ten oosten van Schagen,BU04411790,Nes en Buitengebied,92.6,9,1,split
BU04410007,Verspreide huizen ten zuiden van Schagen,BU04411691,Tjallewal en Buitengebied,44.7,14,1,split
BU04410008,Verspreide huizen ten noorden van het kanaal Stolpen,BU04411890,"Keinse, 't Wad en Buitengebied",99.3,8,1,recoded
BU04410009,Verspreide huizen ten westen van Schagen,BU04411690,Burghorn en Buitengebied,87.5,9,1,split
BU04410101,Tuitjenhorn en Kerkbuurt,BU04410690,Buitengebied Tuitjenhorn,35.1,8,1,split
BU04410102,Dirkshorn,BU04410890,Buitengebied Dirkshorn,56.0,8,2,merged
BU04410103,Landelijk gebied Dirkshorn,BU04410890,Buitengebied Dirkshorn,98.6,7,2,merged
BU04410104,Landelijk gebied Waarland,BU04410790,Buitengebied Waarland,98.9,3,2,merged
BU04410105,Waarland,BU04410790,Buitengebied Waarland,55.4,2,2,merged
BU04410106,Kalverdijk,BU04410601,Kalverdijk,44.9,4,1,split
BU04410201,Sint Maarten,BU04410490,Buitengebied Sint Maarten,71.6,8,1,split
BU04410202,Stroet,BU04410492,Groenveld en Buitengebied,37.0,7,2,merged
BU04410203,Valkkoog,BU04410491,Valkkoog en Buitengebied,97.6,4,1,split
BU04410204,Eenigenburg,BU04410494,Eenigenburg en Buitengebied,95.9,6,1,split
BU04410205,Verspreide huizen Rijpje,BU04410493,'t Rijpje en Buitengebied,50.9,7,1,split
BU04410206,Verspreide huizen Groenveld,BU04410492,Groenveld en Buitengebied,75.6,8,2,merged
BU04410301,Warmenhuizen-West,BU04410590,Buitengebied Warmenhuizen,34.9,9,3,merged
BU04410302,Warmenhuizen-Oost,BU04410590,Buitengebied Warmenhuizen,50.4,8,3,merged
BU04410303,Schoorldam (gedeeltelijk),BU04410506,Schoorldam,51.3,2,2,merged
BU04410304,Krabbendam,BU04410591,Krabbendam en Buitengebied,74.9,5,1,split
BU04410305,Rekerlanden,BU04410506,Schoorldam,100.0,1,2,recoded
BU04410306,Landelijk gebied Warmenhuizen,BU04410590,Buitengebied Warmenhuizen,98.1,8,3,merged
BU04410401,Schagerbrug,BU04410190,'t Buurtje en Buitengebied,37.8,10,1,split
BU04410402,Sint Maartensbrug,BU04411290,Buitengebied Sint Maartensbrug,88.2,7,1,split
BU04410403,Burgerbrug,BU04410390,Buitengebied Burgerbrug,89.9,6,1,split
BU04410404,'t Zand,BU04411390,Buitengebied 't Zand-Oost,42.5,11,1,split
BU04410405,Oudesluis,BU04410990,Buitengebied Oudesluis,90.5,5,1,split
BU04410406,Petten,BU04411190,Buitengebied Petten,68.6,6,1,split
BU04410407,Callantsoog,BU04411592,Buitengebied Callantsoog-Noord,45.5,8,1,split
BU04410408,Sint Maartensvlotbrug,BU04411490,Buitengebied Sint Maartensvlotbrug,46.7,12,1,split
BU04410409,Burgervlotbrug,BU04410391,Burgervlotbrug en Buitengebied,62.5,3,1,split
BU04419998,,BU04419998,Buitenwater,96.1,6,1,split
BU04480000,Den Burg,BU04480000,Den Burg,100.0,1,1,unchanged
BU04480001,De Koog,BU04480001,De Koog,98.8,2,1,split
BU04480002,Oosterend,BU04480002,Oosterend,100.0,1,1,unchanged
BU04480003,De Waal,BU04480003,De Waal,100.0,1,1,unchanged
BU04480004,Oudeschild,BU04480004,Oudeschild,100.0,2,1,unchanged
BU04480005,Den Hoorn,BU04480005,Den Hoorn,100.0,1,1,unchanged
BU04480007,Verspreide huizen Op Het Oude Land,BU04480007,Verspreide huizen Op Het Oude Land,100.0,2,1,unchanged
BU04480008,"Verspreide huizen De Kuil, Hoornder Nieuwland",BU04480008,"Verspreide huizen De Kuil, Hoornder Nieuwland",100.0,2,1,unchanged
BU04480009,Verspreide huizen De Koog en het Duingebied,BU04480009,Verspreide huizen De Koog en het Duingebied,95.6,2,1,split
BU04480100,De Cocksdorp,BU04480100,De Cocksdorp,99.9,2,1,unchanged
BU04480107,Verspreide huizen in de polders Eierland en Eendracht,BU04480107,Verspreide huizen in de polders Eierland en Eendracht,99.9,3,1,unchanged
BU04480108,Verspreide huizen in de polder Het Noorden,BU04480108,Verspreide huizen in de polder Het Noorden,100.0,2,1,unchanged
BU04480109,Verspreide huizen in de polders Burger Nieuwland,BU04480109,Verspreide huizen in de polders Burger Nieuwland,100.0,1,1,unchanged
BU04489998,,BU04489998,Buitenwater,98.8,10,1,split
BU04500001,De Koog,BU04500001,De Koog,100.0,1,1,unchanged
BU04500002,De Kleis,BU04500002,De Kleis,100.0,1,1,unchanged
BU04500003,Waldijk,BU04500003,Waldijk,100.0,1,1,unchanged
BU04500004,Oude Dorp,BU04500004,Oude Dorp,100.0,1,1,unchanged
BU04500005,Bedrijventerrein,BU04500005,Bedrijventerrein,100.0,1,1,unchanged
BU04500006,Buitengebied,BU04500006,Buitengebied,100.0,1,1,unchanged
BU04511500,Dorpscentrumcentrum,BU04511500,Dorpscentrumcentrum,100.0,1,1,unchanged
BU04512500,Thamerdal,BU04512500,Thamerdal,100.0,1,1,unchanged
BU04513500,Zijdelwaard,BU04513500,Zijdelwaard,100.0,1,1,unchanged
BU04514500,Legmeer,BU04514500,Legmeer,100.0,3,1,unchanged
BU04515000,Langs de Vuurlinie,BU04515000,Langs de Vuurlinie,100.0,1,1,unchanged
BU04515500,Veilinggebied,BU04515500,Veilinggebied,100.0,1,1,unchanged
BU04516500,Meerwijk,BU04516500,Meerwijk,100.0,1,1,unchanged
BU04517500,Bedrijventerrein,BU04517500,Bedrijventerrein,100.0,1,1,unchanged
BU04518500,Meerwijk,BU04518500,Meerwijk,100.0,1,1,unchanged
BU04519000,Glastuinbouwgebied,BU04519000,Glastuinbouwgebied,100.0,1,1,unchanged
BU04519500,Veenweidegebied,BU04519500,Veenweidegebied,100.0,1,1,unchanged
BU04530000,Velsen-Dorp,BU04530000,Velsen-Dorp,100.0,2,1,unchanged
BU04530001,Velserbeek,BU04530001,Velserbeek,100.0,1,1,unchanged
BU04530002,Velsen-Oost,BU04530002,Velsen-Oost,100.0,1,1,unchanged
BU04530003,Kapelbuurt,BU04530003,Kapelbuurt,100.0,1,1,unchanged
BU04530004,Kriemhildebuurt,BU04530004,Kriemhildebuurt,100.0,1,1,unchanged
BU04530005,Driehuis-Dorp,BU04530005,Driehuis-Dorp,100.0,1,1,unchanged
BU04530100,Lagersbuurt,BU04530100,Lagersbuurt,100.0,1,1,unchanged
BU04530101,Heidebuurt,BU04530101,Heidebuurt,100.0,1,1,unchanged
BU04530102,Zeeheldenbuurt,BU04530102,Zeeheldenbuurt,100.0,1,1,unchanged
BU04530103,Verzetsheldenbuurt,BU04530103,Verzetsheldenbuurt,100.0,1,1,unchanged
BU04530104,Natuurkundigenbuurt,BU04530104,Natuurkundigenbuurt,100.0,2,1,unchanged
BU04530105,Kikvorsbuurt,BU04530105,Kikvorsbuurt,100.0,1,1,unchanged
BU04530106,Stadhuisbuurt,BU04530106,Stadhuisbuurt,100.0,1,1,unchanged
BU04530200,Tussenbeeksbuurt,BU04530200,Tussenbeeksbuurt,100.0,1,1,unchanged
BU04530201,Vogelbuurt,BU04530201,Vogelbuurt,100.0,1,1,unchanged
BU04530202,Bomenbuurt,BU04530202,Bomenbuurt,100.0,1,1,unchanged
BU04530203,Velseroord,BU04530203,Velseroord,100.0,1,1,unchanged
BU04530204,Paterskerkbuurt,BU04530204,Paterskerkbuurt,100.0,2,1,unchanged
BU04530205,Schildersbuurt,BU04530205,Schildersbuurt,100.0,1,1,unchanged
BU04530206,Rivierenbuurt,BU04530206,Rivierenbuurt,100.0,1,1,unchanged
BU04530300,Moerbergbuurt,BU04530300,Moerbergbuurt,100.0,1,1,unchanged
BU04530301,Vissersbuurt,BU04530301,Vissersbuurt,100.0,1,1,unchanged
BU04530302,Oud-IJmuiden,BU04530302,Oud-IJmuiden,100.0,2,1,unchanged
BU04530303,Zuidzijdebuurt,BU04530303,Zuidzijdebuurt,99.4,3,1,unchanged
BU04530400,Herculesbuurt,BU04530400,Herculesbuurt,100.0,1,1,unchanged
BU04530401,Canopusbuurt,BU04530401,Canopusbuurt,100.0,2,1,unchanged
BU04530402,Saturnusbuurt,BU04530402,Saturnusbuurt,100.0,1,1,unchanged
BU04530403,Schiplaanbuurt,BU04530403,Schiplaanbuurt,100.0,1,1,unchanged
BU04530404,Bellatrixbuurt,BU04530404,Bellatrixbuurt,100.0,1,1,unchanged
BU04530405,Kruisbergbuurt,BU04530405,Kruisbergbuurt,100.0,1,1,unchanged
BU04530406,Keetbergbuurt,BU04530406,Keetbergbuurt,100.0,1,1,unchanged
BU04530500,Gildenbuurt,BU04530500,Gildenbuurt,100.0,1,1,unchanged
BU04530501,Westerwijkbuurt,BU04530501,Westerwijkbuurt,100.0,2,1,unchanged
BU04530502,Van Gelderbuurt,BU04530502,Van Gelderbuurt,100.0,1,1,unchanged
BU04530503,Duinvlietbuurt,BU04530503,Duinvlietbuurt,100.0,1,1,unchanged
BU04530504,Watervlietbuurt,BU04530504,Watervlietbuurt,100.0,1,1,unchanged
BU04530505,Wijkermeerbuurt,BU04530505,Wijkermeerbuurt,100.0,1,1,unchanged
BU04530506,Staalbuurt,BU04530506,Staalbuurt,100.0,1,1,unchanged
BU04530507,Reyndersbuurt,BU04530507,Reyndersbuurt,100.0,1,1,unchanged
BU04530600,Kerkpadbuurt,BU04530600,Kerkpadbuurt,100.0,2,1,unchanged
BU04530601,Biezenbuurt,BU04530601,Biezenbuurt,100.0,2,1,unchanged
BU04530602,West-Indische buurt,BU04530602,West-Indische buurt,100.0,3,1,unchanged
BU04530603,Santpoort-Dorp,BU04530603,Santpoort-Dorp,100.0,1,1,unchanged
BU04530604,Bloemenbuurt,BU04530604,Bloemenbuurt,100.0,1,1,unchanged
BU04530605,Kerkerinkbuurt,BU04530605,Kerkerinkbuurt,100.0,2,1,unchanged
BU04530606,Spanjaardsbergbuurt,BU04530606,Spanjaardsbergbuurt,100.0,1,1,unchanged
BU04530607,Santhaesbuurt,BU04530607,Santhaesbuurt,100.0,1,1,unchanged
BU04530608,Duinenbuurt,BU04530608,Duinenbuurt,100.0,1,1,unchanged
BU04530700,Neethofbuurt,BU04530700,Neethofbuurt,100.0,1,1,unchanged
BU04530701,Rijkersparkbuurt,BU04530701,Rijkersparkbuurt,100.0,1,1,unchanged
BU04530702,Blekersbuurt,BU04530702,Blekersbuurt,100.0,1,1,unchanged
BU04530703,Eltabuurt,BU04530703,Eltabuurt,100.0,1,1,unchanged
BU04530800,Hofgeest,BU04530800,Hofgeest,100.0,2,1,unchanged
BU04530801,Maadbuurt,BU04530801,Maadbuurt,100.0,1,1,unchanged
BU04530802,Weidbuurt,BU04530802,Weidbuurt,100.0,2,1,unchanged
BU04530803,Pijlkruidbuurt,BU04530803,Pijlkruidbuurt,100.0,1,1,unchanged
BU04530804,Florarondebuurt,BU04530804,Florarondebuurt,100.0,1,1,unchanged
BU04530805,Bastionbuurt,BU04530805,Bastionbuurt,100.0,1,1,unchanged
BU04530806,Springerbuurt,BU04530806,Springerbuurt,100.0,1,1,unchanged
BU04530807,Tjotterbuurt,BU04530807,Tjotterbuurt,100.0,1,1,unchanged
BU04530808,Westbroekbuurt,BU04530808,Westbroekbuurt,100.0,1,1,unchanged
BU04530900,Noord-Spaarndammerpolder,BU04530900,Noord-Spaarndammerpolder,100.0,1,1,unchanged
BU04530901,Zuid-Spaarndammerpolder,BU04530901,Zuid-Spaarndammerpolder,100.0,1,1,unchanged
BU04539998,,BU04539998,Buitenwater,98.2,5,1,split
BU04570000,Centrum,BU0363SD03,Weesp Centrum,77.4,9,1,split
BU04570001,Plan Zuid,BU0363SD02,Bedrijventerrein Van Houten,60.0,10,1,split
BU04570002,Plan Noord,BU0363SC05,Weesp Dichtersbuurt,66.4,7,1,split
BU04570003,Hogewey,BU0363SC01,Bedrijventerrein-Noord Weesp,53.0,11,1,split
BU04570004,Aetsveld,BU0363SE02,Aetsveld-Zuid,34.3,6,1,split
BU04570007,Verspreide huizen Aetsveldsepolder,BU0363SE01,Aetsveldsepolder,99.9,4,1,recoded (gemeente change)
BU04570008,Verspreide huizen oostelijke Vechtoever,BU0363SE04,Oostelijke Vechtoever,99.1,7,1,recoded (gemeente change)
BU04570009,Bloemendalerpolder,BU0363SB03,Lanenrijk,33.5,6,1,split
BU04730101,Boulevard Noord,BU04730101,Boulevard Noord,100.0,1,1,unchanged
BU04730102,Stations omgeving,BU04730102,Stations omgeving,100.0,1,1,unchanged
BU04730103,Oud Noord,BU04730103,Oud Noord,100.0,1,1,unchanged
BU04730104,Nieuw Noord - bedrijven,BU04730104,Nieuw Noord - bedrijven,100.0,1,1,unchanged
BU04730105,Nieuw Noord - wonen,BU04730105,Nieuw Noord - wonen,100.0,1,1,unchanged
BU04730106,Sport Circuit,BU04730106,Sport Circuit,100.0,1,1,unchanged
BU04730107,Recreatiepark,BU04730107,Recreatiepark,100.0,1,1,unchanged
BU04730201,Boulevard Midden,BU04730201,Boulevard Midden,100.0,1,1,unchanged
BU04730202,Boulevard Zuid,BU04730202,Boulevard Zuid,100.0,1,1,unchanged
BU04730203,Brederode- Gerkestraat e.o.,BU04730203,Brederode- Gerkestraat e.o.,100.0,1,1,unchanged
BU04730204,Zandvoortselaan,BU04730204,Zandvoortselaan,100.0,1,1,unchanged
BU04730205,Kostverloren e.o.,BU04730205,Kostverloren e.o.,100.0,1,1,unchanged
BU04730206,Centrum,BU04730206,Centrum,100.0,1,1,unchanged
BU04730301,Bentveld Noord,BU04730302,Bentveld Zuid,66.5,2,1,split
BU04730401,Noord strand,BU04730401,Noord strand,100.0,1,1,unchanged
BU04730402,Zuid strand,BU04730402,Zuid strand,90.5,2,1,split
BU04730403,Zuid duinen,BU04730403,Zuid duinen,100.0,1,1,unchanged
BU04730404,Noord duinen,BU04730404,Noord duinen,100.0,1,1,unchanged
BU04739998,,BU04739998,Buitenwater,99.4,3,1,unchanged
BU04780000,Beets,BU03850301,Beets,98.6,2,1,split
BU04780100,Oosthuizen,BU03850401,Oosthuizen,91.4,7,1,split
BU04780101,De Watering,BU03850402,De Watering,96.5,3,1,split
BU04780200,Warder,BU03850501,Warder,99.6,4,1,recoded (gemeente change)
BU04780300,Middelie,BU03850601,Middelie,98.9,5,1,split
BU04780400,Kwadijk,BU03850701,Kwadijk,99.6,3,1,recoded (gemeente change)
BU04780500,Schardam,BU03850801,Schardam,98.6,3,1,split
BU04780600,Hobrede,BU03850901,Hobrede,98.5,4,1,split
BU04789997,,BU03859997,Groot binnenwater,100.0,4,2,recoded (gemeente change)
BU04791110,Achtersluispolder,BU04791112,Achtersluispolder,67.3,7,1,split
BU04791120,Bomenbuurt,BU04791122,Bomenbuurt,55.9,5,1,split
BU04791130,Burgemeestersbuurt,BU04791132,Prins Hendrikbuurt,49.5,8,1,split
BU04791210,Poelenburg,BU04791213,Poelenburg Zuid,42.9,7,1,split
BU04791310,Peldersveld,BU04791311,Peldersveld West,57.6,4,1,split
BU04791320,Hoornseveld,BU04791321,Hoornseveld,69.3,8,1,split
BU04791410,Rosmolenbuurt,BU04791412,Rosmolenbuurt West,57.6,7,1,split
BU04791510,Kogerveld,BU04791512,Kogerveld,56.0,7,1,split
BU04791520,Boerejonkerbuurt,BU04791521,Boerejonkerbuurt,55.1,7,1,split
BU04791610,Kalf,BU04791612,Kalf,73.9,8,1,split
BU04791620,Kalverpolder,BU04791620,Zaanse Schans,98.5,5,1,split
BU04792110,Havenbuurt,BU04792112,Hembrugterrein,61.8,9,1,split
BU04792120,Zuiderhout,BU04792122,Zuiderhout,57.1,3,1,split
BU04792130,Het Eiland,BU04792130,Het Eiland,83.0,4,1,split
BU04792140,Russische buurt,BU04792140,Russische buurt,88.9,6,1,split
BU04792210,Oud West,BU04792210,Oud West,96.2,5,1,split
BU04792220,Spoorbuurt,BU04792220,Spoorbuurt,80.7,5,1,split
BU04792230,Schilders- en Waddenbuurt,BU04792230,Schilders- en Waddenbuurt,97.4,6,1,split
BU04792310,Westerspoor,BU04792311,Westerspoor,44.0,12,1,split
BU04792320,Westerwatering,BU04792321,Westzijderveld Midden,48.1,11,1,split
BU04793110,Oud Koog,BU04793110,Oud Koog,98.7,5,1,split
BU04793210,Westerkoog,BU04793213,Westerkoog Oost,40.7,9,1,split
BU04794110,Oud Zaandijk,BU04794110,Oud Zaandijk,97.9,6,1,split
BU04794210,Rooswijk,BU04794211,Rooswijk,91.0,5,1,split
BU04794220,Rooswijk Noord,BU04794213,Guisveld Zuid,52.4,7,1,split
BU04795110,Wormerveer Zuid,BU04795110,Wormerveer Zuid,96.4,4,1,split
BU04795120,Guisveld,BU04795120,Guisveld,99.2,3,1,unchanged
BU04795130,Wormerveer Noord,BU04795131,Wormerveer Centrum,39.4,7,1,split
BU04795140,Karnemelksepolder,BU04795140,Karnemelksepolder,99.6,2,1,unchanged
BU04795150,Westknollendam,BU04795150,Westknollendam,91.2,3,1,split
BU04795160,Industriebuurt,BU04795160,Industriebuurt,98.3,9,1,split
BU04796110,Zuiderhoofdbuurt,BU04796110,Zuiderhoofdbuurt,94.6,7,1,split
BU04796120,Noorderhoofdbuurt,BU04796120,Noorderhoofdbuurt,97.8,5,1,split
BU04796130,Snuiverbuurt,BU04796130,Snuiverbuurt,96.6,6,1,split
BU04796140,Rosariumbuurt,BU04796140,Rosariumbuurt,97.1,4,1,split
BU04796210,Zuiderham,BU04796210,Zuiderham,99.1,6,1,unchanged
BU04796220,Noorderham,BU04796220,Noorderham,98.2,4,1,split
BU04796230,Krommeniedijk,BU04796230,Krommeniedijk,98.6,6,1,split
BU04796240,Willis,BU04796240,Willis,72.2,5,1,split
BU04797110,De Zuid,BU04797110,De Zuid,99.2,6,1,unchanged
BU04797120,Centrum,BU04797120,Centrum,97.6,5,1,split
BU04797130,Westerpolder,BU04797130,Westerpolder,99.4,4,1,unchanged
BU04797210,Waterrijk,BU04797211,Noorderveen,67.7,11,1,split
BU04797220,Langeheit,BU04797221,Langeheit Oost,64.9,8,1,split
BU04797230,Parkrijk,BU04797231,De Omzoom,50.8,7,1,split
BU04798110,Westzanerpolder,BU04798110,Westzanerpolder,99.6,3,1,unchanged
BU04798120,Westzaan Zuid,BU04798120,Westzaan Zuid,88.0,6,1,split
BU04798130,J.J. Allanbuurt,BU04798130,J.J. Allanbuurt,97.9,6,1,split
BU04798140,Westzaan Noord,BU04798140,Westzaan Noord,99.6,5,1,unchanged
BU04798150,Middel,BU04798150,Middel,90.5,5,1,split
BU04820101,Cortgene,BU04820101,Cortgene,100.0,1,1,unchanged
BU04820102,Redersbuurt,BU04820102,Redersbuurt,100.0,1,1,unchanged
BU04820103,kerkbuurt,BU04820103,kerkbuurt,100.0,1,1,unchanged
BU04820104,Polderbuurt,BU04820104,Polderbuurt,100.0,1,1,unchanged
BU04820105,De Werven,BU04820105,De Werven,100.0,1,1,unchanged
BU04820201,Dijk,BU04820201,Dijk,100.0,1,1,unchanged
BU04820202,Vogelbuurt,BU04820202,Vogelbuurt,100.0,1,1,unchanged
BU04820203,Waterland,BU04820203,Waterland,100.0,1,1,unchanged
BU04820204,Groene Long,BU04820204,Groene Long,100.0,1,1,unchanged
BU04820205,Rivierenbuurt,BU04820205,Rivierenbuurt,100.0,1,1,unchanged
BU04820206,Nieuw Kinderdijk,BU04820206,Nieuw Kinderdijk,100.0,1,1,unchanged
BU04820301,Zeelt,BU04820301,Zeelt,100.0,1,1,unchanged
BU04820302,Middelland,BU04820302,Middelland,100.0,1,1,unchanged
BU04820303,Blokweer Noord,BU04820303,Blokweer Noord,100.0,1,1,unchanged
BU04820304,Blokweer Zuid,BU04820304,Blokweer Zuid,100.0,1,1,unchanged
BU04820305,Drentsebuurt,BU04820305,Drentsebuurt,100.0,1,1,unchanged
BU04820306,Florabuurt,BU04820306,Florabuurt,100.0,1,1,unchanged
BU04820307,Staatsliedenbuurt,BU04820307,Staatsliedenbuurt,100.0,1,1,unchanged
BU04820401,Schildersbuurt,BU04820401,Schildersbuurt,100.0,1,1,unchanged
BU04820402,Schrijversbuurt,BU04820402,Schrijversbuurt,100.0,1,1,unchanged
BU04820403,Klein Alblas,BU04820403,Klein Alblas,100.0,1,1,unchanged
BU04820404,Oranjebuurt,BU04820404,Oranjebuurt,100.0,1,1,unchanged
BU04820501,Vinkenwaard,BU04820501,Vinkenwaard,100.0,1,1,unchanged
BU04820502,Hoogendijk,BU04820502,Hoogendijk,100.0,1,1,unchanged
BU04820503,Nieuwland,BU04820503,Nieuwland,100.0,1,1,unchanged
BU04820601,Polder Blokweer,BU04820601,Polder Blokweer,100.0,1,1,unchanged
BU04820602,Polder Kortland,BU04820602,Polder Kortland,100.0,1,1,unchanged
BU04820603,Polder Souburgh,BU04820603,Polder Souburgh,100.0,1,1,unchanged
BU04820604,Polder Vinkenwaard,BU04820604,Polder Vinkenwaard,100.0,1,1,unchanged
BU04840101,Gnephoek,BU04840101,Gnephoek,100.0,8,1,unchanged
BU04840102,Woubrugseweg,BU04840102,Woubrugseweg,99.4,4,1,unchanged
BU04840103,Heuvelweg,BU04840103,Heuvelweg,100.0,6,1,unchanged
BU04840104,Weteringpark,BU04840104,Weteringpark,100.0,4,1,unchanged
BU04840105,Ambachtenbuurt,BU04840106,Ambachtenbuurt-Oost,62.6,5,1,split
BU04840106,Heimanswetering,BU04840107,Bedrijventerrein Heimanswetering,100.0,4,1,recoded
BU04840107,Stromenbuurt,BU04840108,Stromenbuurt,100.0,3,1,recoded
BU04840108,Nuovaweg,BU04840109,Nuovaweg,100.0,4,1,recoded
BU04840109,Groenoord,BU04840110,Groenoord,100.0,4,1,recoded
BU04840110,De Heul,BU04840111,De Heul,100.0,4,1,recoded
BU04840201,Ridderbuurt,BU04840201,Ridderbuurt,100.0,6,1,unchanged
BU04840202,Herenweg,BU04840202,Herenweg,100.0,4,1,unchanged
BU04840203,Horstenbuurt,BU04840203,Horstenbuurt-Noord,55.2,6,1,split
BU04840204,Burgtenbuurt,BU04840205,Burgtenbuurt,100.0,4,1,recoded
BU04840205,Preludeweg,BU04840206,Preludeweg,100.0,4,1,recoded
BU04840206,Componistenbuurt,BU04840208,Componistenbuurt-Zuid,55.0,4,1,split
BU04840207,Rijnoord,BU04840209,Rijnoord,100.0,4,1,recoded
BU04840208,Planetenbuurt,BU04840210,Planetenbuurt-Noord,54.5,6,1,split
BU04840301,Steinenbuurt,BU04840301,Steinenbuurt,100.0,3,1,unchanged
BU04840302,Paddestoelenbuurt,BU04840302,Paddestoelenbuurt,100.0,4,1,unchanged
BU04840303,Ericapark,BU04840303,Ericapark,100.0,4,1,unchanged
BU04840304,Weidebloemenbuurt,BU04840305,Weidebloemenbuurt-Zuid,66.3,3,1,split
BU04840305,Kromme Aar,BU04840307,Kromme Aar,100.0,4,1,recoded
BU04840306,Edelstenenbuurt,BU04840306,Edelstenenbuurt,100.0,3,1,unchanged
BU04840401,Leidse Schouw,BU04840401,Bedrijventerrein Rijnhaven-West,100.0,3,1,unchanged
BU04840402,Rijnhaven,BU04840402,Bedrijventerrein Rijnhaven-Oost,88.8,6,1,split
BU04840403,Zeeheldenbuurt,BU04840403,Zeeheldenbuurt,100.0,3,1,unchanged
BU04840404,Bomenbuurt,BU04840404,Bomenbuurt,100.0,3,1,unchanged
BU04840405,Bospark,BU04840405,Bospark,100.0,3,1,unchanged
BU04840501,Emmalaan,BU04840501,Emmalaan,100.0,4,1,unchanged
BU04840502,Burgemeester Visserpark,BU04840502,Burgemeester Visserpark,100.0,4,1,unchanged
BU04840503,Paradijslaan,BU04840503,Paradijslaan,100.0,3,1,unchanged
BU04840504,Hazeveld,BU04840504,Hazeveld,65.5,5,1,split
BU04840505,Gouwsluis,BU04840505,Gouwsluis,100.0,3,1,unchanged
BU04840506,De Schans,BU04840506,Bedrijventerrein De Schans I,100.0,3,1,unchanged
BU04840601,Nieuwe Sloot,BU04840601,Nieuwe Sloot,100.0,3,1,unchanged
BU04840602,Lijsterlaan,BU04840602,Lijsterlaan,100.0,3,1,unchanged
BU04840603,De Bijlen,BU04840605,De Bijlen,100.0,2,1,recoded
BU04840604,Van Boetzelaerstraat,BU04840603,Van Boetzelaerstraat,99.8,3,1,recoded
BU04840605,Beerendrecht,BU04840604,Beerendrecht,100.0,4,1,recoded
BU04840701,Kortsteekterbuurt,BU04840701,Steekterbuurt,100.0,3,2,unchanged
BU04840702,Steekterbuurt,BU04840701,Steekterbuurt,100.0,4,2,recoded
BU04840703,Hoogendoornlaan,BU04840702,Hoogendoornlaan,100.0,3,1,recoded
BU04840801,Molenwetering,BU04840801,Bedrijventerrein Molenwetering,100.0,7,1,unchanged
BU04840802,Europaplein,BU04840802,Europaplein,100.0,5,1,unchanged
BU04840803,Evenaar West,BU04840803,Evenaar-West,100.0,3,1,unchanged
BU04840804,De Oude Wereld,BU04840805,De Oude Wereld-Oost,53.0,6,1,split
BU04840805,Evenaar Oost,BU04840806,Evenaar-Oost,100.0,4,1,recoded
BU04840806,Zefierzijde,BU04840807,Zefierzijde,48.7,6,1,split
BU04840807,Archeon,BU04840809,Archeon,100.0,4,1,recoded
BU04840808,Polderpeil,BU04840810,Polderpeil-West,60.7,5,1,split
BU04840809,De Vork,BU04840812,Bedrijventerrein De Schans II,100.0,3,1,recoded
BU04840901,Rietveldsepad,BU04840901,Rietveldsepad,100.0,7,1,unchanged
BU04843166,Benthuizen-Dorp,BU04843101,Noordpolder,39.1,5,2,merged
BU04843167,Noordpolder,BU04843101,Noordpolder,100.0,3,2,recoded
BU04843168,Bentwoud,BU04843104,Bentwoud,100.0,2,1,recoded
BU04844592,Noordeinde,BU04844501,Noordeinde,100.0,4,1,recoded
BU04844593,Hoge Dijk,BU04844502,Hoge Dijk,100.0,2,1,recoded
BU04844594,Aarlanderveen Dorp,BU04844503,Aarlanderveen Dorp,100.0,3,1,recoded
BU04844595,Zuideinde,BU04844504,Zuideinde,100.0,3,1,recoded
BU04847046,Boskoop,BU04847014,Zuidwijk,26.3,10,1,split
BU04847047,Snijdelwijk,BU04847013,Botanicusbuurt,34.3,6,1,split
BU04847048,Otweg en Rijneveld,BU04847003,Rijneveld-Zuid,53.7,6,1,split
BU04847049,Nesse en Halve Raak,BU04847002,Rijneveld-Noord,41.6,4,1,split
BU04847050,Spoelwijk,BU04847015,Spoelwijk,74.2,5,1,split
BU04847196,Ziende,BU04847101,Zwammerdam Dorp,100.0,1,2,recoded
BU04847197,Zwammerdam Dorp,BU04847101,Zwammerdam Dorp,100.0,3,2,recoded
BU04847198,Hooge Burch,BU04847102,Hooge Burch,100.0,3,1,recoded
BU04847199,De Burcht,BU04847103,De Burcht,100.0,2,1,recoded
BU04849101,Dorpsstraat,BU04849101,Buitengebied Hazerswoude-Dorp,44.4,5,2,merged
BU04849102,Voorweg,BU04849105,Voorweg,57.8,5,2,merged
BU04849103,Rietveld,BU04849102,Rietveldse polder,100.0,3,1,recoded
BU04849104,Plan Zuid,BU04849104,Hazerswoude-Dorp-Oost,60.1,2,1,split
BU04849105,Hazerswoude-Dorp West,BU04849103,Hazerswoude-Dorp-West,64.1,3,1,split
BU04849106,Buitengebied Hazerswoude-Dorp Noord,BU04849101,Buitengebied Hazerswoude-Dorp,84.2,6,2,merged
BU04849107,Buitengebied Hazerswoude-Dorp Zuid,BU04849105,Voorweg,50.1,4,2,merged
BU04849437,Rijndijk,BU04849401,Rijndijk,69.2,7,1,split
BU04849438,Rhynenburch,BU04849403,Zonneveld,60.7,4,1,split
BU04849439,Zonneveld,BU04849404,Buitengebied Hazerswoude-Rijndijk,99.4,2,2,recoded
BU04849440,Buitengebied Hazerswoude-Rijndijk,BU04849404,Buitengebied Hazerswoude-Rijndijk,93.8,7,2,merged
BU04849674,Dorpsstraat Koudekerk,BU04849601,Buitengebied Koudekerk aan den Rijn,63.1,6,4,merged
BU04849675,Plan Dorp Oost,BU04849602,Koudekerk aan den Rijn-Noord,56.6,2,2,merged
BU04849676,Weidedreef,BU04849602,Koudekerk aan den Rijn-Noord,91.8,3,2,merged
BU04849677,Hoogewaard,BU04849604,Bedrijventerrein Hoogewaard,99.6,5,1,recoded
BU04849678,Hondsdijk,BU04849601,Buitengebied Koudekerk aan den Rijn,100.0,3,4,recoded
BU04849679,Lagewaard,BU04849601,Buitengebied Koudekerk aan den Rijn,81.3,5,4,merged
BU04849680,Buitengebied Koudekerk,BU04849601,Buitengebied Koudekerk aan den Rijn,100.0,2,4,recoded
BU04890101,Centrum,BU04890101,Centrum,100.0,1,1,unchanged
BU04890102,Centrum Oost,BU04890102,Centrum Oost,100.0,1,1,unchanged
BU04890103,Centrum West,BU04890103,Centrum West,100.0,1,1,unchanged
BU04890204,Noord 1,BU04890204,Noord 1,100.0,1,1,unchanged
BU04890205,Noord 2,BU04890205,Noord 2,100.0,1,1,unchanged
BU04890206,Noord 3,BU04890206,Noord 3,100.0,1,1,unchanged
BU04890207,Noord 4,BU04890207,Noord 4,100.0,1,1,unchanged
BU04890308,Binnenland,BU04890308,Binnenland,100.0,1,1,unchanged
BU04890409,Oranjewijk 1,BU04890409,Oranjewijk 1,100.0,1,1,unchanged
BU04890410,Oranjewijk 2,BU04890410,Oranjewijk 2,100.0,1,1,unchanged
BU04890511,Buitenoord 1,BU04890511,Buitenoord 1,100.0,1,1,unchanged
BU04890512,Buitenoord 2,BU04890512,Buitenoord 2,100.0,1,1,unchanged
BU04890513,Buitenoord 3,BU04890513,Buitenoord 3,100.0,1,1,unchanged
BU04890614,Ter Leede,BU04890614,Ter Leede,100.0,1,1,unchanged
BU04890715,Paddewei,BU04890715,Paddewei,100.0,1,1,unchanged
BU04890816,Molenvliet 1,BU04890816,Molenvliet 1,100.0,1,1,unchanged
BU04890817,Molenvliet 2,BU04890817,Molenvliet 2,100.0,1,1,unchanged
BU04890918,Nieuweland 1,BU04890918,Nieuweland 1,100.0,1,1,unchanged
BU04890919,Nieuweland 2,BU04890919,Nieuweland 2,100.0,1,1,unchanged
BU04890920,Nieuweland 3,BU04890920,Nieuweland 3,100.0,1,1,unchanged
BU04890921,Nieuweland 4,BU04890921,Nieuweland 4,100.0,1,1,unchanged
BU04890922,Nieuweland 5,BU04890922,Nieuweland 5,100.0,1,1,unchanged
BU04891023,Dorpzicht,BU04891023,Dorpzicht,100.0,1,1,unchanged
BU04891124,Bijdorp,BU04891124,Bijdorp,100.0,1,1,unchanged
BU04891225,Smitshoek,BU04891225,Smitshoek,100.0,1,1,unchanged
BU04891226,Smitshoek 1,BU04891226,Smitshoek 1,100.0,1,1,unchanged
BU04891227,Smitshoek 2,BU04891227,Smitshoek 2,100.0,1,1,unchanged
BU04891328,Voordijk,BU04891328,Voordijk,100.0,1,1,unchanged
BU04891429,Meerwede Noordoost,BU04891429,Meerwede Noordoost,100.0,1,1,unchanged
BU04891430,Meerwede Noordwest,BU04891430,Meerwede Noordwest,100.0,1,1,unchanged
BU04891431,Meerwede Zuidoost,BU04891431,Meerwede Zuidoost,100.0,1,1,unchanged
BU04891432,Meerwede Zuidwest,BU04891432,Meerwede Zuidwest,100.0,1,1,unchanged
BU04891533,Waterkant,BU04891533,Waterkant,100.0,1,1,unchanged
BU04891634,Havenkwartier,BU04891634,Havenkwartier,100.0,1,1,unchanged
BU04891735,Gaatkensoog,BU04891735,Gaatkensoog,100.0,1,1,unchanged
BU04891836,Riederhoek,BU04891836,Riederhoek,100.0,1,1,unchanged
BU04891937,Vrijheidsakker,BU04891937,Vrijheidsakker,100.0,1,1,unchanged
BU04892039,Vrijenburg,BU04892039,Vrijenburg,100.0,1,1,unchanged
BU04893050,Sportpark Smitshoek,BU04893050,Sportpark Smitshoek,100.0,1,1,unchanged
BU04893051,Sint Clarabos,BU04893051,Sint Clarabos,100.0,1,1,unchanged
BU04893052,Vrijenburgbos,BU04893052,Vrijenburgbos,100.0,1,1,unchanged
BU04893053,Kooiwalbos,BU04893053,Kooiwalbos,100.0,1,1,unchanged
BU04893054,Dordtsestraatweg,BU04893054,Dordtsestraatweg,100.0,1,1,unchanged
BU04893160,Koedood,BU04893160,Koedood,100.0,1,1,unchanged
BU04893161,Achterzeedijk West,BU04893161,Achterzeedijk West,100.0,1,1,unchanged
BU04893162,Achterzeedijk Oost,BU04893162,Achterzeedijk Oost,100.0,1,1,unchanged
BU04893163,Noldijk,BU04893163,Noldijk,100.0,1,1,unchanged
BU04893164,Kilweg,BU04893164,Kilweg,100.0,1,1,unchanged
BU04895070,BT Reijerswaard,BU04895070,BT Reijerswaard,100.0,1,1,unchanged
BU04895071,BT Cornelisland,BU04895071,BT Cornelisland,100.0,1,1,unchanged
BU04895072,BT Dierenstein,BU04895072,BT Dierenstein,100.0,1,1,unchanged
BU04895073,BT Veiling,BU04895073,BT Veiling,100.0,1,1,unchanged
BU04895074,BT Handelscentrum,BU04895074,BT Handelscentrum,100.0,1,1,unchanged
BU04895075,BT Gebroken Meeldijk,BU04895075,BT Gebroken Meeldijk,100.0,1,1,unchanged
BU04895076,BT Ziedewij,BU04895076,BT Ziedewij,100.0,1,1,unchanged
BU04895077,BT Bijdorp,BU04895077,BT Bijdorp,100.0,1,1,unchanged
BU04895078,BT Kilweg Noord,BU04895078,BT Kilweg Noord,100.0,1,1,unchanged
BU04895080,BT Achterzeedijk,BU04895080,BT Achterzeedijk,100.0,1,1,unchanged
BU04895081,BT Vaanpark 1,BU04895081,BT Vaanpark 1,100.0,1,1,unchanged
BU04895082,BT Vaanpark 2,BU04895082,BT Vaanpark 2,100.0,1,1,unchanged
BU04895083,BT Vaanpark 3,BU04895083,BT Vaanpark 3,100.0,1,1,unchanged
BU04895084,BT Vaanpark 4,BU04895084,BT Vaanpark 4,100.0,1,1,unchanged
BU04980000,Centrum Hoogkarspel,BU04980000,Buitengebied Noord,33.5,9,1,split
BU04980001,Ten westen van Tolweg,BU04980001,Ten westen van de Tolweg,46.9,9,1,split
BU04980009,Wijzend,BU04980010,Buitengebied Zuid,98.3,8,1,split
BU04980100,Westwoud,BU04980100,Westwoud,99.5,6,1,unchanged
BU04980101,Oudijk,BU04980101,Oudijk,98.7,2,1,split
BU04980109,Binnenwijzend,BU04980109,Binnenwijzend,99.6,5,1,unchanged
BU04980200,Oosterblokker,BU04980200,Oosterblokker,81.8,7,1,split
BU04980300,Centrum Venhuizen,BU04980300,Centrum Venhuizen,98.7,4,1,split
BU04980301,De Buurt,BU04980301,De Buurt,100.0,2,1,unchanged
BU04980302,Hem,BU04980601,Hem,94.6,6,1,split
BU04980306,De Hout en Blokdijk,BU04980600,De Hout en Blokdijk Hem,59.5,8,1,split
BU04980307,"Drieban (gedeeltelijk), Hem",BU04980602,"Drieban (gedeeltelijk), Hem",71.3,7,1,split
BU04980308,"Drieban (gedeeltelijk), Venhuizen",BU04980308,"Drieban (gedeeltelijk), Venhuiz",72.5,4,1,split
BU04980309,Zuiderdijk,BU04980309,Zuiderdijk,81.9,5,1,split
BU04980400,Wijdenes,BU04980400,Wijdenes,99.7,5,1,unchanged
BU04980401,Oosterleek,BU04980401,Drieban Wijdenes,57.6,6,1,split
BU04980500,Schellinkhout,BU04980500,Schellinkhout,80.6,4,1,split
BU04989997,,BU04989997,Groot binnenwater,100.0,7,1,unchanged
BU05010000,Brielle,BU19923000,Brielle,100.0,1,1,recoded (gemeente change)
BU05010001,Spuilaan en omgeving,BU19923001,Spuilaan en omgeving,100.0,1,1,recoded (gemeente change)
BU05010002,De Kapel en omgeving,BU19923002,De Kapel en omgeving,100.0,1,1,recoded (gemeente change)
BU05010003,Rugge,BU19923003,Rugge,100.0,1,1,recoded (gemeente change)
BU05010004,Noord Meeuwenoord,BU19923004,Noord Meeuwenoord,100.0,1,1,recoded (gemeente change)
BU05010005,Kleine Goote,BU19923005,Kleine Goote,100.0,1,1,recoded (gemeente change)
BU05010006,Nieuwland,BU19923006,Nieuwland,100.0,1,1,recoded (gemeente change)
BU05010009,Verspreide huizen,BU19923009,Verspreide huizen,100.0,1,1,recoded (gemeente change)
BU05010100,Vierpolders,BU19923100,Vierpolders,100.0,1,1,recoded (gemeente change)
BU05010109,Verspreide huizen,BU19923109,Verspreide huizen,100.0,1,1,recoded (gemeente change)
BU05010200,Zwartewaal,BU19923200,Zwartewaal,100.0,1,1,recoded (gemeente change)
BU05010201,Tuindorp-Hofstede,BU19923201,Tuindorp-Hofstede,100.0,1,1,recoded (gemeente change)
BU05010202,Zalmlaan,BU19923202,Zalmlaan,100.0,1,1,recoded (gemeente change)
BU05010209,Verspreide huizen,BU19923209,Verspreide huizen,100.0,1,1,recoded (gemeente change)
BU05010300,Recreatiestrook Brielse Maas,BU19923300,Recreatiestrook Brielse Maas,100.0,1,1,recoded (gemeente change)
BU05020110,IJsseldijk,BU05020110,IJsseldijk,100.0,2,1,unchanged
BU05020111,Redebuurt,BU05020111,Redebuurt,100.0,3,1,unchanged
BU05020112,Industrieterrein-West,BU05020112,Rendier/Navigatiebuurt,100.0,3,1,unchanged
BU05020113,Zeeheldenbuurt-West,BU05020113,Zeeheldenbuurt-west,100.0,2,1,unchanged
BU05020114,Zeeheldenbuurt-Oost,BU05020114,Zeeheldenbuurt-oost,99.7,4,1,unchanged
BU05020115,Chopin-buurt,BU05020115,Chopinbuurt,100.0,5,1,unchanged
BU05020116,Bizet-buurt,BU05020116,Bizetbuurt,100.0,2,1,unchanged
BU05020117,Paganini-buurt,BU05020117,Paganinibuurt,100.0,3,1,unchanged
BU05020118,Rossini-buurt,BU05020118,Rossinibuurt,100.0,2,1,unchanged
BU05020119,Puccini-buurt,BU05020119,Puccinibuurt,100.0,3,1,unchanged
BU05020223,Reviusbuurt,BU05020223,Reviusbuurt,100.0,3,1,unchanged
BU05020224,Dichtersbuurt,BU05020224,Dichtersbuurt,100.0,4,1,unchanged
BU05020225,Merelbuurt,BU05020225,Merelbuurt,100.0,1,1,unchanged
BU05020226,Schildersbuurt,BU05020226,Schildersbuurt,100.0,2,1,unchanged
BU05020227,Valeriusbuurt,BU05020227,Valeriusbuurt,100.0,2,1,unchanged
BU05020228,Rozenburcht,BU05020228,Rozenburcht,100.0,3,1,unchanged
BU05020229,Oude plaats,BU05020229,Oude Plaats,100.0,3,1,unchanged
BU05020332,Hovenbuurt,BU05020332,Hovenbuurt,99.9,3,1,unchanged
BU05020333,Koperwiek,BU05020333,Koperwiek,100.0,4,1,unchanged
BU05020334,Meeuwenbuurt,BU05020334,Meeuwenbuurt,100.0,4,1,unchanged
BU05020335,Alkenoord,BU05020335,Alkenoord,100.0,3,1,unchanged
BU05020336,Vuykterrein,BU05020336,Vuykterrein,100.0,2,1,unchanged
BU05020337,Oude Kern,BU05020337,Oude Kern,100.0,3,1,unchanged
BU05020338,Kievitlaan,BU05020338,Kievitlaan,100.0,4,1,unchanged
BU05020441,De Baronie,BU05020441,De Baronie,91.5,4,1,split
BU05020442,Diepenbuurt,BU05020442,Diepenbuurt,100.0,1,1,unchanged
BU05020443,Dalenbuurt,BU05020443,Dalenbuurt,100.0,1,1,unchanged
BU05020444,Sportpark Couwenhoek,BU05020444,Couwenhoek,100.0,1,1,unchanged
BU05020445,Eilandenbuurt,BU05020445,Eilandenbuurt,100.0,3,1,unchanged
BU05020446,Waardenbuurt,BU05020446,Waardenbuurt,100.0,4,1,unchanged
BU05020447,AWZI Oostgaarde,BU05020447,AWZI Oostgaarde,93.8,4,1,split
BU05020448,Baaienbuurt,BU05020448,Baaienbuurt,100.0,3,1,unchanged
BU05020449,Paradijssel,BU05020449,Paradijssel,100.0,2,1,unchanged
BU05020551,Beemster en Purmerhoek,BU05020551,Beemster/Purmerhoek,100.0,2,1,unchanged
BU05020552,Schermerhoek,BU05020552,Schermerhoek,100.0,1,1,unchanged
BU05020553,Wormerhoek,BU05020553,Wormerhoek,100.0,3,1,unchanged
BU05020554,Scandinavischebuurt,BU05020554,Scandinavischebuurt,100.0,1,1,unchanged
BU05020555,Amerikaansebuurt,BU05020555,Amerikaansebuurt,100.0,2,1,unchanged
BU05020556,Bergenbuurt,BU05020556,Bergenbuurt,100.0,2,1,unchanged
BU05020557,Molukkenbuurt,BU05020557,Molukkenbuurt,100.0,2,1,unchanged
BU05020621,'s-Gravenweg en Alexanderlaan,BU05020621,'s-Gravenweg/Alexanderlaan,100.0,4,1,unchanged
BU05020622,'s-Gravenpark,BU05020622,'s-Gravenpark,100.0,2,1,unchanged
BU05020631,Stationsbuurt,BU05020631,Stationsbuurt,100.0,4,1,unchanged
BU05020658,Klaverweide,BU05020658,Klaverweide,100.0,3,1,unchanged
BU05020659,Klinkert,BU05020659,Klinkert,100.0,2,1,unchanged
BU05020661,Molenbuurt,BU05020661,Molenbuurt,100.0,1,1,unchanged
BU05020662,Florabuurt,BU05020662,Florabuurt,100.0,2,1,unchanged
BU05020663,Bloemenbuurt-West,BU05020663,Bloemenbuurt-west,100.0,3,1,unchanged
BU05020664,Bloemenbuurt-Oost,BU05020664,Bloemenbuurt-oost,100.0,2,1,unchanged
BU05020665,Akker- en Haagwinde,BU05020665,Akker/Haagwinde,100.0,4,1,unchanged
BU05020666,Sportpark Schenkel,BU05020666,Sportpark Schenkel,100.0,4,1,unchanged
BU05020770,Dansenbuurt-Noord,BU05020770,Dansenbuurt-noord,100.0,3,1,unchanged
BU05020771,Burgenbuurt,BU05020771,Burgenbuurt,100.0,4,1,unchanged
BU05020772,Dansenbuurt-Zuid,BU05020772,Dansenbuurt-zuid,100.0,4,1,unchanged
BU05020773,Ervenbuurt,BU05020773,Ervenbuurt,99.7,4,1,unchanged
BU05020774,Stadsdeelpark,BU05020774,Stadsdeelpark,100.0,6,1,unchanged
BU05020775,Instrumentenbuurt,BU05020775,Instrumentenbuurt,100.0,4,1,unchanged
BU05020776,Kunstenaarsbuurt,BU05020776,Kunstenaarsbuurt,100.0,3,1,unchanged
BU05020777,Operabuurt,BU05020777,Operabuurt,100.0,4,1,unchanged
BU05020778,Gebouwenbuurt,BU05020778,Gebouwenbuurt,100.0,3,1,unchanged
BU05020779,Schildersvormenbuurt,BU05020779,Schildersvormenbuurt,100.0,1,1,unchanged
BU05020880,Hoofdweg Sector E en F,BU05020880,Hoofdweg sector E/F,100.0,4,1,unchanged
BU05020881,Hoofdweg Sector A,BU05020881,Hoofdweg sector A,100.0,3,1,unchanged
BU05020882,Hoofdweg Sector B,BU05020882,Hoofdweg sector B,100.0,3,1,unchanged
BU05020883,Hoofdweg Sector C,BU05020883,Hoofdweg sector C,100.0,2,1,unchanged
BU05020884,Hoofdweg Sector D,BU05020884,Hoofdweg sector D,100.0,2,1,unchanged
BU05020885,Hoofdweg Sector G,BU05020885,Hoofdweg sector G,100.0,3,1,unchanged
BU05020886,Sporenbuurt-West,BU05020886,Sporenbuurt-west,100.0,3,1,unchanged
BU05020887,Sporenbuurt-Oost,BU05020887,Sporenbuurt-oost,100.0,4,1,unchanged
BU05020888,Tuinenbuurt,BU05020888,Tuinenbuurt,100.0,2,1,unchanged
BU05020889,Kunstenaarsbuurt-Noord,BU05020889,Kunstenaarsbuurt-noord,100.0,3,1,unchanged
BU05020991,Fascinatio West,BU05020991,Fascinatio-west,100.0,2,1,unchanged
BU05020992,Fascinatio Oost,BU05020992,Fascinatio-oost,100.0,2,1,unchanged
BU05020993,Capelsebrug,BU05020993,Capelsebrug,100.0,3,1,unchanged
BU05020994,Rijckevorselpark,BU05020994,Rijckevorselpark,100.0,3,1,unchanged
BU05020995,Rivium 1e straat,BU05020995,Rivium 1e straat,100.0,3,1,unchanged
BU05020996,AWZI Rivium,BU05020996,AWZI Rivium,100.0,2,1,unchanged
BU05020997,Rivium 2e straat,BU05020997,Rivium 2e straat,100.0,1,1,unchanged
BU05020998,Rivium Promenade,BU05020998,Rivium Promenade,100.0,1,1,unchanged
BU05031100,Bedrijventerrein Wateringseweg,BU05031100,Bedrijventerrein Wateringseweg,100.0,1,1,unchanged
BU05031101,Centrum-Noord,BU05031101,Centrum-Noord,100.0,1,1,unchanged
BU05031102,Centrum-West,BU05031102,Centrum-West,99.7,2,1,unchanged
BU05031103,Centrum-Oost,BU05031103,Centrum-Oost,100.0,1,1,unchanged
BU05031104,Centrum,BU05031104,Centrum,100.0,1,1,unchanged
BU05031105,Stationsbuurt,BU05031105,Stationsbuurt,93.2,2,1,split
BU05031106,Centrum-Zuidwest,BU05031106,Centrum-Zuidwest,99.9,3,1,unchanged
BU05031107,In de Veste,BU05031107,In de Veste,99.3,2,1,unchanged
BU05031108,Centrum-Zuidoost,BU05031108,Centrum-Zuidoost,100.0,1,1,unchanged
BU05031109,Zuidpoort,BU05031109,Zuidpoort,99.5,3,1,unchanged
BU05031200,Bedrijventerrein Haagweg,BU05031200,Bedrijventerrein Haagweg,100.0,1,1,unchanged
BU05031201,Indische Buurt-Noord,BU05031201,Indische Buurt-Noord,99.9,2,1,unchanged
BU05031202,Indische Buurt-Zuid,BU05031202,Indische Buurt-Zuid,100.0,1,1,unchanged
BU05031203,Sint Joris,BU05031203,Sint Joris,100.0,1,1,unchanged
BU05031204,Koepoort,BU05031204,Koepoort,100.0,1,1,unchanged
BU05031205,Bomenwijk,BU05031205,Bomenwijk,100.0,1,1,unchanged
BU05031206,Biesland,BU05031206,Biesland,100.0,1,1,unchanged
BU05031207,Heilige Land,BU05031207,Heilige Land,100.0,2,1,unchanged
BU05031208,Bedrijventerrein Delftse Poort-West,BU05031208,Bedrijventerrein Delftse Poort-West,99.3,2,1,unchanged
BU05031300,Bedrijventerrein Altena,BU05031300,Bedrijventerrein Altena,99.8,3,1,unchanged
BU05031301,Agnetaparkbuurt,BU05031301,Agnetaparkbuurt,100.0,2,1,unchanged
BU05031302,Ministersbuurt-West,BU05031302,Ministersbuurt-West,100.0,1,1,unchanged
BU05031303,Ministersbuurt-Oost,BU05031303,Ministersbuurt-Oost,97.4,2,1,split
BU05031304,Westeindebuurt,BU05031304,Westeindebuurt,100.0,1,1,unchanged
BU05031305,Olofsbuurt,BU05031305,Olofsbuurt,96.9,4,1,split
BU05031306,Krakeelpolder,BU05031306,Krakeelpolder,100.0,1,1,unchanged
BU05031307,Westerkwartier,BU05031307,Westerkwartier,92.6,4,1,split
BU05031400,Kuyperwijk-Noord,BU05031400,Kuyperwijk-Noord,100.0,2,1,unchanged
BU05031401,Kuyperwijk-Zuid,BU05031401,Kuyperwijk-Zuid,100.0,1,1,unchanged
BU05031402,Ecodus,BU05031402,Ecodus,100.0,2,1,unchanged
BU05031403,Marlot,BU05031403,Marlot,99.8,2,1,unchanged
BU05031404,Westlandhof,BU05031404,Westlandhof,100.0,1,1,unchanged
BU05031405,Hoornse Hof,BU05031405,Hoornse Hof,100.0,1,1,unchanged
BU05031406,Den Hoorn,BU05031406,Den Hoorn,100.0,1,1,unchanged
BU05031407,Molenbuurt,BU05031407,Molenbuurt,100.0,1,1,unchanged
BU05031600,De Bras,BU05031600,De Bras,99.6,2,1,unchanged
BU05031601,Bedrijventerrein Ypenburgsepoort,BU05031601,Bedrijventerrein Ypenburgsepoort,100.0,1,1,unchanged
BU05031602,De Grote Plas,BU05031602,De Grote Plas,99.9,3,1,unchanged
BU05031603,Bedrijventerrein Delftse Poort-Oost,BU05031603,Bedrijventerrein Delftse Poort-Oost,100.0,3,1,unchanged
BU05031604,Hoflaan,BU05031604,Hoflaan,100.0,1,1,unchanged
BU05032200,Bedrijventerrein Tanthof-West,BU05032200,Bedrijventerrein Tanthof-West,100.0,3,1,unchanged
BU05032201,Afrikabuurt-West,BU05032201,Afrikabuurt-West,99.2,4,1,unchanged
BU05032202,Afrikabuurt-Oost,BU05032202,Afrikabuurt-Oost,100.0,1,1,unchanged
BU05032203,Latijns Amerikabuurt,BU05032203,Latijns Amerikabuurt,100.0,1,1,unchanged
BU05032204,Aziëbuurt,BU05032204,Aziëbuurt,100.0,2,1,unchanged
BU05032205,Tanthofkadebuurt,BU05032205,Tanthofkadebuurt,100.0,4,1,unchanged
BU05032300,Bedrijventerrein Tanthof-Oost,BU05032300,Bedrijventerrein Tanthof-Oost,100.0,2,1,unchanged
BU05032301,Boerderijbuurt,BU05032301,Boerderijbuurt,100.0,1,1,unchanged
BU05032302,Dierenbuurt,BU05032302,Dierenbuurt,100.0,1,1,unchanged
BU05032303,Vogelbuurt-West,BU05032303,Vogelbuurt-West,100.0,1,1,unchanged
BU05032304,Vogelbuurt-Oost,BU05032304,Vogelbuurt-Oost,100.0,2,1,unchanged
BU05032305,Bosrand,BU05032305,Bosrand,100.0,2,1,unchanged
BU05032400,Poptahof-Noord,BU05032400,Poptahof-Noord,100.0,1,1,unchanged
BU05032401,Poptahof-Zuid,BU05032401,Poptahof-Zuid,100.0,1,1,unchanged
BU05032402,Bedrijventerrein Voorhof,BU05032402,Bedrijventerrein Voorhof,80.9,4,1,split
BU05032403,Mythologiebuurt,BU05032403,Mythologiebuurt,98.0,4,1,split
BU05032404,Aart van der Leeuwbuurt,BU05032404,Aart van der Leeuwbuurt,100.0,2,1,unchanged
BU05032405,Roland Holstbuurt,BU05032405,Roland Holstbuurt,100.0,2,1,unchanged
BU05032406,Voorhof-Hoogbouw,BU05032406,Voorhof-Hoogbouw,100.0,1,1,unchanged
BU05032407,Multatulibuurt,BU05032407,Multatulibuurt,100.0,2,1,unchanged
BU05032408,Bedrijventerrein Vulcanusweg,BU05032408,Bedrijventerrein Vulcanusweg,100.0,2,1,unchanged
BU05032500,Reinier de Graafbuurt,BU05032500,Reinier de Graafbuurt,100.0,1,1,unchanged
BU05032501,Buitenhof-Noord,BU05032501,Buitenhof-Noord,100.0,2,1,unchanged
BU05032502,Juniusbuurt,BU05032502,Juniusbuurt,100.0,1,1,unchanged
BU05032503,Gillisbuurt,BU05032503,Gillisbuurt,100.0,1,1,unchanged
BU05032504,Fledderusbuurt,BU05032504,Fledderusbuurt,100.0,1,1,unchanged
BU05032505,Het Rode Dorp,BU05032505,Het Rode Dorp,100.0,1,1,unchanged
BU05032506,Pijperring,BU05032506,Pijperring,100.0,2,1,unchanged
BU05032507,Verzetstrijdersbuurt,BU05032507,Verzetstrijdersbuurt,100.0,2,1,unchanged
BU05032508,Vrijheidsbuurt,BU05032508,Vrijheidsbuurt,100.0,1,1,unchanged
BU05032509,Buitenhof-Zuid,BU05032509,Buitenhof-Zuid,100.0,3,1,unchanged
BU05032510,Kerkpolder,BU05032510,Kerkpolder,99.8,2,1,unchanged
BU05032600,Abtswoude,BU05032600,Abtswoude,100.0,4,1,unchanged
BU05032700,Delftzicht,BU05032700,Delftzicht,100.0,1,2,unchanged
BU05032701,Bedrijventerrein Zuideinde,BU05032700,Delftzicht,100.0,1,2,recoded
BU05032702,Bedrijventerrein Schieweg-Noord,BU05032702,Bedrijventerrein Schieweg-Noord,98.6,4,1,split
BU05032703,Bedrijventerrein Schieweg-Zuid,BU05032703,Bedrijventerrein Schieweg-Zuid,100.0,3,1,unchanged
BU05032704,Schieweg-Polder,BU05032704,Schieweg-Polder,100.0,2,1,unchanged
BU05032800,Zeeheldenbuurt,BU05032800,Zeeheldenbuurt,100.0,2,1,unchanged
BU05032801,TU-Noord,BU05032801,TU-Noord,99.9,2,1,unchanged
BU05032802,Wippolder-Noord,BU05032802,Wippolder-Noord,100.0,2,1,unchanged
BU05032803,Wippolder-Zuid,BU05032803,Wippolder-Zuid,100.0,1,1,unchanged
BU05032804,Bedrijventerrein Rotterdamseweg-Noord,BU05032804,Bedrijventerrein Rotterdamseweg-Noord,100.0,2,1,unchanged
BU05032805,TU-Campus,BU05032805,TU-Campus,100.0,1,1,unchanged
BU05032806,Professorenbuurt,BU05032806,Professorenbuurt,100.0,1,1,unchanged
BU05032807,Bedrijventerrein Delftech,BU05032810,Schoemakerplantage,62.3,3,1,split
BU05032808,Pauwmolen,BU05032808,Pauwmolen,100.0,2,1,unchanged
BU05032809,Koningsveldbuurt,BU05032809,Koningsveldbuurt,100.0,1,1,unchanged
BU05032900,Bedrijventerrein Rotterdamseweg-Zuid,BU05032900,Bedrijventerrein Rotterdamseweg-Zuid,100.0,4,1,unchanged
BU05032901,Bedrijventerrein Technopolis,BU05032901,Bedrijventerrein Technopolis,99.9,3,1,unchanged
BU05032902,Ackersdijk,BU05032902,Ackersdijk,99.9,3,1,unchanged
BU05050100,Nieuwe Haven en omgeving,BU05050100,Nieuwe Haven en omgeving,100.0,1,1,unchanged
BU05050101,Groenmarkt en omgeving,BU05050101,Groenmarkt en omgeving,100.0,1,1,unchanged
BU05050102,Grote Markt en omgeving,BU05050102,Grote Markt en omgeving,100.0,1,1,unchanged
BU05050103,Wijnstraat en omgeving,BU05050103,Wijnstraat en omgeving,100.0,1,1,unchanged
BU05050104,Kalkhaven,BU05050104,Kalkhaven,100.0,1,1,unchanged
BU05050105,Achterhakkers en omgeving,BU05050105,Achterhakkers en omgeving,100.0,1,1,unchanged
BU05050106,Boogjes en omgeving,BU05050106,Boogjes en omgeving,100.0,1,1,unchanged
BU05050107,Lombard en omgeving,BU05050107,Lombard en omgeving,100.0,1,1,unchanged
BU05050108,Centrum,BU05050108,Centrum,100.0,1,1,unchanged
BU05050109,Augustijnenkamp en omgeving,BU05050109,Augustijnenkamp en omgeving,100.0,1,1,unchanged
BU05050110,Geldelozepad en omgeving,BU05050110,Geldelozepad en omgeving,100.0,1,1,unchanged
BU05050111,Rozenhof en omgeving,BU05050111,Rozenhof en omgeving,100.0,1,1,unchanged
BU05050112,Beverwijcksplein en omgeving,BU05050112,Beverwijcksplein en omgeving,100.0,1,1,unchanged
BU05050113,Burgemeester de Raadtsingel en omgeving,BU05050113,Burgemeester de Raadtsingel en omgeving,100.0,1,1,unchanged
BU05050114,Kon. Wilhelminastraat en omgeving,BU05050114,Kon. Wilhelminastraat en omgeving,100.0,1,1,unchanged
BU05050200,Bleijenhoek,BU05050200,Bleijenhoek,100.0,1,1,unchanged
BU05050201,Stadswerven,BU05050201,Stadswerven,100.0,1,1,unchanged
BU05050202,Lijnbaan,BU05050202,Lijnbaan,100.0,1,1,unchanged
BU05050203,Matena's Pad en omgeving,BU05050203,Matena's Pad en omgeving,100.0,1,1,unchanged
BU05050204,Merwestein-Noord,BU05050204,Merwestein-Noord,100.0,2,1,unchanged
BU05050205,Kasperspad en omgeving,BU05050205,Kasperspad en omgeving,100.0,1,1,unchanged
BU05050206,Park Merwestein en omgeving,BU05050206,Park Merwestein en omgeving,100.0,1,1,unchanged
BU05050300,Zuidendijk,BU05050300,Zuidendijk,100.0,1,1,unchanged
BU05050301,Viottakade en omgeving,BU05050301,Viottakade en omgeving,100.0,1,1,unchanged
BU05050302,Erasmuslaan en omgeving,BU05050302,Erasmuslaan en omgeving,100.0,1,1,unchanged
BU05050303,Breitnerstraat en omgeving,BU05050303,Breitnerstraat en omgeving,100.0,1,1,unchanged
BU05050304,Jacob Marisstraat en omgeving,BU05050304,Jacob Marisstraat en omgeving,100.0,1,1,unchanged
BU05050305,Krispijnse Driehoek,BU05050305,Krispijnse Driehoek,100.0,1,1,unchanged
BU05050306,Jacob Catsstraat en omgeving,BU05050306,Jacob Catsstraat en omgeving,100.0,1,1,unchanged
BU05050307,Rembrandtlaan en omgeving,BU05050307,Rembrandtlaan en omgeving,100.0,1,1,unchanged
BU05050400,Pr. Bernhardstraat en omgeving,BU05050400,Pr. Bernhardstraat en omgeving,100.0,1,1,unchanged
BU05050401,Waldeck Pyrmontweg en omgeving,BU05050401,Waldeck Pyrmontweg en omgeving,100.0,1,1,unchanged
BU05050402,Anna Paulownastraat en omgeving,BU05050402,Anna Paulownastraat en omgeving,100.0,1,1,unchanged
BU05050403,Emmastraat en omgeving,BU05050403,Emmastraat en omgeving,100.0,1,1,unchanged
BU05050404,Bloemenbuurt,BU05050404,Bloemenbuurt,100.0,1,1,unchanged
BU05050405,Weizigtpark,BU05050405,Weizigtpark,100.0,1,1,unchanged
BU05050406,Nieuweweg en omgeving,BU05050406,Nieuweweg en omgeving,100.0,1,1,unchanged
BU05050500,Wantijpark en omgeving,BU05050500,Wantijpark en omgeving,100.0,1,1,unchanged
BU05050501,Transvaalstraat en omgeving,BU05050501,Transvaalstraat en omgeving,100.0,1,1,unchanged
BU05050502,Indische Buurt-Zuid,BU05050502,Indische Buurt-Zuid,100.0,1,1,unchanged
BU05050503,Indische Buurt-Noord,BU05050503,Indische Buurt-Noord,100.0,1,1,unchanged
BU05050504,Boeroestraat en omgeving,BU05050504,Boeroestraat en omgeving,100.0,1,1,unchanged
BU05050505,Vogelplein-Aalscholverstraat en omgeving,BU05050505,Vogelplein-Aalscholverstraat en omgeving,100.0,1,1,unchanged
BU05050506,Hoekenessestraat en omgeving,BU05050506,Hoekenessestraat en omgeving,100.0,1,1,unchanged
BU05050507,Standhasenstraat en omgeving,BU05050507,Standhasenstraat en omgeving,100.0,1,1,unchanged
BU05050508,Heysterbachstraat en omgeving,BU05050508,Heysterbachstraat en omgeving,100.0,1,1,unchanged
BU05050509,Maria Montessorilaan en omgeving,BU05050509,Maria Montessorilaan en omgeving,100.0,1,1,unchanged
BU05050510,Sportterrein Krommedijk,BU05050510,Sportterrein Krommedijk,100.0,1,1,unchanged
BU05050600,Plein 1940-1945 en omgeving,BU05050600,Plein 1940-1945 en omgeving,100.0,1,1,unchanged
BU05050601,Beekmanstraat en omgeving,BU05050601,Beekmanstraat en omgeving,100.0,1,1,unchanged
BU05050602,Noorderkwartier,BU05050602,Noorderkwartier,100.0,1,1,unchanged
BU05050603,Amerstraat en omgeving,BU05050603,Amerstraat en omgeving,100.0,1,1,unchanged
BU05050604,Merwedepolder-West,BU05050604,Merwedepolder-West,100.0,1,1,unchanged
BU05050605,Merwedepolder-Oost,BU05050605,Merwedepolder-Oost,100.0,1,1,unchanged
BU05050606,Spaarbekken,BU05050606,Spaarbekken,100.0,1,1,unchanged
BU05050607,1e Merwedehaven en omgeving,BU05050607,1e Merwedehaven en omgeving,100.0,1,1,unchanged
BU05050608,2e Merwedehaven en omgeving,BU05050608,2e Merwedehaven en omgeving,100.0,1,1,unchanged
BU05050700,Admiraalsplein,BU05050700,Admiraalsplein,100.0,1,1,unchanged
BU05050701,Van Kinsbergenstraat en omgeving,BU05050701,Van Kinsbergenstraat en omgeving,99.8,3,1,unchanged
BU05050702,Cornelis Evertsenstraat en omgeving,BU05050702,Cornelis Evertsenstraat en omgeving,99.5,3,1,unchanged
BU05050703,Dorus Rijkersstraat en omgeving,BU05050703,Dorus Rijkersstraat en omgeving,100.0,1,1,unchanged
BU05050704,Van Ewijckstraat en omgeving,BU05050704,Van Ewijckstraat en omgeving,100.0,1,1,unchanged
BU05050705,Zeehavenlaan en omgeving,BU05050705,Zeehavenlaan en omgeving,100.0,1,1,unchanged
BU05050706,Laan der Verenigde Naties Noord,BU05050706,Laan der Verenigde Naties Noord,100.0,1,1,unchanged
BU05050707,Dordtse Hout,BU05050707,Dordtse Hout,67.8,6,1,split
BU05050800,Crabbehof-Zuid,BU05050800,Crabbehof-Zuid,100.0,1,1,unchanged
BU05050801,Crabbehof-Noord,BU05050801,Crabbehof-Noord,100.0,1,1,unchanged
BU05050802,Zuidhoven,BU05050802,Zuidhoven,100.0,1,1,unchanged
BU05050900,Sterrenburg 1-West,BU05050900,Sterrenburg 1-West,100.0,1,1,unchanged
BU05050901,Sterrenburg 1-Oost,BU05050901,Sterrenburg 1-Oost,100.0,1,1,unchanged
BU05050902,Waterman en omgeving,BU05050902,Waterman en omgeving,100.0,1,1,unchanged
BU05050903,Driehoek en omgeving,BU05050903,Driehoek en omgeving,100.0,1,1,unchanged
BU05050904,Blaauwweg en omgeving,BU05050904,Blaauwweg en omgeving,100.0,1,1,unchanged
BU05050905,Minnaertweg en omgeving,BU05050905,Minnaertweg en omgeving,100.0,1,1,unchanged
BU05050906,Mildenburg en omgeving,BU05050906,Mildenburg en omgeving,100.0,1,1,unchanged
BU05050907,Zuilenburg en omgeving,BU05050907,Zuilenburg en omgeving,100.0,1,1,unchanged
BU05050908,Vredenburg en omgeving,BU05050908,Vredenburg en omgeving,100.0,1,1,unchanged
BU05050909,Wittenstein en omgeving,BU05050909,Wittenstein en omgeving,100.0,1,1,unchanged
BU05050910,Smitsweg,BU05050910,Smitsweg,100.0,1,1,unchanged
BU05051000,Vissersdijk-West,BU05051000,Vissersdijk-West,100.0,1,1,unchanged
BU05051001,Vissersdijk-Beneden,BU05051001,Vissersdijk-Beneden,100.0,1,1,unchanged
BU05051002,Vissersdijk-Oost,BU05051002,Vissersdijk-Oost,100.0,1,1,unchanged
BU05051003,Egstraat en omgeving,BU05051003,Egstraat en omgeving,100.0,1,1,unchanged
BU05051004,Oudendijk en omgeving,BU05051004,Oudendijk en omgeving,100.0,1,1,unchanged
BU05051005,Vissersdijk-Noord,BU05051005,Vissersdijk-Noord,100.0,1,1,unchanged
BU05051006,Dubbeldam-Noord,BU05051006,Dubbeldam-Noord,100.0,1,1,unchanged
BU05051007,Dubbeldam-Zuid,BU05051007,Dubbeldam-Zuid,100.0,1,1,unchanged
BU05051008,Bastion locatie,BU05051008,Bastion locatie,100.0,1,1,unchanged
BU05051009,Locatie Karel Lotsyweg,BU05051009,Locatie Karel Lotsyweg,100.0,1,1,unchanged
BU05051010,Albert Schweitzerplaats,BU05051010,Albert Schweitzerplaats,100.0,1,1,unchanged
BU05051011,De Hoven,BU05051011,De Hoven,100.0,1,1,unchanged
BU05051012,Zuidpolder,BU05051012,Zuidpolder,100.0,1,1,unchanged
BU05051013,Belthure Park,BU05051013,Belthure Park,100.0,1,1,unchanged
BU05051100,Amazone en omgeving,BU05051100,Amazone en omgeving,100.0,1,1,unchanged
BU05051101,Palissander en omgeving,BU05051101,Palissander en omgeving,100.0,1,1,unchanged
BU05051102,Azobe en omgeving,BU05051102,Azobe en omgeving,100.0,1,1,unchanged
BU05051103,Iroko en omgeving,BU05051103,Iroko en omgeving,100.0,1,1,unchanged
BU05051104,Bedrijventerrein Groene Zoom,BU05051104,Bedrijventerrein Groene Zoom,100.0,1,1,unchanged
BU05051105,Van Ravesteijn-erf en omgeving,BU05051105,Van Ravesteijn-erf en omgeving,100.0,1,1,unchanged
BU05051106,Van den Broek-erf en omgeving,BU05051106,Van den Broek-erf en omgeving,100.0,1,1,unchanged
BU05051107,Suze Groeneweg-erf en omgeving,BU05051107,Suze Groeneweg-erf en omgeving,100.0,1,1,unchanged
BU05051108,Joke Smit-erf en omgeving,BU05051108,Joke Smit-erf en omgeving,100.0,1,1,unchanged
BU05051109,Pearl Buck-erf en omgeving,BU05051109,Pearl Buck-erf en omgeving,100.0,1,1,unchanged
BU05051110,Aletta Jacobs-erf en omgeving,BU05051110,Aletta Jacobs-erf en omgeving,100.0,1,1,unchanged
BU05051111,Johanna Naber-erf en omgeving,BU05051111,Johanna Naber-erf en omgeving,100.0,1,1,unchanged
BU05051112,Bildersteeg en omgeving,BU05051112,Bildersteeg en omgeving,100.0,1,1,unchanged
BU05051900,Weeskinderendijk en Dokweg,BU05051900,Weeskinderendijk en Dokweg,100.0,1,1,unchanged
BU05051901,Handelskade en 's-Gravendeelsedijk,BU05051901,Handelskade en 's-Gravendeelsedijk,100.0,1,1,unchanged
BU05051902,Voltastraat en omgeving - De Put,BU05051902,Voltastraat en omgeving - De Put,100.0,1,1,unchanged
BU05051903,Louterbloemen,BU05051903,Louterbloemen,100.0,1,1,unchanged
BU05051904,Wilhelminahaven,BU05051904,Wilhelminahaven,100.0,1,1,unchanged
BU05051905,Julianahaven,BU05051905,Julianahaven,100.0,1,1,unchanged
BU05051906,Krabbegors,BU05051906,Krabbegors,100.0,1,1,unchanged
BU05051907,Krabbepolder,BU05051907,Krabbepolder,100.0,1,1,unchanged
BU05051909,Wieldrecht,BU05051909,Wieldrecht,100.0,1,1,unchanged
BU05051910,Dordtse Kil I,BU05051910,Dordtse Kil I,100.0,1,1,unchanged
BU05051911,Amstelwijck-West,BU05051911,Amstelwijck-West,100.0,1,1,unchanged
BU05051912,Schotman terrein,BU05051912,Schotman terrein,100.0,1,1,unchanged
BU05051913,Locatie Refaja,BU05050709,Amstelwijck Midden,50.5,5,1,split
BU05051914,Amstelwijck,BU05051914,Amstelwijck,59.9,5,1,split
BU05051915,Tweede Tol,BU05051915,Tweede Tol,100.0,1,1,unchanged
BU05051916,Dordtse Kil II,BU05051916,Dordtse Kil II,100.0,1,1,unchanged
BU05051917,Dordtse Kil III,BU05051917,Dordtse Kil III,100.0,1,1,unchanged
BU05051918,Oostkil,BU05051918,Oostkil,100.0,1,1,unchanged
BU05051919,Dordtse Kil IV,BU05051919,Dordtse Kil IV,100.0,1,1,unchanged
BU05059800,Merwelanden,BU05059800,Merwelanden,100.0,1,1,unchanged
BU05059801,3e Merwedehaven,BU05059801,3e Merwedehaven,100.0,1,1,unchanged
BU05059804,Dordtse Biesbosch,BU05059804,Dordtse Biesbosch,99.9,2,1,unchanged
BU05059805,Bovenpolder,BU05059805,Bovenpolder,100.0,1,1,unchanged
BU05059997,,BU05059997,Groot binnenwater,98.2,2,1,split
BU05120101,Bovenstad,BU05120101,Bovenstad,100.0,1,1,unchanged
BU05120102,Benedenstad,BU05120102,Benedenstad,100.0,1,1,unchanged
BU05120200,Wijdschild,BU05120200,Wijdschild,100.0,1,1,unchanged
BU05120300,Lingewijk,BU05120300,Lingewijk,100.0,1,1,unchanged
BU05120403,Haarwijk West,BU05120403,Haarwijk West,100.0,1,1,unchanged
BU05120404,Haarwijk Oost,BU05120404,Haarwijk Oost,100.0,1,1,unchanged
BU05120500,Stalkaarsen,BU05120500,Stalkaarsen,100.0,2,1,unchanged
BU05120600,Gildenwijk,BU05120600,Gildenwijk,100.0,1,1,unchanged
BU05120700,Schelluinsestraat,BU05120700,Schelluinsestraat,100.0,1,1,unchanged
BU05120800,Avelingen Oost,BU05120800,Avelingen Oost,100.0,1,1,unchanged
BU05120900,Avelingen West,BU05120900,Avelingen West,100.0,1,1,unchanged
BU05121000,Molenvliet,BU05121000,Molenvliet,100.0,1,1,unchanged
BU05121105,Laag Dalem I,BU05121105,Laag Dalem I,100.0,1,1,unchanged
BU05121106,Laag Dalem II,BU05121106,Laag Dalem II,100.0,1,1,unchanged
BU05121107,Laag Dalem Oost,BU05121107,Laag Dalem Oost,100.0,1,1,unchanged
BU05121108,Laag Dalem Zuid,BU05121108,Laag Dalem Zuid,100.0,2,1,unchanged
BU05121200,Dalem,BU05121200,Dalem,100.0,1,1,unchanged
BU05121300,Hoog Dalem,BU05121300,Hoog Dalem,100.0,1,1,unchanged
BU05121409,Linge,BU05121409,Linge,100.0,1,1,unchanged
BU05121410,Oost I,BU05121410,Oost I,100.0,3,1,unchanged
BU05121411,Oost II,BU05121411,Oost II,100.0,1,1,unchanged
BU05121500,Papland,BU05121500,Papland,100.0,1,1,unchanged
BU05121600,Schotdeuren,BU05121600,Schotdeuren,100.0,1,1,unchanged
BU05121700,Bedrijventerrein Noord,BU05121700,Bedrijventerrein Noord,100.0,1,1,unchanged
BU05121800,Landelijk gebied West,BU05121800,Landelijk gebied West,100.0,1,1,unchanged
BU05121900,Landelijk gebied Noord,BU05121900,Landelijk gebied Noord,100.0,1,1,unchanged
BU05122000,Landelijk gebied Oost,BU05122000,Landelijk gebied Oost,100.0,1,1,unchanged
BU05122100,Landelijk gebied Zuid,BU05122100,Landelijk gebied Zuid,100.0,1,1,unchanged
BU05130100,Nieuwe Markt en omgeving,BU05130100,Nieuwe Markt e.o.,80.4,6,1,split
BU05130101,De Baan en omgeving,BU05130101,De Baan e.o.,96.8,5,1,split
BU05130102,Turfmarkt en omgeving,BU05130102,Turfmarkt e.o.,91.3,5,1,split
BU05130103,Raam en omgeving,BU05130103,Raam e.o.,95.2,7,1,split
BU05130104,Nieuwe Park-Oost,BU05130104,Nieuwe Park Oost,92.2,4,1,split
BU05130105,Nieuwe Park-West,BU05130105,Nieuwe Park West,90.5,4,1,split
BU05130200,De Korte Akkeren-Oud,BU05130200,De Korte Akkeren Oud,84.3,7,1,split
BU05130201,De Korte Akkeren-Nieuw,BU05130201,De Korte Akkeren Nieuw,97.8,4,1,split
BU05130202,Industrieterrein Kromme Gouwe Oost West,BU05130202,Industrieterrein Kromme Gouwe,94.0,7,1,split
BU05130203,Industrieterrein de Hollandsche IJssel,BU05130203,Industrieterrein Hollandsche IJssel,92.0,6,1,split
BU05130204,Weidebloemkwartier,BU05130204,Weidebloemkwartier,91.8,4,1,split
BU05130300,Boerhaavekwartier,BU05130300,Boerhaavekwartier,89.2,8,1,split
BU05130301,Windrooskwartier en Heesterbuurt,BU05130301,Windrooskwartier en Heesterbuurt,96.3,4,2,merged
BU05130302,Groenhovenkwartier,BU05130302,Groenhovenkwartier,97.7,3,1,split
BU05130303,Bloemendaalseweg,BU05130301,Windrooskwartier en Heesterbuurt,32.3,8,2,merged
BU05130304,De Goudse Poort,BU05130304,De Goudse Poort,86.3,6,1,split
BU05130305,De Gaardenbuurt,BU05130305,Gaardenbuurt,94.6,4,1,split
BU05130400,Hoef- en Veldbuurt,BU05130400,Hoef- en Veldbuurt,43.7,5,1,split
BU05130401,Zomenbuurt,BU05130401,Zomenbuurt,59.4,5,1,split
BU05130402,Hoevenbuurt,BU05130403,"Lusten-, Burgen- en Steinenbuurt",47.9,5,1,split
BU05130403,"Lusten-, Burgen- en Steinenbuurt",BU05130407,Wervenbuurt,35.2,4,2,merged
BU05130404,Grassen- en Waterbuurt,BU05130404,Grassen- Waterbuurt,96.5,4,1,split
BU05130405,Bodegraafsestraatweg,BU05130405,Bodegraafsestraatweg,71.8,4,1,split
BU05130406,Mammoet,BU05130406,De Mammoet,99.9,2,1,unchanged
BU05130407,Wervenbuurt,BU05130407,Wervenbuurt,99.8,2,2,unchanged
BU05130500,Ouwe Gouwe,BU05130500,Ouwe Gouwe,98.0,3,2,merged
BU05130501,Statensingel,BU05130500,Ouwe Gouwe,80.3,3,2,merged
BU05130502,Wethouder Venteweg,BU05130504,Slagenbuurt,47.9,5,2,merged
BU05130503,Achterwillenseweg,BU05130503,Achterwillenseweg,69.9,8,1,split
BU05130504,Slagenbuurt,BU05130504,Slagenbuurt,56.5,2,2,merged
BU05130509,De Goudse Hout,BU05130509,De Goudse Hout,80.1,3,1,split
BU05130600,Oosterwei,BU05130600,Oosterwei,96.5,4,1,split
BU05130601,Vreewijk,BU05130601,Vreewijk,97.4,5,1,split
BU05130602,Voorwillenseweg,BU05130602,Voorwillenseweg,95.0,6,1,split
BU05130603,Kadenbuurt,BU05130603,Kadenbuurt,94.0,8,1,split
BU05130604,Kort Haarlem,BU05130604,Kort Haarlem,90.6,6,1,split
BU05130700,Sportbuurt,BU05130700,Sportbuurt,49.9,6,1,split
BU05130701,Molenbuurt,BU05130701,Molenbuurt,78.9,5,1,split
BU05130702,Polderbuurt,BU05130702,Polderbuurt,96.0,4,1,split
BU05130703,Vrijheidsbuurt,BU05130703,Vrijheidsbuurt,89.7,3,1,split
BU05130704,Componistenbuurt,BU05130704,Componistenbuurt,99.7,2,1,unchanged
BU05130705,Muziekbuurt,BU05130705,Muziekbuurt,61.9,4,1,split
BU05130800,Stolwijkersluis-Oost,BU05130800,Stolwijkersluis Oost,95.1,6,1,split
BU05130809,Stolwijkersluis-West,BU05130809,Stolwijkersluis West,98.5,5,1,split
BU05130900,Gouwestroom,BU05130900,Gouwestroom,94.8,6,1,split
BU05130901,Ringvaartbocht,BU05130901,Ringvaartbocht,95.9,2,1,split
BU05130909,Oostpolder in Schieland,BU05130902,Oostpolder in Schieland,38.2,10,1,split
BU05180170,Oostduinen,BU05180170,Oostduinen,100.0,1,1,unchanged
BU05180271,Belgisch Park,BU05180271,Belgisch Park,99.8,3,1,unchanged
BU05180373,Westbroekpark,BU05180373,Westbroekpark,100.0,2,1,unchanged
BU05180374,Duttendel,BU05180374,Duttendel,100.0,2,1,unchanged
BU05180448,Nassaubuurt,BU05180448,Nassaubuurt,100.0,2,1,unchanged
BU05180475,Uilennest,BU05180475,Uilennest,100.0,1,1,unchanged
BU05180476,Duinzigt,BU05180476,Duinzigt,100.0,1,1,unchanged
BU05180477,Waalsdorp,BU05180477,Waalsdorp,100.0,2,1,unchanged
BU05180478,Arendsdorp,BU05180478,Arendsdorp,100.0,1,1,unchanged
BU05180479,Van Hoytemastraat en omgeving,BU05180479,Van Hoytemastraat e.o.,100.0,2,1,unchanged
BU05180546,Archipelbuurt,BU05180546,Archipelbuurt,100.0,3,1,unchanged
BU05180605,Van Stolkpark en Scheveningse Bosjes,BU05180605,Van Stolkpark en Scheveningse Bosjes,100.0,1,1,unchanged
BU05180701,Oud Scheveningen,BU05180701,Oud Scheveningen,100.0,4,1,unchanged
BU05180702,Vissershaven,BU05180702,Vissershaven,100.0,4,1,unchanged
BU05180703,Scheveningen Badplaats,BU05180703,Scheveningen Badplaats,99.8,5,1,unchanged
BU05180704,Visserijbuurt,BU05180704,Visserijbuurt,100.0,5,1,unchanged
BU05180772,Rijslag,BU05180772,Rijslag,100.0,2,1,unchanged
BU05180800,Duindorp,BU05180800,Duindorp,99.9,2,1,unchanged
BU05180907,Statenkwartier,BU05180907,Statenkwartier,100.0,3,1,unchanged
BU05180908,Geuzenkwartier,BU05180908,Geuzenkwartier,100.0,2,1,unchanged
BU05181041,Zorgvliet,BU05181041,Zorgvliet,100.0,1,1,unchanged
BU05181142,Stadhoudersplantsoen,BU05181142,Stadhoudersplantsoen,100.0,3,1,unchanged
BU05181143,Sweelinckplein en omgeving,BU05181143,Sweelinckplein e.o.,100.0,1,1,unchanged
BU05181250,Bloemenbuurt-West,BU05181250,Bloemenbuurt-West,100.0,2,1,unchanged
BU05181251,Bloemenbuurt-Oost,BU05181251,Bloemenbuurt-Oost,100.0,3,1,unchanged
BU05181252,Bomenbuurt,BU05181252,Bomenbuurt,100.0,1,1,unchanged
BU05181309,Vogelwijk,BU05181309,Vogelwijk,99.9,4,1,unchanged
BU05181481,Bosjes van Pex,BU05181481,Bosjes van Pex,100.0,1,1,unchanged
BU05181492,Bohemen en Meer en Bos,BU05181492,Bohemen en Meer en Bos,100.0,1,1,unchanged
BU05181590,Ockenburgh,BU05181590,Ockenburgh,100.0,3,1,unchanged
BU05181591,Kijkduin,BU05181591,Kijkduin,99.4,2,1,unchanged
BU05181697,Kraayenstein,BU05181697,Kraayenstein en Vroondaal,100.0,1,1,unchanged
BU05181785,Kerketuinen en Zichtenburg,BU05181785,Kerketuinen en Zichtenburg,100.0,1,1,unchanged
BU05181786,Houtwijk,BU05181786,Houtwijk,100.0,3,1,unchanged
BU05181795,Kom Loosduinen,BU05181795,Kom Loosduinen,100.0,1,1,unchanged
BU05181806,Waldeck-Zuid,BU05181806,Waldeck-Zuid,100.0,1,1,unchanged
BU05181840,Nieuw Waldeck,BU05181840,Nieuw Waldeck,100.0,1,1,unchanged
BU05181882,Rosenburg,BU05181882,Rosenburg,100.0,3,1,unchanged
BU05181893,Componistenbuurt,BU05181893,Componistenbuurt,100.0,2,1,unchanged
BU05181894,Waldeck-Noord,BU05181894,Waldeck-Noord,100.0,1,1,unchanged
BU05181953,Vruchtenbuurt,BU05181953,Vruchtenbuurt,100.0,1,1,unchanged
BU05181983,Eykenduinen,BU05181983,Eykenduinen,100.0,2,1,unchanged
BU05182054,Heesterbuurt,BU05182054,Heesterbuurt,100.0,1,1,unchanged
BU05182055,Valkenboskwartier,BU05182055,Valkenboskwartier,100.0,1,1,unchanged
BU05182110,Rond de Energiecentrale,BU05182110,Rond de Energiecentrale,100.0,2,1,unchanged
BU05182144,Koningsplein en omgeving,BU05182144,Koningsplein e.o.,100.0,2,1,unchanged
BU05182245,Zeeheldenkwartier,BU05182245,Zeeheldenkwartier,100.0,2,1,unchanged
BU05182347,Willemspark,BU05182347,Willemspark,100.0,3,1,unchanged
BU05182449,Haagse Bos,BU05182449,Haagse Bos,100.0,1,1,unchanged
BU05182561,Landen,BU05182561,Landen,100.0,1,1,unchanged
BU05182567,Kampen,BU05182567,Kampen,100.0,1,1,unchanged
BU05182568,Marlot,BU05182568,Marlot,100.0,1,1,unchanged
BU05182569,Burgen en Horsten,BU05182569,Burgen en Horsten,100.0,1,1,unchanged
BU05182664,Bezuidenhout-West,BU05182664,Bezuidenhout-West,100.0,2,1,unchanged
BU05182665,Bezuidenhout-Midden,BU05182665,Bezuidenhout-Midden,100.0,1,1,unchanged
BU05182666,Bezuidenhout-Oost,BU05182666,Bezuidenhout-Oost,100.0,1,1,unchanged
BU05182718,Huygenspark,BU05182718,Huygenspark,100.0,3,1,unchanged
BU05182762,Rivierenbuurt-Zuid,BU05182762,Rivierenbuurt-Zuid,100.0,2,1,unchanged
BU05182763,Rivierenbuurt-Noord,BU05182763,Rivierenbuurt-Noord,100.0,2,1,unchanged
BU05182811,Kortenbos,BU05182811,Kortenbos,100.0,3,1,unchanged
BU05182812,Voorhout,BU05182812,Voorhout,100.0,5,1,unchanged
BU05182813,Uilebomen,BU05182813,Uilebomen,100.0,3,1,unchanged
BU05182814,Zuidwal,BU05182814,Zuidwal,100.0,4,1,unchanged
BU05182915,Schildersbuurt-West,BU05182915,Schildersbuurt-West,100.0,3,1,unchanged
BU05182916,Schildersbuurt-Noord,BU05182916,Schildersbuurt-Noord,100.0,4,1,unchanged
BU05182917,Schildersbuurt-Oost,BU05182917,Schildersbuurt-Oost,100.0,5,1,unchanged
BU05183032,Transvaalkwartier-Noord,BU05183032,Transvaalkwartier-Noord,100.0,3,1,unchanged
BU05183033,Transvaalkwartier-Midden,BU05183033,Transvaalkwartier-Midden,100.0,3,1,unchanged
BU05183034,Transvaalkwartier-Zuid,BU05183034,Transvaalkwartier-Zuid,100.0,1,1,unchanged
BU05183130,Rustenburg,BU05183130,Rustenburg,100.0,2,1,unchanged
BU05183131,Oostbroek-Noord,BU05183131,Oostbroek-Noord,100.0,1,1,unchanged
BU05183135,Oostbroek-Zuid,BU05183135,Oostbroek-Zuid,100.0,2,1,unchanged
BU05183284,Leyenburg,BU05183284,Leyenburg,100.0,3,1,unchanged
BU05183387,"Venen, Oorden en Raden",BU05183387,"Venen, Oorden en Raden",100.0,1,1,unchanged
BU05183396,"Zijden, Steden en Zichten",BU05183396,"Zijden, Steden en Zichten",100.0,2,1,unchanged
BU05183398,Dreven en Gaarden,BU05183398,Dreven en Gaarden,100.0,1,1,unchanged
BU05183399,De Uithof,BU05183399,De Uithof,100.0,1,1,unchanged
BU05183480,Morgenstond-Zuid,BU05183480,Morgenstond-Zuid,100.0,2,1,unchanged
BU05183488,Morgenstond-West,BU05183488,Morgenstond-West,100.0,1,1,unchanged
BU05183489,Morgenstond-Oost,BU05183489,Morgenstond-Oost,100.0,2,1,unchanged
BU05183536,Zuiderpark,BU05183536,Zuiderpark,100.0,2,1,unchanged
BU05183620,Moerwijk-Oost,BU05183620,Moerwijk-Oost,100.0,1,1,unchanged
BU05183637,Moerwijk-West,BU05183637,Moerwijk-West,100.0,1,1,unchanged
BU05183638,Moerwijk-Noord,BU05183638,Moerwijk-Noord,100.0,1,1,unchanged
BU05183639,Moerwijk-Zuid,BU05183639,Moerwijk-Zuid,100.0,2,1,unchanged
BU05183721,Groente- en Fruitmarkt,BU05183721,Groente- en Fruitmarkt,100.0,3,1,unchanged
BU05183819,Laakhaven-Oost,BU05183819,Laakhaven-Oost,100.0,1,1,unchanged
BU05183822,Laakhaven-West,BU05183822,Laakhaven-West,100.0,5,1,unchanged
BU05183823,Spoorwijk,BU05183823,Spoorwijk,100.0,1,1,unchanged
BU05183824,Laakkwartier-West,BU05183824,Laakkwartier-West,100.0,1,1,unchanged
BU05183825,Laakkwartier-Oost,BU05183825,Laakkwartier-Oost,100.0,1,1,unchanged
BU05183826,Noordpolderbuurt,BU05183826,Noordpolderbuurt,100.0,1,1,unchanged
BU05183960,Binckhorst,BU05183960,Binckhorst,100.0,2,1,unchanged
BU05184001,Erasmus Veld,BU05184001,Erasmus Veld,100.0,1,1,unchanged
BU05184002,Hoge Veld,BU05184002,Hoge Veld,100.0,1,1,unchanged
BU05184003,Parkbuurt oosteinde,BU05184003,Parkbuurt oosteinde,100.0,1,1,unchanged
BU05184004,Lage Veld,BU05184004,Lage Veld,100.0,1,1,unchanged
BU05184005,Zonne Veld,BU05184005,Zonne Veld,100.0,1,1,unchanged
BU05184106,Vlietbuurt,BU05184106,Vlietzoom-West,99.3,4,1,unchanged
BU05184107,Vliegeniersbuurt,BU05184107,Vliegeniersbuurt,100.0,1,1,unchanged
BU05184110,De Reef,BU05184110,De Reef,100.0,1,1,unchanged
BU05184208,Bosweide,BU05184208,Bosweide,100.0,2,1,unchanged
BU05184209,Tedingerbuurt,BU05184209,Tedingerbroek,100.0,1,1,unchanged
BU05184211,De Venen,BU05184211,De Venen,100.0,1,1,unchanged
BU05184212,Morgenweide,BU05184212,Morgenweide,100.0,1,1,unchanged
BU05184213,Singels,BU05184213,Singels,100.0,1,1,unchanged
BU05184214,Waterbuurt,BU05184214,Waterbuurt,100.0,1,1,unchanged
BU05184215,De Bras,BU05184215,De Bras,100.0,1,1,unchanged
BU05184316,Westvliet,BU05184316,Vlietzoom-Oost,100.0,1,1,unchanged
BU05184317,De Rivieren,BU05184317,De Rivieren,100.0,1,1,unchanged
BU05184418,De Lanen,BU05184418,De Lanen,100.0,1,1,unchanged
BU05184419,De Velden,BU05184419,De Velden,100.0,1,1,unchanged
BU05184420,De Vissen,BU05184420,De Vissen,100.0,1,1,unchanged
BU05184421,Rietbuurt,BU05184421,Rietbuurt,100.0,1,1,unchanged
BU05189998,,BU05189998,Buitenwater,93.1,10,1,split
BU05230000,Boven-Hardinxveld,BU05230310,Avelinge diep,30.0,13,1,split
BU05230001,Neder-Hardinxveld,BU05230105,Parallelweg,30.3,14,1,split
BU05230002,Giessendam,BU05230405,Buitengebied Giessendam,63.9,10,1,split
BU05230003,De Peulen,BU05230202,De Peulen-Oost,61.6,6,1,split
BU05300000,De Vesting,BU19920000,De Vesting,90.9,3,1,split
BU05300001,Glaciswijk,BU19920001,Glaciswijk,100.0,2,1,recoded (gemeente change)
BU05300003,Groote Weergors,BU19920003,Groote Weergors,100.0,2,1,recoded (gemeente change)
BU05300004,Marinebuurt,BU19920004,Marinebuurt,100.0,3,1,recoded (gemeente change)
BU05300005,Dichters- en Schrijversbuurt,BU19920005,Dichters- en Schrijversbuurt,100.0,2,1,recoded (gemeente change)
BU05300100,Nieuw-Helvoet,BU19920100,Nieuw-Helvoet,100.0,1,1,recoded (gemeente change)
BU05300101,Bloemen- en Plantenbuurt,BU19920101,Bloemen- en Plantenbuurt,100.0,2,1,recoded (gemeente change)
BU05300102,Kulck-Noord,BU19920102,Kulck-Noord,100.0,1,1,recoded (gemeente change)
BU05300103,Kulck-Zuid,BU19920103,Kulck-Zuid,100.0,1,1,recoded (gemeente change)
BU05300104,Rijksstraatweg en omgeving,BU19920104,Rijksstraatweg en omgeving,100.0,2,1,recoded (gemeente change)
BU05300105,Dorp en Hoonaart,BU19920105,Dorp en Hoonaart,100.0,1,1,recoded (gemeente change)
BU05300106,Vogelbuurt,BU19920106,Vogelbuurt,100.0,1,1,recoded (gemeente change)
BU05300107,Boomgaard,BU19920107,Boomgaard,100.0,1,1,recoded (gemeente change)
BU05300200,Nieuwenhoorn,BU19920200,Nieuwenhoorn,100.0,1,1,recoded (gemeente change)
BU05300201,'t Lange Land,BU19920201,'t Lange Land,100.0,1,1,recoded (gemeente change)
BU05300300,Kanaalzicht,BU19920300,Kanaalzicht,94.5,3,1,split
BU05300301,Wittens Hoeck,BU19920301,Wittens Hoeck,100.0,1,1,recoded (gemeente change)
BU05300302,Gorsingen Hoeck,BU19920302,Gorsingen Hoeck,100.0,1,1,recoded (gemeente change)
BU05300303,Hooghen Hoeck,BU19920303,Hooghen Hoeck,100.0,1,1,recoded (gemeente change)
BU05300400,Hout Hoeffe,BU19920400,Hout Hoeffe,100.0,1,1,recoded (gemeente change)
BU05300401,Koele Nacht,BU19920401,Koele Nacht,100.0,1,1,recoded (gemeente change)
BU05300402,Morgen Stont,BU19920402,Morgen Stont,100.0,2,1,recoded (gemeente change)
BU05300404,Vlotbrug,BU19920404,Vlotbrug,100.0,2,1,recoded (gemeente change)
BU05300500,Tolhoeck,BU19920500,Tolhoeck,100.0,1,1,recoded (gemeente change)
BU05300502,Out Jaar,BU19920502,Out Jaar,100.0,1,1,recoded (gemeente change)
BU05300503,Logendal,BU19920503,Logendal,100.0,1,1,recoded (gemeente change)
BU05300504,Kruis Hoeffe,BU19920504,Kruis Hoeffe,100.0,1,1,recoded (gemeente change)
BU05300505,Salem,BU19920505,Salem,100.0,1,1,recoded (gemeente change)
BU05300600,Wagenzicht,BU19920600,Wagenzicht,100.0,2,1,recoded (gemeente change)
BU05300601,Altena,BU19920601,Altena,100.0,1,1,recoded (gemeente change)
BU05300700,Centrumgebied-West,BU19920700,Centrumgebied-West,100.0,1,1,recoded (gemeente change)
BU05300701,Centrumgebied-Oost,BU19920701,Centrumgebied-Oost,100.0,1,1,recoded (gemeente change)
BU05300800,Kickers Bloem,BU19920800,Kickers Bloem,100.0,1,1,recoded (gemeente change)
BU05300900,Duinhoeck,BU19920900,Duinhoeck,99.0,2,1,split
BU05300901,Buitengebied,BU19920901,Buitengebied,100.0,3,1,recoded (gemeente change)
BU05300902,Heliushaven,BU19920902,Heliushaven,98.6,3,1,split
BU05309997,,BU19929997,Groot binnenwater,99.8,6,2,recoded (gemeente change)
BU05309998,,BU19929998,Buitenwater,99.8,2,2,recoded (gemeente change)
BU05310101,Dorp,BU05310101,Dorp,100.0,1,1,unchanged
BU05310102,Oostendam,BU05310102,Oostendam,100.0,1,1,unchanged
BU05310103,Kruiswiel,BU05310103,Kruiswiel,100.0,1,1,unchanged
BU05310201,Krommeweg-Noord,BU05310201,Krommeweg-Noord,100.0,1,1,unchanged
BU05310202,Krommeweg-Zuid,BU05310202,Krommeweg-Zuid,100.0,1,1,unchanged
BU05310203,De Sandeling,BU05310203,De Sandeling,100.0,1,1,unchanged
BU05310204,Ambachtszone,BU05310204,Ambachtszone,100.0,1,1,unchanged
BU05310301,Volgerlanden-West,BU05310301,Volgerlanden-West,100.0,1,1,unchanged
BU05310302,Volgerlanden-Oost,BU05310302,Volgerlanden-Oost,100.0,1,1,unchanged
BU05310400,Sandelingen-Ambacht,BU05310400,Sandelingen-Ambacht,100.0,1,1,unchanged
BU05310501,Antoniapolder,BU05310501,Antoniapolder,100.0,1,1,unchanged
BU05310502,Noordoevers,BU05310502,Noordoevers,100.0,1,1,unchanged
BU05320000,Centrum Grootebroek,BU05320102,Grootebroek buitengebied noord,51.3,14,1,split
BU05320001,Lutjebroek,BU05320101,Lutjebroek buitengebied noord,53.5,6,1,split
BU05320002,Kloosterhof en Oostersluis,BU05320301,Lutjebroek buitengebied zuid,42.1,11,1,split
BU05320100,Bovenkarspel-Centrum,BU05320103,Bovenkarspel buitengebied noord,72.0,9,1,split
BU05320101,Broekerhaven,BU05320312,Buitengebied Bovenkarspel zuid,71.4,5,1,split
BU05320102,Plan Zuid en Princenhof,BU05320310,Plan Zuid,43.8,8,1,split
BU05320103,Rozeboom,BU05320207,Rozeboom,90.1,5,1,split
BU05329997,,BU05329997,Groot binnenwater,99.5,2,1,unchanged
BU05340000,Hillegom,BU05340503,Buitengebied,41.8,14,5,merged
BU05340001,Arnoud,BU05340502,De Arnoud,58.6,2,1,split
BU05340002,Oosteinde,BU05340503,Buitengebied,99.9,3,5,recoded
BU05340003,Meer en Dorp,BU05340206,Staatsliedenbuurt,22.1,10,1,split
BU05340004,Elsbroeker polder,BU05340503,Buitengebied,30.9,10,5,merged
BU05340005,Industrieterrein,BU05340104,Hillegommerbeek,51.0,5,1,split
BU05340008,Verspreide huizen in het Oosten,BU05340503,Buitengebied,89.7,3,5,merged
BU05340009,Verspreide huizen in het Westen,BU05340503,Buitengebied,100.0,2,5,recoded
BU05370101,Rijnsoever-West,BU05370106,Rijnsoever-Midden,41.8,7,1,split
BU05370102,Rijnsoever-Oost,BU05370102,Rijnsoever-Oost,93.4,4,1,split
BU05370103,Hoornes-West,BU05370103,Hoornes-West,97.0,6,1,split
BU05370104,Hoornes-Oost,BU05370104,Hoornes-Oost,96.3,3,1,split
BU05370201,'t Heen-Zuid,BU05370201,'t Heen-Zuid,96.0,4,1,split
BU05370202,'t Heen-Noord,BU05370202,'t Heen-Noord,98.3,4,1,split
BU05370301,Dorp,BU05370301,Dorp,95.6,7,1,split
BU05370302,'t Sandt,BU05370302,'t Sandt,99.4,2,1,unchanged
BU05370303,Molenwijk,BU05370303,Molenwijk,97.5,5,1,split
BU05370401,Witte Hek,BU05370509,Witte Hek,94.9,7,1,split
BU05370402,Cleijn Duin,BU05370304,Cleijn Duin,98.1,4,1,split
BU05370403,Overduin,BU05370510,Overduin,98.0,5,1,split
BU05370404,Koestal,BU05370305,Koestal,99.5,2,1,recoded
BU05370501,Strand,BU05370501,Strand,97.4,5,1,split
BU05370502,De Noord,BU05370502,De Noord,92.0,7,1,split
BU05370503,Noord-Oost,BU05370503,Noord-Oost,96.6,4,1,split
BU05370504,Centrum,BU05370504,Centrum,96.3,5,1,split
BU05370505,Midden,BU05370505,Midden,95.3,7,1,split
BU05370506,Zuid-West,BU05370506,Zuid-West,94.1,6,1,split
BU05370507,Zuid-Oost,BU05370508,Zuid-Oost,53.6,6,1,split
BU05370601,Noordduinen,BU05370601,Noordduinen,97.1,5,1,split
BU05370602,Zuidduinen,BU05370602,Zuidduinen,99.4,5,1,unchanged
BU05370603,Zanderij Westerbaan,BU05370306,Zanderij,89.0,5,1,split
BU05370604,De Mient en Kooltuin,BU05370604,De Mient en Kooltuin,98.7,6,1,split
BU05370700,Rijnsburg,BU05370706,De Hoek,24.6,10,1,split
BU05370701,Valkenburgerweg,BU05370701,Kleipetten,46.3,6,1,split
BU05370708,Polder Kamphuizen,BU05370708,Kamphuizerpolder,72.8,6,1,split
BU05370709,Verspreide huizen Rijnsburg,BU05370709,Rijnsburg-Noord,100.0,1,1,unchanged
BU05370800,Valkenburg,BU05370800,Dorp,48.4,3,1,split
BU05370808,Verspreide huizen Ommedijkse Polder,BU05370808,Valkenburgse Meer,96.9,2,1,split
BU05370809,Overige verspreide huizen Valkenburg,BU05370809,Overige verspreide huizen Valkenburg,87.5,6,1,split
BU05379998,,BU05379998,Buitenwater,94.3,4,1,split
BU05420000,Oud Krimpen,BU05420000,Oud Krimpen,100.0,1,1,unchanged
BU05420001,Kortland-Noord,BU05420001,Kortland-Noord,100.0,1,1,unchanged
BU05420002,Kortland-Zuid,BU05420002,Kortland-Zuid,100.0,1,1,unchanged
BU05420003,Boveneind,BU05420003,Boveneind,100.0,1,1,unchanged
BU05420004,Langeland,BU05420004,Langeland,100.0,1,1,unchanged
BU05420005,Lansingh-Zuid,BU05420005,Lansingh-Zuid,100.0,1,1,unchanged
BU05450001,Leerdam-Centrum,BU19612601,Leerdam centrum zuid,49.6,8,1,split
BU05450002,Leerdam-West,BU19612901,Leerdam buitengebied,21.0,11,3,merged
BU05450003,Leerdam-Oost,BU19612702,Oranjebuurt-Zuid,44.8,5,1,split
BU05450004,Leerdam-Noord,BU19612901,Leerdam buitengebied,63.0,7,3,merged
BU05450005,Verspreide huizen Leerdam,BU19612901,Leerdam buitengebied,93.4,8,3,merged
BU05450006,Kedichem,BU19611401,Kedichem buitengebied,84.2,4,1,split
BU05450007,Schoonrewoerd,BU19613101,Schoonrewoerd buitengebied,95.5,3,1,split
BU05460000,Pieterswijk,BU05460000,Pieterswijk,100.0,1,1,unchanged
BU05460001,Academiewijk,BU05460001,Academiewijk,100.0,1,1,unchanged
BU05460002,Levendaal-West,BU05460002,Levendaal-West,100.0,1,1,unchanged
BU05460003,Levendaal-Oost,BU05460003,Levendaal-Oost,100.0,1,1,unchanged
BU05460100,De Camp,BU05460100,De Camp,100.0,1,1,unchanged
BU05460101,Marewijk,BU05460101,Marewijk,100.0,1,1,unchanged
BU05460102,Pancras-West,BU05460102,Pancras-West,100.0,1,1,unchanged
BU05460103,Pancras-Oost,BU05460103,Pancras-Oost,100.0,1,1,unchanged
BU05460104,d'Oude Morsch,BU05460104,d'Oude Morsch,100.0,1,1,unchanged
BU05460105,Noordvest,BU05460105,Noordvest,100.0,1,1,unchanged
BU05460106,Havenwijk-Noord,BU05460106,Havenwijk-Noord,100.0,1,1,unchanged
BU05460107,Havenwijk-Zuid,BU05460107,Havenwijk-Zuid,100.0,1,1,unchanged
BU05460108,Molenbuurt,BU05460108,Molenbuurt,100.0,1,1,unchanged
BU05460109,De Waard,BU05460109,De Waard,100.0,1,1,unchanged
BU05460200,Stationskwartier,BU05460200,Stationskwartier,100.0,1,1,unchanged
BU05460300,Groenoord,BU05460300,Groenoord,100.0,1,1,unchanged
BU05460301,Noorderkwartier,BU05460301,Noorderkwartier,100.0,1,1,unchanged
BU05460302,De Kooi,BU05460302,De Kooi,100.0,1,1,unchanged
BU05460400,Meerburg,BU05460400,Meerburg,100.0,1,1,unchanged
BU05460401,Rijndijkbuurt,BU05460401,Rijndijkbuurt,100.0,1,1,unchanged
BU05460402,Professorenwijk-Oost,BU05460402,Professorenwijk-Oost,100.0,1,1,unchanged
BU05460403,Burgemeesterswijk,BU05460403,Burgemeesterswijk,100.0,1,1,unchanged
BU05460404,Professorenwijk-West,BU05460404,Professorenwijk-West,100.0,1,1,unchanged
BU05460405,Tuinstadwijk,BU05460405,Tuinstadwijk,100.0,1,1,unchanged
BU05460406,Cronestein,BU05460406,Cronestein,100.0,1,1,unchanged
BU05460407,Klein Cronestein,BU05460407,Klein Cronestein,100.0,1,1,unchanged
BU05460408,Roomburg,BU05460408,Roomburg,100.0,1,1,unchanged
BU05460409,Waardeiland,BU05460409,Waardeiland,100.0,1,1,unchanged
BU05460500,Vreewijk,BU05460500,Vreewijk,100.0,1,1,unchanged
BU05460501,Haagweg-Noord,BU05460501,Haagweg-Noord,100.0,1,1,unchanged
BU05460502,Gasthuiswijk,BU05460502,Gasthuiswijk,100.0,1,1,unchanged
BU05460503,Fortuinwijk-Noord,BU05460503,Fortuinwijk-Noord,100.0,1,1,unchanged
BU05460504,Boshuizen,BU05460504,Boshuizen,100.0,1,1,unchanged
BU05460505,Oostvliet,BU05460505,Oostvliet,100.0,1,1,unchanged
BU05460506,Haagweg-Zuid,BU05460506,Haagweg-Zuid,100.0,1,1,unchanged
BU05460507,Fortuinwijk-Zuid,BU05460507,Fortuinwijk-Zuid,100.0,2,1,unchanged
BU05460600,Transvaalbuurt,BU05460600,Transvaalbuurt,100.0,1,1,unchanged
BU05460601,Lage Mors,BU05460601,Lage Mors,100.0,1,1,unchanged
BU05460602,Hoge Mors,BU05460602,Hoge Mors,100.0,1,1,unchanged
BU05460700,Pesthuiswijk,BU05460700,Pesthuiswijk,100.0,1,1,unchanged
BU05460701,Houtkwartier,BU05460701,Houtkwartier,100.0,1,1,unchanged
BU05460702,Raadsherenbuurt,BU05460702,Raadsherenbuurt,100.0,1,1,unchanged
BU05460703,Vogelwijk,BU05460703,Vogelwijk,100.0,1,1,unchanged
BU05460704,Leeuwenhoek,BU05460704,Leeuwenhoek,100.0,1,1,unchanged
BU05460800,Slaaghwijk,BU05460800,Slaaghwijk,100.0,1,1,unchanged
BU05460801,Zijlwijk-Zuid,BU05460801,Zijlwijk-Zuid,100.0,1,1,unchanged
BU05460802,Zijlwijk-Noord,BU05460802,Zijlwijk-Noord,100.0,1,1,unchanged
BU05460803,Merenwijk-Centrum,BU05460803,Merenwijk-Centrum,100.0,1,1,unchanged
BU05460804,Leedewijk-Zuid,BU05460804,Leedewijk-Zuid,100.0,1,1,unchanged
BU05460805,Leedewijk-Noord,BU05460805,Leedewijk-Noord,100.0,1,1,unchanged
BU05460900,Schenkwijk,BU05460900,Schenkwijk,100.0,1,1,unchanged
BU05460901,Kloosterhof,BU05460901,Kloosterhof,100.0,1,1,unchanged
BU05460902,Dobbewijk-Noord,BU05460902,Dobbewijk-Noord,100.0,1,1,unchanged
BU05460903,Dobbewijk-Zuid,BU05460903,Dobbewijk-Zuid,100.0,1,1,unchanged
BU05470000,Kerkwijk,BU05470000,Kerkwijk,99.5,4,1,unchanged
BU05470001,Ouderzorg inclusief De Houtkamp,BU05470001,Ouderzorg,94.8,7,1,split
BU05470002,Zijlkwartier,BU05470002,Zijlkwartier,94.6,4,1,split
BU05470003,De Vogelwijk,BU05470003,De Vogelwijk,93.9,4,1,split
BU05470004,De Baanderij,BU05470004,De Baanderij,88.3,5,1,split
BU05470005,De Schansen,BU05470005,Schansen en Dreven,95.0,4,1,split
BU05470006,Winkelhof,BU05470006,Winkelhof,95.2,2,1,split
BU05470007,Binnenhof,BU05470007,Binnenhof,97.2,2,1,split
BU05470008,Voorhof,BU05470008,Voorhof,99.7,2,1,unchanged
BU05470009,Elizabethhof,BU05470009,Elisabethhof,97.5,3,1,split
BU05470100,Oranjewijk,BU05470100,Oranjewijk,91.5,5,1,split
BU05470101,Doeskwartier,BU05470101,Doeskwartier,78.9,4,1,split
BU05470109,Verspreide huizen,BU05470103,Buitengebied,72.6,15,1,split
BU05470200,Buitenhof-Oost-Zuid,BU05470201,Buitenhof-Oost-Zuid,96.4,4,1,split
BU05470201,Buitenhof-Midden-West,BU05470202,Buitenhof-Midden-West,94.1,3,1,split
BU05470202,Leyhof,BU05470203,Leyhof,98.0,6,1,split
BU05530100,De Loosters,BU05530405,Buitengebied,99.5,10,3,recoded
BU05530200,Halfweg,BU05530401,Halfweg,99.9,2,1,recoded
BU05530300,Meer en Duin,BU05530101,Meer en Duin,99.8,2,1,recoded
BU05530400,De Blinkerd,BU05530103,De Blinkerd,99.8,4,1,recoded
BU05530500,Meerenburgh,BU05530102,Meerenburgh,98.9,4,1,split
BU05530600,Oranjewijk,BU05530104,Oranjebuurt,99.7,4,1,recoded
BU05530700,Zeeheldenwijk,BU05530105,Zeeheldenbuurt,99.8,4,1,recoded
BU05530800,Bloemenwijk,BU05530205,Bloemenbuurt,99.8,3,1,recoded
BU05530900,Centrum,BU05530203,Het Vierkant,58.8,6,1,split
BU05531000,Berkhout,BU05530201,Berkhout,99.8,6,1,recoded
BU05531100,Van Rijckevorsel,BU05530204,Van Rijckevorsel,99.8,3,1,recoded
BU05531200,Componistenwijk,BU05530303,Componistenbuurt,99.8,3,1,recoded
BU05531300,Schilderswijk,BU05530304,Schildersbuurt,99.7,3,1,recoded
BU05531400,Vogelwijk,BU05530302,Vogelbuurt,99.9,6,1,recoded
BU05531500,Dever,BU05530301,Dever,98.0,4,1,split
BU05531600,Geestwater,BU05530305,Geestwater,61.9,3,1,split
BU05531700,Vrouwenpolder,BU05530306,Vrouwenpolder,99.8,5,1,recoded
BU05531800,Lisse Rond,BU05530307,Lisse Rond,99.8,3,1,recoded
BU05531900,De Engel,BU05530402,De Engel,57.5,2,1,split
BU05532000,Ter Beek,BU05530405,Buitengebied,50.6,3,3,merged
BU05532100,Roovers Broek,BU05530405,Buitengebied,95.4,3,3,merged
BU05560101,Taanschuurpolder,BU05560101,Taanschuurpolder,100.0,1,1,unchanged
BU05560201,Vertobuurt,BU05560201,Vertobuurt,100.0,1,1,unchanged
BU05560202,Bloemenbuurt,BU05560202,Bloemenbuurt,100.0,1,1,unchanged
BU05560203,Bomendal,BU05560203,Bomendal,100.0,1,1,unchanged
BU05560301,Sluispolder Oost,BU05560301,Sluispolder Oost,100.0,1,1,unchanged
BU05560302,Sluispolder West,BU05560302,Sluispolder West,100.0,1,1,unchanged
BU05560303,Binnenstad,BU05560303,Binnenstad,100.0,1,1,unchanged
BU05560401,Kapelpolder,BU05560401,Kapelpolder,100.0,1,1,unchanged
BU05560402,Componistenbuurt,BU05560402,Componistenbuurt,100.0,1,1,unchanged
BU05560403,Koningshoek,BU05560403,Koningshoek,100.0,1,1,unchanged
BU05560404,Het Balkon,BU05560404,Het Balkon,100.0,1,1,unchanged
BU05560405,Nieuwe waterweg,BU05560405,Nieuwe waterweg,100.0,1,1,unchanged
BU05560501,Vogelbuurt,BU05560501,Vogelbuurt,100.0,1,1,unchanged
BU05560502,Burgemeesterswijk,BU05560502,Burgemeesterswijk,100.0,1,1,unchanged
BU05560601,Steendijkpolder Noord,BU05560601,Steendijkpolder Noord,100.0,1,1,unchanged
BU05560602,Steendijkpolder Zuid,BU05560602,Steendijkpolder Zuid,100.0,1,1,unchanged
BU05560701,Zuidbuurt,BU05560701,Zuidbuurt,100.0,1,1,unchanged
BU05560702,De Dijk,BU05560702,De Dijk,100.0,1,1,unchanged
BU05560801,Wilgenrijk,BU05560801,Wilgenrijk,100.0,1,1,unchanged
BU05690000,Nieuwkoop,BU05690103,Nieuwkoop Lintbebouwing,76.2,5,1,split
BU05690001,Noorden (gedeeltelijk),BU05690309,Noorden Lintbebouwing,77.8,5,1,split
BU05690002,Nieuwveenseweg,BU05690105,Bedrijventerrein Nieuwkoop,95.8,3,1,split
BU05690003,Uitbreiding dorpskern Nieuwkoop,BU05690101,Nieuwkoop,94.2,4,1,split
BU05690004,Achttienhoven,BU05690513,Achttienhoven,99.5,4,1,recoded
BU05690005,Uitbreiding dorpskern Noorden,BU05690308,De Kuil,98.8,4,1,split
BU05690006,Woerdense Verlaat,BU05690512,Woerdense Verlaat,99.4,3,1,recoded
BU05690008,Verspreide huizen in het Noorden,BU05690104,Nieuwkoop Buitengebied West,51.1,11,1,split
BU05690009,Verspreide huizen en Nieuwkoop Plassengebied,BU05690102,Nieuwkoop Nieuwkoopse Plassen,69.6,6,1,split
BU05690100,Nieuwveen,BU05690920,Nieuwveen,93.3,6,1,split
BU05690101,Schoterveld,BU05690926,Schoterveld,95.9,3,1,split
BU05690104,Vrouwenakker,BU05690924,Nieuwveen Buitengebied Vrouwenakker,67.6,4,1,split
BU05690108,Verspreide huizen in het Oosten en Zuiden,BU05690921,Nieuwveen Buitengebied Oost,44.0,11,1,split
BU05690109,Verspreide huizen in het Noorden,BU05690925,Nieuwveens Jaagpad,56.5,5,1,split
BU05690200,Zevenhoven,BU05690614,Zevenhoven,61.9,4,1,split
BU05690201,Noordse Dorp,BU05690410,Noordse Dorp,61.0,3,1,split
BU05690202,Recreatiegebied,BU05690617,Zevenhoven Recreatiegebied,99.6,3,1,recoded
BU05690203,Noordse Buurt,BU05690411,Noordse Buurt,96.8,3,1,split
BU05690208,Verspreide huizen in het Westen,BU05690616,Zevenhoven Buitengebied West,96.5,9,1,split
BU05690209,Verspreide huizen in het Oosten,BU05690615,Zevenhoven Buitengebied Oost,71.5,9,1,split
BU05690300,Ter Aar (buitengebied),BU05691028,Ter Aar Buitengebied,89.3,8,1,split
BU05690301,Langeraar,BU05691236,Langeraar Lintbebouwing,80.1,4,1,split
BU05690302,Papenveer,BU05691337,Papenveer,99.2,7,1,recoded
BU05690303,Korteraar,BU05691132,Korteraar,91.2,5,1,split
BU05690305,Ter Aar-Centrum (voorheen Aardam),BU05691029,Aardam West,84.6,3,1,split
BU05690306,Langeraar-Nieuwbouw,BU05691235,Langeraar,88.5,2,1,split
BU05690309,Verspreide huizen Ter Aar,BU05691133,Korteraar Buitengebied Oost,84.6,8,1,split
BU05750000,Dorpskern,BU05750112,Offem,20.5,15,1,split
BU05750001,Beeklaan-kwartier,BU05750203,Buitengebied Noordwijk Zuid,35.1,9,3,merged
BU05750002,Boerenburg en Grashoek,BU05750204,Buitengebied Noordwijk Noord,34.4,8,3,merged
BU05750004,Estec,BU05750201,Space Campus / 's-Gravendijck,99.8,2,1,recoded
BU05750005,Dr. Mr. W. van den Berghstichting,BU05750200,Noordwijkerduin,94.1,3,1,split
BU05750009,Verspreide huizen Zuiden en Oosten,BU05750203,Buitengebied Noordwijk Zuid,79.5,7,3,merged
BU05750100,Dorpskern,BU05750004,Zeeheldenbuurt,40.7,8,1,split
BU05750101,Villawijk-Zuid,BU05750203,Buitengebied Noordwijk Zuid,58.3,10,3,merged
BU05750102,De Noord,BU05750204,Buitengebied Noordwijk Noord,67.9,8,3,merged
BU05750108,Sancta Maria,BU05750205,Sancta Maria Noordwijk,97.7,2,1,split
BU05750109,Verspreide huizen Langeveld,BU05750204,Buitengebied Noordwijk Noord,99.6,5,3,recoded
BU05759998,,BU05759998,Buitenwater,97.8,3,1,split
BU05760000,Noordwijkerhout,BU05750301,In den Houte,16.7,12,1,split
BU05760001,Kleine Zilk,BU05750501,Buitengebied De Zilk,75.1,4,2,merged
BU05760002,Grote Zilk,BU05750501,Buitengebied De Zilk,86.5,3,2,merged
BU05760008,Verspreide huizen ten zuiden van de gemeente,BU05750401,Buitengebied Noordwijkerhout,99.2,7,2,recoded (gemeente change)
BU05760009,Verspreide huizen in het Centrum,BU05750401,Buitengebied Noordwijkerhout,89.4,12,2,merged
BU05790001,Rhijngeest,BU05790101,De Geesten,99.5,3,1,recoded
BU05790002,Rijnfront,BU05790501,Nieuw-Rhijngeest,96.2,2,1,split
BU05790003,Buitengebied,BU05790401,Buitengebied,92.7,6,1,split
BU05790011,Oranje Nassau,BU05790102,Oranje Nassau,99.0,4,1,split
BU05790012,Oudenhof,BU05790301,Abtspoel,61.0,6,1,split
BU05790013,Bloemenbuurt,BU05790203,Bloemenbuurt,61.1,7,1,split
BU05790014,Voscuyl,BU05790201,Voscuyl,70.6,7,1,split
BU05790015,Buitenlust,BU05790502,Buitenlust,84.6,3,1,split
BU05790021,Haaswijk-West,BU05790402,Haaswijk-West,98.6,3,1,split
BU05790022,Haaswijk-Oost,BU05790403,Haaswijk-Oost,96.8,3,1,split
BU05790023,De Morsebel,BU05790404,De Morsebel,92.7,3,1,split
BU05790024,Poelgeest,BU05790302,Poelgeest,98.3,2,1,split
BU05840001,Bedrijventerrein De Bosschen,BU19630050,Oud-Beijerland Bedrijventerrein De Bosschen,99.2,4,1,recoded (gemeente change)
BU05840002,Oosterse Gorzenwijk,BU19630001,Oud-Beijerland Oosterse Gorzenwijk,99.9,2,1,recoded (gemeente change)
BU05840003,Centrum-Noord,BU19630000,Oud-Beijerland Centrum,73.3,3,2,merged
BU05840004,Croonenburghwijk,BU19630002,Oud-Beijerland Croonenburghwijk,99.1,5,1,recoded (gemeente change)
BU05840005,Centrum-Zuid,BU19630000,Oud-Beijerland Centrum,77.9,5,2,merged
BU05840006,Zeeheldenwijk,BU19630003,Oud-Beijerland Zeeheldenwijk,98.6,3,1,split
BU05840007,Zuidwijk,BU19630004,Oud-Beijerland Zuidwijk,99.6,5,1,recoded (gemeente change)
BU05840008,Zoomwijck,BU19630005,Oud-Beijerland Zoomwijck,93.5,4,1,split
BU05840009,Spuioeverwijk,BU19630099,Oud-Beijerland Buitengebied,77.3,6,3,merged
BU05840010,"Bedrijventerrein Langeweg, Rembrandtstraat",BU19630051,Oud-Beijerland Bedrijventerrein De Hoogerwerf,97.5,4,1,split
BU05840011,Poortwijk,BU19630007,Oud-Beijerland Poortwijk,51.6,5,1,split
BU05840012,Zinkweg buurtschap,BU19630099,Oud-Beijerland Buitengebied,99.8,3,3,recoded (gemeente change)
BU05840013,Landelijk gebied,BU19630099,Oud-Beijerland Buitengebied,99.8,3,3,recoded (gemeente change)
BU05850000,Heinenoord,BU19630100,Heinenoord Woonkern,78.8,2,2,merged
BU05850001,Goidschalxoord,BU19630199,Heinenoord Buitengebied,100.0,1,4,recoded (gemeente change)
BU05850002,Blaak,BU19630199,Heinenoord Buitengebied,95.2,3,4,merged
BU05850003,Uitbreiding Dorp Heinenoord,BU19630100,Heinenoord Woonkern,97.9,2,2,merged
BU05850004,Uitbreiding Dorp na 1971,BU19630199,Heinenoord Buitengebied,89.6,2,4,merged
BU05850009,Verspreide huizen Heinenoord,BU19630199,Heinenoord Buitengebied,92.6,5,4,merged
BU05850100,Mijnsheerenland,BU19630200,Mijnsheerenland Woonkern,88.4,3,2,merged
BU05850101,Westdijk,BU19630299,Mijnsheerenland Buitengebied,93.5,5,5,merged
BU05850102,Stougjesdijk (gedeeltelijk),BU19630299,Mijnsheerenland Buitengebied,99.4,2,5,recoded (gemeente change)
BU05850103,Blaaksedijk (gedeeltelijk),BU19630299,Mijnsheerenland Buitengebied,97.7,5,5,merged
BU05850104,Uitbreiding Dorp,BU19630200,Mijnsheerenland Woonkern,100.0,1,2,recoded (gemeente change)
BU05850108,Verspreide huizen Westmaas-Nieuwlandse polder,BU19630299,Mijnsheerenland Buitengebied,99.4,3,5,recoded (gemeente change)
BU05850109,Verspreide huizen Moerkerken,BU19630299,Mijnsheerenland Buitengebied,96.5,7,5,merged
BU05850200,Westmaas,BU19630300,Westmaas Woonkern,67.4,3,2,merged
BU05850201,Greup,BU19630399,Westmaas Buitengebied,100.0,2,3,recoded (gemeente change)
BU05850202,Grote Riethure,BU19630300,Westmaas Woonkern,92.3,3,2,merged
BU05850208,Verspreide huizen polder Munnikenland,BU19630399,Westmaas Buitengebied,95.1,4,3,merged
BU05850209,Verspreide huizen in het Westen,BU19630399,Westmaas Buitengebied,96.7,3,3,merged
BU05850300,Maasdam,BU19630500,Maasdam Woonkern,94.0,4,4,merged
BU05850301,Cillaarshoek (gedeeltelijk),BU19630599,Maasdam Buitengebied,85.9,2,3,merged
BU05850302,Sint Anthoniepolder,BU19630599,Maasdam Buitengebied,79.2,3,3,merged
BU05850303,Maasdam nieuwbouw,BU19630500,Maasdam Woonkern,86.4,2,4,merged
BU05850304,Bungalow plan,BU19630500,Maasdam Woonkern,88.3,2,4,merged
BU05850307,Bedrijfsterreinen,BU19630500,Maasdam Woonkern,98.6,2,4,merged
BU05850309,Verspreide huizen Maasdam,BU19630599,Maasdam Buitengebied,86.9,6,3,merged
BU05850400,"Bebouwde Kom, oud gedeelte",BU19630400,Puttershoek Woonkern,78.7,3,5,merged
BU05850401,Rustenburgstraat (gedeeltelijk),BU19630499,Puttershoek Buitengebied,62.5,2,3,merged
BU05850402,Bebouwde Kom Plan Dorp,BU19630400,Puttershoek Woonkern,98.6,2,5,merged
BU05850403,Bebouwde Kom Plan Oudeland,BU19630400,Puttershoek Woonkern,100.0,1,5,recoded (gemeente change)
BU05850405,Plan De Grienden,BU19630400,Puttershoek Woonkern,76.2,4,5,merged
BU05850406,Plan Zijdewinde,BU19630400,Puttershoek Woonkern,93.6,2,5,merged
BU05850408,Verspreide huizen in het Zuidoosten,BU19630499,Puttershoek Buitengebied,97.9,4,3,merged
BU05850409,Suikerfabriek en verspreide huizen Noordwesten,BU19630499,Puttershoek Buitengebied,95.7,4,3,merged
BU05850500,'s-Gravendeel,BU19630600,'s-Gravendeel Woonkern,94.0,3,2,merged
BU05850501,Boendersweg-Strijensedijk (gedeeltelijk),BU19630699,'s-Gravendeel Buitengebied,100.0,1,6,recoded (gemeente change)
BU05850502,Nieuw Bonaventura,BU19630600,'s-Gravendeel Woonkern,91.6,2,2,merged
BU05850503,Schenkeldijk,BU19630699,'s-Gravendeel Buitengebied,100.0,1,6,recoded (gemeente change)
BU05850504,Mijlpolder,BU19630699,'s-Gravendeel Buitengebied,52.0,4,6,merged
BU05850505,Groot en Klein Koninkrijk,BU19630699,'s-Gravendeel Buitengebied,74.3,3,6,merged
BU05850506,Schuilingen,BU19630699,'s-Gravendeel Buitengebied,64.3,2,6,merged
BU05850509,Verspreide huizen 's-Gravendeel,BU19630699,'s-Gravendeel Buitengebied,99.9,4,6,recoded (gemeente change)
BU05880000,Nieuw-Beijerland,BU19631300,Nieuw-Beijerland Woonkern,85.5,3,1,split
BU05880001,Zuidzijde (gedeeltelijk),BU19631399,Nieuw-Beijerland Buitengebied,94.2,2,2,merged
BU05880009,Verspreide huizen Nieuw-Beijerland,BU19631399,Nieuw-Beijerland Buitengebied,99.0,5,2,merged
BU05880100,Piershil,BU19631200,Piershil Woonkern,66.5,3,1,split
BU05880103,Zwartsluisje (gedeeltelijk),BU19631299,Piershil Buitengebied,99.3,2,2,recoded (gemeente change)
BU05880109,Verspreide huizen Piershil,BU19631299,Piershil Buitengebied,90.8,6,2,merged
BU05880200,Goudswaard,BU19631100,Goudswaard Woonkern,77.7,2,1,split
BU05880201,Nieuwendijk (gedeeltelijk),BU19631199,Goudswaard Buitengebied,98.9,3,4,merged
BU05880202,Oudendijk,BU19631199,Goudswaard Buitengebied,100.0,1,4,recoded (gemeente change)
BU05880208,Verspreide huizen Eiland Tiengemeten (gedeeltelijk),BU19631199,Goudswaard Buitengebied,93.2,3,4,merged
BU05880209,Overige verspreide huizen Goudswaard,BU19631199,Goudswaard Buitengebied,99.1,6,4,recoded (gemeente change)
BU05880300,Zuid-Beijerland,BU19631099,Zuid-Beijerland Buitengebied,50.5,2,7,merged
BU05880301,Zwartsluisje (gedeeltelijk),BU19631099,Zuid-Beijerland Buitengebied,99.7,2,7,recoded (gemeente change)
BU05880302,Zuidzijde (gedeeltelijk),BU19631099,Zuid-Beijerland Buitengebied,100.0,1,7,recoded (gemeente change)
BU05880303,Schenkeldijk,BU19631099,Zuid-Beijerland Buitengebied,100.0,1,7,recoded (gemeente change)
BU05880304,Nieuwendijk (gedeeltelijk),BU19631099,Zuid-Beijerland Buitengebied,100.0,1,7,recoded (gemeente change)
BU05880308,Verspreide huizen Eiland Tiengemeten (gedeeltelijk),BU19631099,Zuid-Beijerland Buitengebied,99.7,3,7,recoded (gemeente change)
BU05880309,Overige verspreide huizen Zuid-Beijerland,BU19631099,Zuid-Beijerland Buitengebied,99.4,7,7,recoded (gemeente change)
BU05889997,,BU19639997,Groot binnenwater,100.0,3,3,recoded (gemeente change)
BU05890101,Kern Hekendorp,BU05890101,Kern Hekendorp,100.0,1,1,unchanged
BU05890102,Hekendorpse buurt,BU05890102,Hekendorpse buurt,100.0,1,1,unchanged
BU05890201,Kern Oudewater,BU05890201,Kern Oudewater,100.0,2,1,unchanged
BU05890202,de Noort syde,BU05890202,de Noort syde,100.0,1,1,unchanged
BU05890203,Brede dijk,BU05890203,Brede dijk,100.0,1,1,unchanged
BU05890204,Klein Hekendorp,BU05890204,Klein Hekendorp,100.0,1,1,unchanged
BU05890205,Kern Hoenkoop,BU05890205,Kern Hoenkoop,100.0,1,1,unchanged
BU05890206,Markveld,BU05890206,Markveld,100.0,1,1,unchanged
BU05890207,Groenbuffer noord,BU05890207,Groenbuffer noord,100.0,1,1,unchanged
BU05890208,Tappersheul,BU05890208,Tappersheul,100.0,1,1,unchanged
BU05890209,Klein Hekendorp buitengebied,BU05890209,Klein Hekendorp buitengebied,100.0,1,1,unchanged
BU05890210,Rozendaal,BU05890210,Rozendaal,100.0,2,1,unchanged
BU05890211,Hoenkoopse buurt,BU05890211,Hoenkoopse buurt,100.0,1,1,unchanged
BU05890212,Willeskop,BU05890212,Willeskop,100.0,1,1,unchanged
BU05890213,Ruige weide,BU05890213,Ruige weide,100.0,1,1,unchanged
BU05890301,Kern Papekop,BU05890301,Kern Papekop,100.0,1,1,unchanged
BU05890302,Diemerbroek,BU05890302,Diemerbroek,100.0,1,1,unchanged
BU05890401,Snelrewaard,BU05890401,Snelrewaard,100.0,1,1,unchanged
BU05900001,Westpolder,BU05900103,Schrijversbuurt,16.7,13,1,split
BU05900002,Molenvliet,BU05900201,Molenbuurt,37.2,8,1,split
BU05900003,Kraaihoek,BU05900301,Kraaihoek Noord,31.6,7,1,split
BU05900004,Middenpolder,BU05900402,Zeeheldenbuurt,47.4,5,1,split
BU05900005,Wilgendonk,BU05900501,Oostdonk,30.5,8,1,split
BU05900006,Oosteind en De Kooy,BU05900602,Bedrijventerrein Oosteind en Ketel,76.0,3,1,split
BU05900007,Oostpolder,BU05900702,Zuidkil Kwartier,21.1,8,1,split
BU05900008,Vriesenpolder,BU05900801,Alblasserbos Oost,92.7,3,1,split
BU05970100,Centrum,BU05970100,Centrum,100.0,3,1,unchanged
BU05970200,West,BU05970200,West,100.0,2,1,unchanged
BU05970300,Oost,BU05970300,Oost,100.0,1,1,unchanged
BU05970400,Drievliet,BU05970400,Drievliet,100.0,1,1,unchanged
BU05970500,Het Zand,BU05970500,Het Zand,100.0,1,1,unchanged
BU05970600,Slikkerveer,BU05970600,Slikkerveer,100.0,2,1,unchanged
BU05970700,Bolnes,BU05970700,Bolnes,100.0,1,1,unchanged
BU05970800,Rijsoord,BU05970800,Rijsoord,100.0,1,1,unchanged
BU05970900,Oostendam,BU05970900,Oostendam,100.0,1,1,unchanged
BU05971000,Donkersloot,BU05971000,Donkersloot,100.0,1,1,unchanged
BU05971100,Verenambacht,BU05971100,Verenambacht,100.0,1,1,unchanged
BU05971200,Cornelisland,BU05971200,Cornelisland,100.0,1,1,unchanged
BU05990110,Stadsdriehoek,BU05990110,Stadsdriehoek,100.0,3,1,unchanged
BU05990111,Oude Westen,BU05990111,Oude Westen,100.0,5,1,unchanged
BU05990112,Cool,BU05990112,Cool,99.9,5,1,unchanged
BU05990113,Cs Kwartier,BU05990113,Cs Kwartier,99.9,3,1,unchanged
BU05990118,Nieuwe Werk,BU05990118,Nieuwe Werk,95.4,4,1,split
BU05990119,Dijkzigt,BU05990119,Dijkzigt,100.0,4,1,unchanged
BU05990320,Delfshaven,BU05990320,Delfshaven,100.0,4,1,unchanged
BU05990321,Bospolder,BU05990321,Bospolder,100.0,4,1,unchanged
BU05990322,Tussendijken,BU05990322,Tussendijken,100.0,2,1,unchanged
BU05990323,Spangen,BU05990323,Spangen,100.0,4,1,unchanged
BU05990324,Nieuwe Westen,BU05990324,Nieuwe Westen,100.0,2,1,unchanged
BU05990325,Middelland,BU05990325,Middelland,100.0,2,1,unchanged
BU05990327,Oud Mathenesse,BU05990327,Oud Mathenesse,100.0,4,1,unchanged
BU05990328,Witte Dorp,BU05990328,Witte Dorp,100.0,2,1,unchanged
BU05990329,Schiemond,BU05990329,Schiemond,87.2,4,1,split
BU05990451,Kleinpolder,BU05990451,Kleinpolder,100.0,2,1,unchanged
BU05990452,Noord Kethel,BU05990452,Noord Kethel,100.0,3,1,unchanged
BU05990454,Schieveen,BU05990454,Schieveen,100.0,3,2,unchanged
BU05990455,Zestienhoven,BU05990455,Zestienhoven,100.0,5,1,unchanged
BU05990456,Overschie,BU05990456,Overschie,99.2,5,1,unchanged
BU05990457,Landzicht,BU05990457,Landzicht,99.6,3,1,unchanged
BU05990515,Agniesebuurt,BU05990515,Agniesebuurt,100.0,4,1,unchanged
BU05990516,Provenierswijk,BU05990516,Provenierswijk,100.0,3,1,unchanged
BU05990531,Bergpolder,BU05990531,Bergpolder,100.0,4,1,unchanged
BU05990532,Blijdorp,BU05990532,Blijdorp,100.0,3,1,unchanged
BU05990534,Liskwartier,BU05990534,Liskwartier,100.0,2,1,unchanged
BU05990535,Oude Noorden,BU05990535,Oude Noorden,99.9,3,1,unchanged
BU05990558,Blijdorpsepolder,BU05990558,Blijdorpsepolder,100.0,2,1,unchanged
BU05990660,Schiebroek,BU05990660,Schiebroek,99.6,5,1,unchanged
BU05990661,Hillegersberg Zuid,BU05990661,Hillegersberg Zuid,100.0,5,1,unchanged
BU05990662,Hillegersberg Noord,BU05990662,Hillegersberg Noord,100.0,5,1,unchanged
BU05990664,Terbregge,BU05990664,Terbregge,100.0,4,1,unchanged
BU05990665,Molenlaankwartier,BU05990665,Molenlaankwartier,100.0,3,1,unchanged
BU05990814,Rubroek,BU05990814,Rubroek,100.0,2,1,unchanged
BU05990836,Nieuw Crooswijk,BU05990836,Nieuw Crooswijk,100.0,2,1,unchanged
BU05990837,Oud Crooswijk,BU05990837,Oud Crooswijk,100.0,4,1,unchanged
BU05990841,Kralingen West,BU05990841,Kralingen West,100.0,4,1,unchanged
BU05990842,Kralingen Oost,BU05990842,Kralingen Oost,100.0,4,1,unchanged
BU05990843,Kralingse Bos,BU05990843,Kralingse Bos,94.7,5,1,split
BU05990845,De Esch,BU05990845,De Esch,100.0,2,1,unchanged
BU05990847,Struisenburg,BU05990847,Struisenburg,100.0,3,1,unchanged
BU05991017,Kop van Zuid,BU05991017,Kop van Zuid,100.0,2,1,unchanged
BU05991079,Kop van Zuid - Entrepot,BU05991079,Kop van Zuid - Entrepot,81.7,6,1,split
BU05991080,Vreewijk,BU05991080,Vreewijk,100.0,3,1,unchanged
BU05991081,Bloemhof,BU05991081,Bloemhof,100.0,4,1,unchanged
BU05991082,Hillesluis,BU05991082,Hillesluis,99.9,6,1,unchanged
BU05991085,Katendrecht,BU05991085,Katendrecht,100.0,2,1,unchanged
BU05991086,Afrikaanderwijk,BU05991086,Afrikaanderwijk,100.0,2,1,unchanged
BU05991087,Feijenoord,BU05991087,Feijenoord,100.0,4,1,unchanged
BU05991088,Noordereiland,BU05991088,Noordereiland,100.0,3,1,unchanged
BU05991283,Oud IJsselmonde,BU05991283,Oud IJsselmonde,100.0,3,1,unchanged
BU05991284,Lombardijen,BU05991284,Lombardijen,100.0,3,1,unchanged
BU05991289,Groot IJsselmonde,BU05991289,Groot IJsselmonde,100.0,3,1,unchanged
BU05991290,Beverwaard,BU05991290,Beverwaard,100.0,3,1,unchanged
BU05991391,Pernis,BU05991391,Pernis,100.0,3,1,unchanged
BU05991444,'s Gravenland,BU05991444,'s-Gravenland,100.0,2,1,unchanged
BU05991446,Kralingseveer,BU05991446,Kralingseveer,100.0,2,1,unchanged
BU05991448,Prinsenland,BU05991448,Prinsenland,100.0,4,1,unchanged
BU05991449,Het Lage Land,BU05991449,Het Lage Land,100.0,4,1,unchanged
BU05991463,Ommoord,BU05991463,Ommoord,100.0,4,1,unchanged
BU05991466,Zevenkamp,BU05991466,Zevenkamp,100.0,3,1,unchanged
BU05991467,Oosterflank,BU05991467,Oosterflank,100.0,4,1,unchanged
BU05991468,Nesselande,BU05991468,Nesselande,100.0,2,1,unchanged
BU05991570,Charlois Zuidrand,BU05991570,Charlois Zuidrand,100.0,4,1,unchanged
BU05991571,Tarwewijk,BU05991571,Tarwewijk,100.0,4,1,unchanged
BU05991572,Carnisse,BU05991572,Carnisse,99.9,5,1,unchanged
BU05991573,Zuidwijk,BU05991573,Zuidwijk,99.9,4,1,unchanged
BU05991574,Oud Charlois,BU05991574,Oud Charlois,100.0,6,1,unchanged
BU05991575,Wielewaal,BU05991575,Wielewaal,100.0,2,1,unchanged
BU05991576,Zuidplein,BU05991576,Zuidplein,100.0,4,1,unchanged
BU05991577,Pendrecht,BU05991577,Pendrecht,99.7,5,1,unchanged
BU05991578,Zuiderpark,BU05991578,Zuiderpark,78.3,7,1,split
BU05991593,Heijplaat,BU05991593,Heijplaat,100.0,2,1,unchanged
BU05991692,Hoogvliet Noord,BU05991692,Hoogvliet Noord,100.0,3,1,unchanged
BU05991699,Hoogvliet Zuid,BU05991699,Hoogvliet Zuid,100.0,2,1,unchanged
BU05991701,Strand en Duin,BU05991701,Strand en Duin,97.8,3,1,split
BU05991702,Dorp,BU05991702,Dorp,100.0,3,1,unchanged
BU05991703,Rijnpoort,BU05991703,Rijnpoort,100.0,3,1,unchanged
BU05991853,Spaanse Polder,BU05991853,Spaanse Polder,100.0,1,1,unchanged
BU05991926,Nieuw Mathenesse,BU05991926,Nieuw Mathenesse,100.0,3,1,unchanged
BU05992194,Waalhaven,BU05992194,Waalhaven,100.0,4,1,unchanged
BU05992196,Eemhaven,BU05992196,Eemhaven,100.0,4,1,unchanged
BU05992198,Waalhaven Zuid,BU05992198,Waalhaven Zuid,100.0,2,1,unchanged
BU05992295,Vondelingenplaat,BU05992295,Vondelingenplaat,100.0,1,1,unchanged
BU05992306,Botlek,BU05992306,Botlek,100.0,3,1,unchanged
BU05992307,Europoort,BU05992307,Europoort,100.0,4,1,unchanged
BU05992308,Maasvlakte,BU05992308,Maasvlakte,99.4,3,1,unchanged
BU05992459,Bedrijvenpark Noord-West,BU05992459,Bedrijvenpark Noord-West,100.0,2,1,unchanged
BU05992540,Rivium,BU05992540,Rivium,100.0,1,1,unchanged
BU05992650,Bedrijventerrein Schieveen,BU05990454,Schieveen,99.9,2,2,recoded
BU05992704,Rozenburg,BU05992704,Rozenburg,100.0,1,1,unchanged
BU05992705,Noordzeeweg,BU05992705,Noordzeeweg,100.0,1,1,unchanged
BU05999998,,BU05999998,Buitenwater,72.9,2,1,split
BU06030111,Cromvliet,BU06030111,Cromvliet,100.0,1,1,unchanged
BU06030112,Leeuwendaal,BU06030112,Leeuwendaal,100.0,1,1,unchanged
BU06030221,Oud-Rijswijk,BU06030221,Oud-Rijswijk,100.0,1,1,unchanged
BU06030222,Bomenbuurt,BU06030222,Bomenbuurt,100.0,1,1,unchanged
BU06030223,Welgelegen,BU06030223,Welgelegen,100.0,1,1,unchanged
BU06030224,Rembrandtkwartier,BU06030224,Rembrandtkwartier,100.0,1,1,unchanged
BU06030225,Havenkwartier,BU06030225,Havenkwartier,100.0,1,1,unchanged
BU06030331,Julianapark,BU06030431,Julianapark,100.0,1,1,recoded
BU06030332,Huis te Lande,BU06030432,Huis te Lande,100.0,1,1,recoded
BU06030333,Stationskwartier,BU06030633,Stationskwartier,100.0,1,1,recoded
BU06030334,Te Werve,BU06030434,Te Werve,100.0,1,1,recoded
BU06030441,Spoorzicht,BU06030641,Spoorzicht,100.0,1,1,recoded
BU06030442,Kleurenbuurt,BU06030642,Kleurenbuurt,100.0,1,1,recoded
BU06030443,Artiestenbuurt,BU06030643,Artiestenbuurt,100.0,1,1,recoded
BU06030551,Overvoorde,BU06030851,Overvoorde,100.0,1,1,recoded
BU06030552,Strijp,BU06030852,Strijp,100.0,1,1,recoded
BU06030553,Presidentenbuurt,BU06030853,Presidentenbuurt,100.0,1,1,recoded
BU06030554,Ministerbuurt,BU06030854,Ministerbuurt,100.0,1,1,recoded
BU06030661,Stervoorde,BU06030961,Stervoorde,100.0,1,1,recoded
BU06030662,Eikelenburg,BU06030962,Eikelenburg,100.0,1,1,recoded
BU06030663,Hoekpolder,BU06030963,Hoekpolder,100.0,1,1,recoded
BU06030664,Sion,BU06031064,Sion,100.0,1,1,recoded
BU06030771,Muziekbuurt,BU06030771,Muziekbuurt,100.0,1,1,unchanged
BU06030772,Wilhelminapark,BU06030772,Wilhelminapark,100.0,1,1,unchanged
BU06030881,Plaspoelpolder,BU06030581,Plaspoelpolder,100.0,1,1,recoded
BU06030882,Elsenburg,BU06031082,Elsenburg,100.0,1,1,recoded
BU06030883,Pasgeld,BU06031083,Pasgeld,100.0,1,1,recoded
BU06030884,Haantje,BU06031084,Haantje,100.0,1,1,recoded
BU06030991,Hoornwijck,BU06030391,Hoornwijck,100.0,1,1,recoded
BU06030992,Broekpolder,BU06030392,Broekpolder,100.0,1,1,recoded
BU06030993,Kraayenburg,BU06031193,Kraayenburg,100.0,1,1,recoded
BU06030994,Vrijenban,BU06031194,Vrijenban,100.0,2,1,recoded
BU06060000,Buurt 00,BU06060001,Binnenstad,95.9,4,1,split
BU06060101,Stadserf,BU06060101,Stadserf,100.0,1,1,unchanged
BU06060102,Natuurkundigenbuurt,BU06060102,Natuurkundigenbuurt,65.7,5,1,split
BU06060103,Singelkwartier,BU06060103,Singelkwartier,92.9,6,1,split
BU06060104,Stationsbuurt,BU06060104,Stationsbuurt,98.4,3,1,split
BU06060105,Wetenschappersbuurt,BU06060105,Wetenschappersbuurt,39.7,7,1,split
BU06060106,Newtonbuurt,BU06060106,Newtonbuurt,98.0,6,1,split
BU06060107,Rotterdamsedijk,BU06060109,Marconibuurt,56.8,8,1,split
BU06060201,Brandersbuurt,BU06060002,Brandersbuurt,96.0,5,1,split
BU06060202,Walvisbuurt,BU06060003,Walvisbuurt,89.8,6,1,split
BU06060203,De Plantage,BU06060004,De Plantage,87.9,7,1,split
BU06060301,Schildersbuurt,BU06060301,Schildersbuurt,92.8,3,1,split
BU06060302,Schrijversbuurt,BU06060302,Schrijversbuurt,90.7,6,1,split
BU06060303,Fabribuurt,BU06060303,Fabribuurt,95.7,6,1,split
BU06060304,Frankenland,BU06060304,Frankenland,88.8,6,1,split
BU06060305,Liduinabuurt,BU06060305,Liduinabuurt,82.4,3,1,split
BU06060306,Nassaubuurt,BU06060306,Nassaukwartier,90.7,4,1,split
BU06060307,Oranjekwartier,BU06060307,Oranjekwartier,96.0,3,1,split
BU06060308,Haverschmidtkwartier,BU06060308,Haverschmidtkwartier,95.2,4,1,split
BU06060309,Distillateursbuurt,BU06060309,Distillateursbuurt,78.0,3,1,split
BU06060401,Noletbuurt,BU06060401,Noletbuurt,90.4,6,1,split
BU06060402,Eilandenbuurt,BU06060402,Eilandenbuurt,93.9,5,1,split
BU06060403,Piet Sandersbuurt,BU06060403,Sandersbuurt,91.8,3,1,split
BU06060404,Maasboulevard,BU06060404,Maasboulevard,86.9,5,1,split
BU06060405,Havenbuurt,BU06060202,Wilhelminahaven,66.3,8,1,split
BU06060500,Nieuw-Mathenesse,BU06060203,Nieuw-Mathenesse,70.5,5,1,split
BU06060602,Spieringshoek,BU06060310,Park Vijfsluizen,57.6,7,1,split
BU06060603,Staatsliedenbuurt,BU06060603,Staatsliedenbuurt,90.3,5,1,split
BU06060604,Vakbondsliedenbuurt,BU06060604,Vakbondsliedenbuurt,63.5,5,1,split
BU06060605,Hollandiabuurt,BU06060605,Hollandiabuurt,85.2,5,1,split
BU06060606,Schiehart,BU06060606,Schiehart,96.8,4,1,split
BU06060607,Nolensbuurt,BU06060607,Nolensbuurt,37.6,7,1,split
BU06060608,Wibautbuurt,BU06060610,Wibautbuurt,62.6,11,1,split
BU06060701,Parkenbuurt/Bijdorp,BU06060506,Beatrixpark,31.4,14,1,split
BU06060702,Groenoord-Zuid,BU06060702,Groenoord-Zuid,74.2,6,1,split
BU06060703,Groenoord-Midden,BU06060701,Van Beethovenbuurt,44.4,6,1,split
BU06060704,Groenoord-Noord,BU06060705,Groenoord-Noord,69.4,5,1,split
BU06060705,Kethel-dorp,BU06060501,Kethel-dorp,82.7,5,1,split
BU06060706,Vogelbuurt,BU06060502,Zwaluwbuurt,88.0,5,1,split
BU06060707,Tuindorp,BU06060503,Tuindorp,94.7,3,1,split
BU06060801,Spaanse Polder,BU06060801,Spaanse Polder,96.1,4,1,split
BU06060802,'s-Gravelandsepolder,BU06060802,'s-Graveland,75.8,6,1,split
BU06060803,Polderwetering,BU06061102,Polderwetering,90.7,2,1,split
BU06060901,Toneelspelersbuurt,BU06060901,Toneelspelersbuurt,93.7,3,1,split
BU06060902,Ambachtenbuurt,BU06060902,Ambachtenbuurt,88.2,5,1,split
BU06060903,Kastelenbuurt,BU06060903,Kastelenbuurt,87.2,6,1,split
BU06060904,Botenbuurt,BU06060904,Botenbuurt,83.6,4,1,split
BU06060905,De Gaarden/Sveafors,BU06061001,De Gaarden en Windas,59.1,9,1,split
BU06060906,De Vlinderhoven/Sveaholm,BU06061002,De Vlinderhoven,65.3,6,1,split
BU06060907,De Akkers en De Velden,BU06061004,De Velden,43.3,8,1,split
BU06060908,Sveaborg en -Dal,BU06061005,Sveaborg en Sveadal,90.2,6,1,split
BU06060909,Noordkethelpolder,BU06061101,Noordkethelpolder,85.6,6,1,split
BU06100101,Baanhoek-West,BU06100101,Baanhoek-West,100.0,1,1,unchanged
BU06100102,Baanhoek-Bedrijven,BU06100102,Baanhoek-Bedrijven,100.0,1,1,unchanged
BU06100103,De Weren,BU06100103,De Weren,100.0,1,1,unchanged
BU06100104,Benedenveer,BU06100104,Benedenveer,100.0,1,1,unchanged
BU06100105,Baanhoek-Oost,BU06100105,Baanhoek-Oost,100.0,1,1,unchanged
BU06100106,Prickwaert en Weresteijn,BU06100106,Prickwaert en Weresteijn,100.0,1,1,unchanged
BU06100107,De Hoven,BU06100107,De Hoven,100.0,1,1,unchanged
BU06100108,Molendijk,BU06100108,Molendijk,100.0,1,1,unchanged
BU06100109,Bedrijventerrein Het Plaatje,BU06100109,Bedrijventerrein Het Plaatje,100.0,1,1,unchanged
BU06100201,Rivierenbuurt-Noord,BU06100201,Rivierenbuurt-Noord,100.0,1,1,unchanged
BU06100202,Rivierenbuurt-Zuid,BU06100202,Rivierenbuurt-Zuid,100.0,1,1,unchanged
BU06100203,Kerkbuurt-West,BU06100203,Kerkbuurt-West,100.0,1,1,unchanged
BU06100204,Buitenuitbreiding-West,BU06100204,Buitenuitbreiding-West,100.0,1,1,unchanged
BU06100205,Bedrijventerrein Kerkerak,BU06100205,Bedrijventerrein Kerkerak,100.0,1,1,unchanged
BU06100206,Stationsweg,BU06100206,Stationsweg,100.0,1,1,unchanged
BU06100207,Staatsliedenbuurt,BU06100207,Staatsliedenbuurt,100.0,1,1,unchanged
BU06100208,Winklerplein-Noord,BU06100208,Winklerplein-Noord,100.0,1,1,unchanged
BU06100209,Winklerplein-Zuid,BU06100209,Winklerplein-Zuid,100.0,1,1,unchanged
BU06100210,Kerkbuurt-Oost,BU06100210,Kerkbuurt-Oost,100.0,1,1,unchanged
BU06100211,Buitenuitbreiding-Oost,BU06100211,Buitenuitbreiding-Oost,100.0,1,1,unchanged
BU06100301,Vogelbuurt-Noord,BU06100301,Vogelbuurt-Noord,100.0,1,1,unchanged
BU06100302,Vogelbuurt-Zuid,BU06100302,Vogelbuurt-Zuid,100.0,1,1,unchanged
BU06100303,Middenveer,BU06100303,Middenveer,100.0,1,1,unchanged
BU06100304,Rivierdijk-West,BU06100304,Rivierdijk-West,100.0,1,1,unchanged
BU06100305,De Grienden,BU06100305,De Grienden,100.0,1,1,unchanged
BU06100306,Rivierdijk-Midden,BU06100306,Rivierdijk-Midden,100.0,1,1,unchanged
BU06100307,Rivierdijk-Oost,BU06100307,Rivierdijk-Oost,100.0,1,1,unchanged
BU06100401,Het Buitengebied,BU06100401,Het Buitengebied,100.0,1,1,unchanged
BU06100402,Bedrijventerrein De Driehoek,BU06100402,Bedrijventerrein De Driehoek,100.0,1,1,unchanged
BU06100403,Bedrijventerrein Nijverwaard,BU06100403,Bedrijventerrein Nijverwaard,100.0,1,1,unchanged
BU06100404,Bedrijventerrein Stationspark,BU06100404,Bedrijventerrein Stationspark,100.0,1,1,unchanged
BU06100405,Sportpark,BU06100405,Sportpark,100.0,1,1,unchanged
BU06100406,Bedrijventerrein Noordoost-Kwadrant,BU06100406,Bedrijventerrein Noordoost-Kwadrant,100.0,1,1,unchanged
BU06110000,Nieuwbouw Dorp,BU19630900,Numansdorp Woonkern,99.6,2,2,recoded (gemeente change)
BU06110001,Middelsluis,BU19630999,Numansdorp Buitengebied,36.6,3,3,merged
BU06110003,Schuring,BU19630999,Numansdorp Buitengebied,100.0,1,3,recoded (gemeente change)
BU06110004,Numansdorp,BU19630900,Numansdorp Woonkern,94.3,2,2,merged
BU06110009,Verspreide huizen Numansdorp,BU19630999,Numansdorp Buitengebied,98.1,6,3,merged
BU06110100,Klaaswaal,BU19630800,Klaaswaal Woonkern,70.7,2,1,split
BU06110101,Oude Sluis,BU19630899,Klaaswaal Buitengebied,98.2,3,3,merged
BU06110108,Verspreide huizen West,BU19630899,Klaaswaal Buitengebied,98.0,5,3,merged
BU06110109,Verspreide huizen Oost,BU19630899,Klaaswaal Buitengebied,99.4,3,3,recoded (gemeente change)
BU06119997,,BU19639997,Groot binnenwater,99.8,3,3,recoded (gemeente change)
BU06130101,Valckesteyn,BU06130101,Valckesteyn,100.0,1,1,unchanged
BU06130102,Zwaardijk-Kruisdijk,BU06130102,Zwaardijk-Kruisdijk,100.0,1,1,unchanged
BU06130103,Poortugaal,BU06130103,Poortugaal,100.0,1,1,unchanged
BU06130104,Buitengebied Poortugaal,BU06130104,Buitengebied Poortugaal,100.0,2,1,unchanged
BU06130205,Rhoon Noord,BU06130205,Rhoon Noord,100.0,1,1,unchanged
BU06130207,Buitengebied Rhoon-Noord,BU06130207,Buitengebied Rhoon-Noord,100.0,1,1,unchanged
BU06130308,Beatrixstraat,BU06130308,Beatrixstraat,100.0,2,1,unchanged
BU06130309,Landweg,BU06130309,Landweg,100.0,1,1,unchanged
BU06130310,Poortugaal-Centrum,BU06130310,Poortugaal-Centrum,100.0,1,1,unchanged
BU06130311,Poortugaal Zuid,BU06130311,Poortugaal Zuid,100.0,1,1,unchanged
BU06130312,Polder Albrandswaard,BU06130312,Polder Albrandswaard,100.0,1,1,unchanged
BU06130313,Kijvelanden,BU06130313,Kijvelanden,100.0,1,1,unchanged
BU06130414,Rhoon-Centrum,BU06130414,Rhoon-Centrum,100.0,1,1,unchanged
BU06130415,Ghijseland,BU06130415,Ghijseland,100.0,1,1,unchanged
BU06130416,Overhoeken,BU06130416,Overhoeken,100.0,1,1,unchanged
BU06130417,Park Rhoon,BU06130417,Park Rhoon,100.0,1,1,unchanged
BU06130418,Rhoon-Zuidoost,BU06130418,Rhoon-Zuidoost,100.0,1,1,unchanged
BU06130419,Tijsjesdijk,BU06130419,Tijsjesdijk,100.0,1,1,unchanged
BU06130420,Buitengebied Rhoon-Zuid,BU06130420,Buitengebied Rhoon-Zuid,100.0,1,1,unchanged
BU06130521,Portland-Koedoodzone,BU06130521,Portland-Koedoodzone,100.0,1,1,unchanged
BU06130522,Buitengebied,BU06130522,Buitengebied,100.0,2,1,unchanged
BU06130623,Driehoek,BU06130623,Driehoek,100.0,1,1,unchanged
BU06130624,Portland-Centrum,BU06130624,Portland-Centrum,100.0,1,1,unchanged
BU06130625,Wijkpark Portland,BU06130625,Wijkpark Portland,100.0,1,1,unchanged
BU06130626,De Eilanden,BU06130626,De Eilanden,100.0,1,1,unchanged
BU06130706,Distripark,BU06130706,Distripark,100.0,1,1,unchanged
BU06140000,Rockanje,BU19922000,Rockanje,100.0,1,1,recoded (gemeente change)
BU06140001,Helhoek,BU19922001,Helhoek,100.0,1,1,recoded (gemeente change)
BU06140002,Strijpe,BU19922002,Strijpe,100.0,1,1,recoded (gemeente change)
BU06140003,Stuifakker,BU19922003,Stuifakker,100.0,1,1,recoded (gemeente change)
BU06140004,Zuidhoek,BU19922004,Zuidhoek,100.0,1,1,recoded (gemeente change)
BU06140005,Nieuw gebied,BU19922005,Nieuw gebied,100.0,1,1,recoded (gemeente change)
BU06140009,Verspreide huizen,BU19922009,Verspreide huizen,99.0,2,1,split
BU06140100,Oostvoorne,BU19922100,Oostvoorne,100.0,1,1,recoded (gemeente change)
BU06140101,De Waranda,BU19922101,De Waranda,100.0,1,1,recoded (gemeente change)
BU06140102,Kruiningergors,BU19922102,Kruiningergors,100.0,1,1,recoded (gemeente change)
BU06140103,Tinte,BU19922103,Tinte,100.0,1,1,recoded (gemeente change)
BU06140104,Goudhoek,BU19922104,Goudhoek,100.0,1,1,recoded (gemeente change)
BU06140105,Vogelenzang,BU19922105,Vogelenzang,100.0,1,1,recoded (gemeente change)
BU06140106,Duinoord,BU19922106,Duinoord,100.0,1,1,recoded (gemeente change)
BU06140108,Verspreide huizen in het Westen,BU19922108,Verspreide huizen in het Westen,98.2,2,1,split
BU06140109,Verspreide huizen in het Oosten,BU19922109,Verspreide huizen in het Oosten,100.0,2,1,recoded (gemeente change)
BU06149998,,BU19929998,Buitenwater,99.0,3,2,merged
BU06170001,Strijen-Centrum,BU19630700,Strijen Woonkern,99.8,2,5,recoded (gemeente change)
BU06170002,Oranjewijk,BU19630700,Strijen Woonkern,74.1,3,5,merged
BU06170003,Land van Essche,BU19630700,Strijen Woonkern,97.4,2,5,merged
BU06170004,Over de Keen,BU19630700,Strijen Woonkern,96.6,2,5,merged
BU06170005,Noord,BU19630700,Strijen Woonkern,92.7,2,5,merged
BU06170007,Oud Bonaventura (bedrijfsterrein),BU19630750,Strijen Bedrijventerrein Bonaventura,73.1,3,1,split
BU06170008,Strijensas,BU19630799,Strijen Buitengebied,90.0,2,7,merged
BU06170009,Mookhoek,BU19630799,Strijen Buitengebied,100.0,1,7,recoded (gemeente change)
BU06170010,Cillaarshoek,BU19630799,Strijen Buitengebied,75.6,2,7,merged
BU06170011,Klem,BU19630799,Strijen Buitengebied,100.0,1,7,recoded (gemeente change)
BU06170012,Buitengebied-Zuid,BU19630799,Strijen Buitengebied,99.2,3,7,recoded (gemeente change)
BU06170013,Buitengebied-West,BU19630799,Strijen Buitengebied,99.3,2,7,recoded (gemeente change)
BU06170014,Buitengebied-Oost,BU19630799,Strijen Buitengebied,98.7,3,7,merged
BU06179997,,BU19639997,Groot binnenwater,100.0,2,3,recoded (gemeente change)
BU06200000,Oude Stad,BU19612301,Vianen buitengebied noord,62.7,5,3,merged
BU06200001,Zederik,BU19612103,Zederik-Zuid,30.4,7,1,split
BU06200002,De Hagen,BU19612301,Vianen buitengebied noord,60.9,9,3,merged
BU06200003,Vijfheerenlanden,BU19612201,De Vijfheerenlanden,61.4,5,1,split
BU06200004,Industrieterrein Vianen,BU19612001,De Hagen (bedrijventerrein),70.7,11,1,split
BU06200005,Monnikenhof en Amaliastein,BU19611901,Monnikenhof centrum,22.0,12,1,split
BU06200007,Verspreide huizen Helsdingen,BU19612301,Vianen buitengebied noord,98.8,5,3,merged
BU06200009,Overige verspreide huizen Vianen,BU19612302,Vianen buitengebied zuid,87.4,7,1,split
BU06200100,Hagestein,BU19613401,Hagestein kern,73.5,6,1,split
BU06200101,Industrieterrein Hagestein,BU19612002,De Biezen,57.9,8,1,split
BU06200107,Verspreide huizen in het Oosten,BU19613502,Hagestein buitengebied oost,95.1,6,1,split
BU06200108,Verspreide huizen in het Noorden,BU19613501,Hagestein buitengebied noord,59.0,9,1,split
BU06200109,Verspreide huizen in het Zuidwesten,BU19613503,Hagestein buitengebied zuid,50.2,8,1,split
BU06200200,Everdingen,BU19613801,Everdingen buitengebied,87.1,3,3,merged
BU06200201,Zijderveld,BU19613301,Zijderveld buitengebied,93.3,3,1,split
BU06200202,Diefdijk (gedeeltelijk),BU19613801,Everdingen buitengebied,79.9,2,3,merged
BU06200209,Verspreide huizen Everdingen,BU19613801,Everdingen buitengebied,97.6,5,3,merged
BU06220101,Indische buurt,BU06220101,Indische Buurt,97.6,4,1,split
BU06220102,Vettenoordse polder Oost,BU06220102,Vettenoordse Polder Oost,98.1,8,1,split
BU06220103,Centrum,BU06220103,Centrum,96.3,5,1,split
BU06220104,Hoogstad,BU06220104,Hoogstad,99.5,2,1,unchanged
BU06220201,Hoogkamer,BU06220201,Hoogkamer,98.2,5,1,split
BU06220202,Zuidbuurt,BU06220202,Zuidbuurt,92.7,6,1,split
BU06220203,Wetering,BU06220203,Wetering,95.7,7,1,split
BU06220204,Lage welde,BU06220204,Lage Weide,99.1,4,1,unchanged
BU06220205,Buitengebied Zuidbuurt,BU06220205,Buitengebied Zuidbuurt,98.3,6,1,split
BU06220301,De vergulde Hand,BU06220301,De Vergulde Hand,89.2,3,1,split
BU06220302,Lickebaert,BU06220302,Lickebaert,74.5,3,1,split
BU06220303,'t Scheur,BU06220303,'t Scheur,100.0,3,1,unchanged
BU06220304,Deltagebied,BU06220304,Deltagebied,97.1,3,1,split
BU06220305,Park Zuidbuurt,BU06220305,Park Zuidbuurt,93.3,4,1,split
BU06220306,Vettenoordse polder West,BU06220306,Vettenoordse Polder West,98.7,5,1,split
BU06220307,Maasboulevard,BU06220307,Maasboulevard,95.7,4,1,split
BU06220401,Hofbuurt,BU06220401,Hofbuurt,95.7,6,1,split
BU06220402,Oostbuurt,BU06220402,Oostbuurt,99.0,5,1,split
BU06220403,Havengebied Oost,BU06220403,Havengebied Oost,99.4,4,1,unchanged
BU06220404,Vijfsluizen,BU06220404,Vijfsluizen,98.8,4,1,split
BU06220501,Babberspolder Noord,BU06220501,Babberspolder Noord,98.5,5,1,split
BU06220502,Oranjebuurt,BU06220502,Oranjebuurt,95.1,7,1,split
BU06220503,Babberspolder West,BU06220503,Babberspolder West,97.0,4,1,split
BU06220504,Babberspolder Oost,BU06220504,Babberspolder Oost,96.6,3,1,split
BU06220505,'t Nieuwe Lant,BU06220505,'t Nieuwe Lant,100.0,2,1,unchanged
BU06220601,Vaart Zuid,BU06220601,Vaart Zuid,92.3,6,1,split
BU06220602,Statenbuurt,BU06220602,Statenbuurt,100.0,2,1,unchanged
BU06220603,Loper Zuid,BU06220603,Loper Zuid,96.5,3,1,split
BU06220604,Vogelbuurt Noord,BU06220604,Vogelbuurt Noord,94.7,5,1,split
BU06220605,Sportpark Holy,BU06220605,Sportpark Holy,95.2,5,1,split
BU06220606,Vogelbuurt Zuid,BU06220606,Vogelbuurt Zuid,94.1,3,1,split
BU06220701,Drevenbuurt,BU06220701,Drevenbuurt,95.3,6,1,split
BU06220702,Kruidenbuurt,BU06220702,Kruidenbuurt,93.4,4,1,split
BU06220703,Loper Noord,BU06220703,Loper Noord,94.3,2,1,split
BU06220704,Hoofdstedenbuurt,BU06220704,Hoofdstedenbuurt,88.8,5,1,split
BU06220705,Park Holy Noord,BU06220705,Park Holy Noord,90.3,6,1,split
BU06220706,Hoevenbuurt,BU06220706,Hoevenbuurt,95.9,5,1,split
BU06220707,Hollerhoekse polder,BU06220707,Holierhoekse Polder,98.9,5,1,split
BU06220708,Vaart Noord,BU06220708,Vaart Noord,97.4,3,1,split
BU06220801,Broekpolder gebied,BU06220801,Broekpolder gebied,99.9,6,1,unchanged
BU06260001,Noord-Hofland,BU06260001,Noord-Hofland,90.7,3,1,split
BU06260002,Adegeest,BU06260002,Adegeest,94.9,6,1,split
BU06260004,Boschgeest,BU06260004,Boschgeest,94.3,4,1,split
BU06260006,Bijdorp,BU06260006,Bijdorp,96.3,5,1,split
BU06260007,Vlietwijk,BU06260007,Vlietwijk,99.6,3,1,unchanged
BU06260008,Starrenburg,BU06260008,Starrenburg,91.9,5,1,split
BU06260009,Dobbewijk,BU06260009,Dobbewijk,90.4,3,1,split
BU06260010,Krimwijk,BU06260010,Krimwijk,89.5,3,1,split
BU06260011,Centrum,BU06260011,Centrum,92.7,4,1,split
BU06260012,Nassauwijk,BU06260012,Nassauwijk,96.4,6,1,split
BU06260013,Bloemenwijk,BU06260013,Bloemenwijk,95.7,3,1,split
BU06260014,Buitengebied,BU06260014,Buitengebied,98.8,5,1,split
BU06270101,Groenswaard 1,BU06270101,Groenswaard 1,100.0,1,1,unchanged
BU06270102,Groenswaard 2,BU06270102,Groenswaard 2,100.0,1,1,unchanged
BU06270103,Groenswaard 3,BU06270103,Groenswaard 3,100.0,1,1,unchanged
BU06270104,Peter Zuidlaan en Horstenbuurt,BU06270104,Peter Zuidlaan en Horstenbuurt,100.0,2,1,unchanged
BU06270105,West 1,BU06270105,West 1,100.0,1,1,unchanged
BU06270106,Bomenwijk,BU06270106,Bomenwijk,100.0,2,1,unchanged
BU06270202,Zuidplas 80,BU06270202,Zuidplas 80,100.0,1,1,unchanged
BU06270203,Zuidplas 90,BU06270203,Zuidplas 90,100.0,1,1,unchanged
BU06270204,Triangel,BU06270204,Triangel,100.0,1,1,unchanged
BU06270205,West 2,BU06270205,West 2,100.0,1,1,unchanged
BU06270301,Oranjewijk Zuid,BU06270301,Oranjewijk Zuid,100.0,1,1,unchanged
BU06270302,Oranjewijk Noord,BU06270302,Oranjewijk Noord,100.0,1,1,unchanged
BU06270303,Vondelwijk,BU06270303,Vondelwijk,100.0,1,1,unchanged
BU06270304,Noordkade,BU06270304,Noordkade,100.0,1,1,unchanged
BU06270401,Centrum,BU06270401,Centrum,100.0,1,1,unchanged
BU06270402,Oostpolderwijk,BU06270402,Oostpolderwijk,100.0,1,1,unchanged
BU06270403,Bedrijventerrein Mercuriusweg,BU06270403,Bedrijventerrein Mercuriusweg,100.0,1,1,unchanged
BU06270404,Zuid,BU06270404,Zuid,100.0,1,1,unchanged
BU06270405,Coenecoop,BU06270405,Coenecoop,100.0,1,1,unchanged
BU06270406,'t Weegje,BU06270406,'t Weegje,100.0,1,1,unchanged
BU06270407,Oost,BU06270407,Oost,100.0,1,1,unchanged
BU06270408,Zeeheldenbuurt,BU06270408,Zeeheldenbuurt,100.0,1,1,unchanged
BU06290000,Drie Papegaaien,BU06290000,Drie Papegaaien,94.7,5,1,split
BU06290001,Oud-Wassenaar,BU06290001,Oud-Wassenaar,92.0,6,1,split
BU06290002,Nieuw-Wassenaar,BU06290002,Nieuw-Wassenaar,97.0,6,1,split
BU06290003,Duindigt met Groenendaal,BU06290003,Duindigt-Groenendaal,99.9,2,1,unchanged
BU06290004,Oud-Clingendaal,BU06290004,Oud-Clingendaal,92.0,5,1,split
BU06290005,De Kieviet,BU06290005,De Kieviet,95.4,5,1,split
BU06290006,Kerkehout,BU06290006,Kerkehout,88.9,2,1,split
BU06290007,Klingenbosch,BU06290007,Klingenbosch,89.2,4,1,split
BU06290008,Verspreide huizen Eikenhorst,BU06290008,Buitengebied Eikenhorst,98.1,4,1,split
BU06290009,Verspreide huizen Meijendel,BU06290009,Buitengebied Meijendel,96.3,6,1,split
BU06290100,De Paauw,BU06290100,De Paauw,96.4,4,1,split
BU06290101,Dorp Wassenaar,BU06290101,Dorp Wassenaar,97.7,5,1,split
BU06290102,Oostdorp,BU06290102,Oostdorp,89.4,4,1,split
BU06290103,Zijlwatering en haven,BU06290103,Zijlwatering-haven,98.7,3,1,split
BU06290104,De Deijl,BU06290104,Den Deijl,70.4,6,1,split
BU06290105,Groot Deijleroord en Ter Weer,BU06290105,Groot Deijleroord-Ter Weer,77.7,6,1,split
BU06290106,Rijksdorp met De Pan,BU06290106,Rijksdorp-De Pan,67.8,3,1,split
BU06290107,Maaldrift,BU06290107,Maaldrift,86.6,3,1,split
BU06290108,Verspreide huizen Raaphorst en in poldergebied,BU06290108,Buitengebied Raaphorst,97.3,9,1,split
BU06290109,Verspreide huizen Duinrell Wassenaarse Slag,BU06290109,Buitengebied Duinrell-Wassenaarse Slag,99.0,6,1,split
BU06290110,Weteringpark,BU06290110,Weteringpark,75.7,3,1,split
BU06299998,,BU06299998,Buitenwater,97.5,3,1,split
BU06320101,Binnenstad,BU06320101,Binnenstad,100.0,1,1,unchanged
BU06320102,Bloemen- en Bomenkwartier,BU06320102,Bloemen- en Bomenkwartier,100.0,2,1,unchanged
BU06320103,Bedrijventerrein Honthorst,BU06320103,Bedrijventerrein Honthorst,100.0,1,1,unchanged
BU06320104,Staatsliedenkwartier,BU06320104,Staatsliedenkwartier,100.0,1,1,unchanged
BU06320105,Vogelkwartier,BU06320105,Vogelkwartier,100.0,1,1,unchanged
BU06320106,Schilderskwartier,BU06320106,Schilderskwartier,100.0,1,1,unchanged
BU06320201,Bedrijventerrein Barwoutsw,BU06320201,Bedrijventerrein Barwoutswaarder,100.0,1,1,unchanged
BU06320202,Molenvliet-West,BU06320202,Molenvliet-West,100.0,1,1,unchanged
BU06320203,Molenvliet-Oost,BU06320203,Molenvliet-Oost,100.0,1,1,unchanged
BU06320204,Kromwijk,BU06320204,Kromwijk,100.0,1,1,unchanged
BU06320301,Middelland-Noord,BU06320301,Middelland-Noord,100.0,1,1,unchanged
BU06320302,Middelland-Zuid,BU06320302,Middelland-Zuid,100.0,1,1,unchanged
BU06320303,Snel en Polanen,BU06320303,Snel en Polanen,100.0,2,1,unchanged
BU06320304,Bedrijventerrein Pollanen,BU06320304,Bedrijventerrein Polanen,100.0,1,1,unchanged
BU06320305,Waterrijk,BU06320305,Waterrijk,100.0,1,1,unchanged
BU06320401,Rietveld,BU06320401,Rietveld,100.0,1,1,unchanged
BU06320402,Barwoutswaarder,BU06320402,Barwoutswaarder,100.0,1,1,unchanged
BU06320501,Geestdorp,BU06320501,Geestdorp,100.0,1,1,unchanged
BU06320502,Breeveld,BU06320502,Breeveld,100.0,2,1,unchanged
BU06320503,Cattenbroek,BU06320503,Cattenbroek,100.0,1,1,unchanged
BU06320601,Harmelen-Noord (dorp),BU06320601,Harmelen-Noord (dorp),100.0,2,1,unchanged
BU06320602,Harmelen-Zuid (dorp),BU06320602,Harmelen-Zuid (dorp),100.0,2,1,unchanged
BU06320603,Putkop,BU06320603,Putkop,100.0,2,1,unchanged
BU06320604,Buitengebied Harmelen,BU06320604,Buitengebied Harmelen,100.0,2,1,unchanged
BU06320605,Reijerscop,BU06320605,Reijerscop,100.0,2,1,unchanged
BU06320606,Gerverscop,BU06320606,Gerverscop,100.0,2,1,unchanged
BU06320701,Kamerik (dorp),BU06320701,Kamerik (dorp),100.0,2,1,unchanged
BU06320702,Kanis,BU06320702,Kanis,100.0,1,1,unchanged
BU06320703,Buitengebied Kamerik,BU06320703,Buitengebied Kamerik,100.0,2,1,unchanged
BU06320801,Zegveld (dorp),BU06320801,Zegveld (dorp),100.0,1,1,unchanged
BU06320802,Buitengebied Zegveld,BU06320802,Buitengebied Zegveld,100.0,1,1,unchanged
BU06370001,Dorp,BU06370103,Dorp-Oost,23.4,14,1,split
BU06370002,Stadscentrum,BU06370202,Centrum-Midden,22.1,13,1,split
BU06370003,Palenstein,BU06370306,Palenstein-Zuid,21.6,14,1,split
BU06370004,Driemanspolder,BU06370404,Driemanspolder-Centrum,22.4,16,1,split
BU06370100,Meerzicht-West,BU06370509,Landenbuurt,31.1,17,1,split
BU06370101,Meerzicht-Oost,BU06370505,Waterbuurt laag,22.1,17,1,split
BU06370200,Buytenwegh,BU06370602,Rodenbuurt-West,14.0,22,1,split
BU06370201,De Leyens,BU06370702,Strokenbuurt,23.1,17,1,split
BU06370300,Seghwaert-Zuidwest,BU06370809,Slotenbuurt,25.0,15,1,split
BU06370301,Seghwaert-Noordoost,BU06370802,Weidebuurt-Noord,21.3,16,1,split
BU06370400,Noordhove-West,BU06370908,Lijnenbuurt,28.9,12,1,split
BU06370401,Noordhove-Oost,BU06370904,Schansenbuurt-Zuid,34.3,14,1,split
BU06370500,Rokkeveen-West,BU06371014,Stationsbuurt-Zuid,16.4,13,1,split
BU06370501,Rokkeveen-Oost,BU06371007,Burgemeester Hoekstrapark,19.3,15,1,split
BU06370600,Oosterheem-Zuidwest,BU06371302,Oosterhage,30.1,10,1,split
BU06370601,Oosterheem-Noordoost,BU06371118,Zuid-Hollandbuurt-Zuidoost,14.6,17,1,split
BU06370800,Rokkehage,BU06371306,Dutch Innovation Park,36.5,8,1,split
BU06370801,Lansinghage,BU06371307,Lansinghage-Oost,67.4,7,1,split
BU06370802,Zoeterhage,BU06371301,Zoeterhage,69.6,10,1,split
BU06370803,Hoornerhage,BU06371303,Hoornerhage,53.2,9,1,split
BU06370902,Balijbos,BU06371401,Balijbos,84.9,5,1,split
BU06370903,Westerpark en omgeving,BU06371402,Westerpark,80.7,10,1,split
BU06370904,Buitengebied-West,BU06371403,Nieuwe Driemanspolder,51.2,7,1,split
BU06370905,Meerpolder,BU06371407,Meerpolder-Oost,57.2,8,1,split
BU06370906,Scheidingszone,BU06371408,Zoetermeerseplas,60.8,7,1,split
BU06370907,Van Tuyllpark,BU06371411,Van Tuyllpark,98.6,4,1,split
BU06380000,Zoeterwoude-Dorp,BU06380007,Dorp Noord,25.0,10,1,split
BU06380001,Westeinde,BU06380101,Westeinde,95.7,3,1,split
BU06380002,Zuidbuurt,BU06380909,Verspreide huizen,56.3,4,2,merged
BU06380003,Weipoort,BU06380303,Weipoort,92.6,2,1,split
BU06380004,Gelderswoude,BU06380404,Gelderswoude,100.0,1,1,recoded
BU06380009,Verspreide huizen,BU06380909,Verspreide huizen,70.1,8,2,merged
BU06380100,Hoge Rijndijk,BU06381011,Industriegebied Barrepolder,42.5,9,1,split
BU06420101,Slagveld en Omgeving,BU06420101,Slagveld en Omgeving,100.0,1,1,unchanged
BU06420102,Veerplein - Oostkeetshaven,BU06420102,Veerplein - Oostkeetshaven,100.0,1,1,unchanged
BU06420103,Drinkwaterbedrijf,BU06420103,Drinkwaterbedrijf,100.0,1,1,unchanged
BU06420104,Balkengat,BU06420104,Balkengat,100.0,1,1,unchanged
BU06420105,Noordpark,BU06420105,Noordpark,100.0,1,1,unchanged
BU06420106,Industriegebied Ringdijk,BU06420106,Industriegebied Ringdijk,100.0,1,1,unchanged
BU06420107,Staatsliedenbuurt-Noord,BU06420107,Staatsliedenbuurt-Noord,100.0,1,1,unchanged
BU06420108,Europesebuurt,BU06420108,Europesebuurt,100.0,1,1,unchanged
BU06420109,Staatsliedenbuurt-Zuid,BU06420109,Staatsliedenbuurt-Zuid,100.0,1,1,unchanged
BU06420110,Oud- en Gerbrandyplein,BU06420110,Oud- en Gerbrandyplein,100.0,1,1,unchanged
BU06420111,Winkelcentrum Walburg,BU06420111,Winkelcentrum Walburg,100.0,1,1,unchanged
BU06420112,De Were en omgeving,BU06420112,De Were en omgeving,100.0,1,1,unchanged
BU06420113,Lievershil en omgeving,BU06420113,Lievershil en omgeving,100.0,1,1,unchanged
BU06420114,Eem- en Zonnestein,BU06420114,Eem- en Zonnestein,100.0,1,1,unchanged
BU06420115,Swanendrif-Zuid,BU06420115,Swanendrif-Zuid,100.0,1,1,unchanged
BU06420201,Veerplein - De Werf,BU06420201,Veerplein - De Werf,100.0,1,1,unchanged
BU06420202,Euryza,BU06420202,Euryza,100.0,1,1,unchanged
BU06420203,Westkeetshaven,BU06420203,Westkeetshaven,100.0,1,1,unchanged
BU06420204,Brugweg,BU06420204,Brugweg,100.0,1,1,unchanged
BU06420205,Corridor-Oost,BU06420205,Corridor-Oost,100.0,1,1,unchanged
BU06420206,Voormalig veilingterrein,BU06420206,Voormalig veilingterrein,100.0,1,1,unchanged
BU06420207,Burgemeester Doornplein en omgeving,BU06420207,Burgemeester Doornplein en omgeving,100.0,1,1,unchanged
BU06420208,Prins Bernhardstraat en omgeving,BU06420208,Prins Bernhardstraat en omgeving,100.0,1,1,unchanged
BU06420209,Juliandorp,BU06420209,Juliandorp,100.0,1,1,unchanged
BU06420301,Industriegebied Develpoort,BU06420301,Industriegebied Develpoort,100.0,1,1,unchanged
BU06420302,Corridor-West,BU06420302,Corridor-West,100.0,1,1,unchanged
BU06420303,Schildersbuurt,BU06420303,Schildersbuurt,100.0,1,1,unchanged
BU06420304,Sterrenbeeldenbuurt,BU06420304,Sterrenbeeldenbuurt,100.0,1,1,unchanged
BU06420305,Planetenbuurt,BU06420305,Planetenbuurt,100.0,1,1,unchanged
BU06420306,Begraafplaats Noord,BU06420306,Begraafplaats Noord,100.0,1,1,unchanged
BU06420307,Officiervliet-Oost,BU06420307,Officiervliet-Oost,100.0,1,1,unchanged
BU06420308,Officiervliet-West,BU06420308,Officiervliet-West,100.0,1,1,unchanged
BU06420309,Ter Steeghe,BU06420309,Ter Steeghe,100.0,1,1,unchanged
BU06420310,Pilotenbuurt,BU06420310,Pilotenbuurt,100.0,1,1,unchanged
BU06420311,Langeraarstraat en omgeving,BU06420311,Langeraarstraat en omgeving,100.0,1,1,unchanged
BU06420312,Hoveniersplein - Griend,BU06420312,Hoveniersplein - Griend,100.0,1,1,unchanged
BU06420313,Prinsessenbuurt,BU06420313,Prinsessenbuurt,100.0,1,1,unchanged
BU06420401,De Hoge Devel,BU06420401,De Hoge Devel,100.0,1,1,unchanged
BU06420402,Componistenbuurt-Zuid,BU06420402,Componistenbuurt-Zuid,100.0,1,1,unchanged
BU06420403,Componistenbuurt-Midden,BU06420403,Componistenbuurt-Midden,100.0,1,1,unchanged
BU06420404,Componistenbuurt-Noord,BU06420404,Componistenbuurt-Noord,100.0,1,1,unchanged
BU06420405,Oudeland en Meubelmaker,BU06420405,Oudeland en Meubelmaker,100.0,1,1,unchanged
BU06420406,Klarinetsingel en omgeving,BU06420406,Klarinetsingel en omgeving,100.0,1,1,unchanged
BU06420407,Sonate en omgeving,BU06420407,Sonate en omgeving,100.0,1,1,unchanged
BU06420408,De As,BU06420408,De As,100.0,1,1,unchanged
BU06420409,Park Molenvliet,BU06420409,Park Molenvliet,100.0,1,1,unchanged
BU06420410,Industriegebied Molenvliet,BU06420410,Industriegebied Molenvliet,100.0,1,1,unchanged
BU06420501,Noordzijde De Hoge Devel,BU06420501,Noordzijde De Hoge Devel,100.0,1,1,unchanged
BU06420502,Develsteincollege,BU06420502,Develsteincollege,100.0,1,1,unchanged
BU06420503,Swinhove - De Lus,BU06420503,Swinhove - De Lus,100.0,1,1,unchanged
BU06420504,Koloniënbuurt,BU06420504,Koloniënbuurt,100.0,1,1,unchanged
BU06420505,Meerdervoort,BU06420505,Meerdervoort,100.0,1,1,unchanged
BU06420506,Dichtersbuurt-Midden,BU06420506,Dichtersbuurt-Midden,100.0,1,1,unchanged
BU06420507,Dichtersbuurt-West,BU06420507,Dichtersbuurt-West,100.0,1,1,unchanged
BU06420508,Verzetsheldenbuurt,BU06420508,Verzetsheldenbuurt,100.0,1,1,unchanged
BU06420509,Kapiteinflats,BU06420509,Kapiteinflats,100.0,1,1,unchanged
BU06420510,Zeeheldenbuurt,BU06420510,Zeeheldenbuurt,100.0,1,1,unchanged
BU06420511,Bloemenbuurt M(adelief) - Z(onnenbloem),BU06420511,Bloemenbuurt M(adelief) - Z(onnenbloem),100.0,1,1,unchanged
BU06420512,Bloemenbuurt D(ahlia) - G(eranium),BU06420512,Bloemenbuurt D(ahlia) - G(eranium),100.0,1,1,unchanged
BU06420513,Bloemenbuurt B(egonia) - C(rocus),BU06420513,Bloemenbuurt B(egonia) - C(rocus),100.0,1,1,unchanged
BU06420514,Bloemenbuurt H(yacinth) - L(Obelia),BU06420514,Bloemenbuurt H(yacinth) - L(Obelia),100.0,1,1,unchanged
BU06420515,Bloemenbuurt A(kelei),BU06420515,Bloemenbuurt A(kelei),100.0,1,1,unchanged
BU06420601,IJsvogelplein,BU06420601,IJsvogelplein,100.0,1,1,unchanged
BU06420602,Vogelbuurt-Oost,BU06420602,Vogelbuurt-Oost,100.0,1,1,unchanged
BU06420603,Ooievaar- en Vinkplein,BU06420603,Ooievaar- en Vinkplein,100.0,1,1,unchanged
BU06420604,Vogelbuurt-West,BU06420604,Vogelbuurt-West,100.0,1,1,unchanged
BU06420605,Leeuwerik- en Fazantplein,BU06420605,Leeuwerik- en Fazantplein,100.0,1,1,unchanged
BU06420606,Moermond-Zuid,BU06420606,Moermond-Zuid,100.0,1,1,unchanged
BU06420607,Boshuizen - Rechteren,BU06420607,Boshuizen - Rechteren,100.0,1,1,unchanged
BU06420608,Assumburg - Lunenburg,BU06420608,Assumburg - Lunenburg,100.0,1,1,unchanged
BU06420609,Hilverbeek en omgeving,BU06420609,Hilverbeek en omgeving,100.0,1,1,unchanged
BU06420610,Develzijde Nederhoven,BU06420610,Develzijde Nederhoven,100.0,1,1,unchanged
BU06420701,Industriegebied Groote Lindt,BU06420701,Industriegebied Groote Lindt,100.0,1,1,unchanged
BU06420702,De Geer-Oost,BU06420702,De Geer-Oost,100.0,1,1,unchanged
BU06420703,De Geer-West,BU06420703,De Geer-West,100.0,1,1,unchanged
BU06420704,Achterlindtsestraat,BU06420704,Achterlindtsestraat,100.0,1,1,unchanged
BU06420705,Kijfhoek,BU06420705,Kijfhoek,100.0,1,1,unchanged
BU06420706,"Emplacement ""Kijfhoek""",BU06420706,Emplacement 'Kijfhoek',100.0,1,1,unchanged
BU06420707,Groenesteeg - Langeweg,BU06420707,Groenesteeg - Langeweg,100.0,1,1,unchanged
BU06420708,Bakestein,BU06420708,Bakestein,100.0,1,1,unchanged
BU06420801,Molenweg-West,BU06420801,Molenweg-West,100.0,1,1,unchanged
BU06420802,Dorp-Noordoost,BU06420802,Dorp-Noordoost,100.0,1,1,unchanged
BU06420803,Dorp-Zuidoost,BU06420803,Dorp-Zuidoost,100.0,1,1,unchanged
BU06420804,Dorp-Zuid,BU06420804,Dorp-Zuid,100.0,1,1,unchanged
BU06420805,Bedrijventerrein Gors-Noord,BU06420805,Bedrijventerrein Gors-Noord,100.0,1,1,unchanged
BU06420901,Emplacement Kijfhoek en Langeweg,BU06420901,Emplacement Kijfhoek en Langeweg,100.0,1,1,unchanged
BU06420902,"Sportcomplex ""De Molenwei""",BU06420902,Sportcomplex 'De Molenwei',100.0,1,1,unchanged
BU06420903,Polder Heerjansdam,BU06420903,Polder Heerjansdam,100.0,1,1,unchanged
BU06420904,Kleine Lindt Polder,BU06420904,Kleine Lindt Polder,100.0,1,1,unchanged
BU06420905,Hooge Nespolder,BU06420905,Hooge Nespolder,100.0,1,1,unchanged
BU06420906,Het Buitenland en omgeving,BU06420906,Het Buitenland en omgeving,100.0,1,1,unchanged
BU06420907,Bedrijventerrein Gors-Zuid,BU06420907,Bedrijventerrein Gors-Zuid,100.0,1,1,unchanged
BU06540000,'s-Heerenhoek,BU06541501,Kern 's-Heerenhoek,94.0,2,1,split
BU06540001,Borssele,BU06540201,Kern Borssele,78.9,2,1,split
BU06540002,Nieuwdorp,BU06540901,Kern Nieuwdorp,88.7,2,1,split
BU06540003,Lewedorp,BU06540801,Kern Lewedorp,94.1,2,1,split
BU06540004,Havengebied Sloe,BU06540903,Havengebied Sloe Nieuwdorp,87.4,7,1,split
BU06540006,Verspreide huizen 's-Heerenhoek,BU06541502,Buitengebied 's-Heerenhoek,96.8,7,1,split
BU06540007,Verspreide huizen Borssele,BU06540202,Buitengebied Borssele,96.4,7,1,split
BU06540008,Verspreide huizen Nieuwdorp,BU06540902,Buitengebied Nieuwdorp,87.8,5,1,split
BU06540009,Verspreide huizen Lewedorp,BU06540802,Buitengebied Lewedorp,98.5,6,1,split
BU06540100,Heinkenszand,BU06540501,Kern Heinkenszand,94.5,3,1,split
BU06540101,'s-Gravenpolder,BU06541301,Kern 's-Gravenpolder,94.5,2,1,split
BU06540102,Nisse,BU06541001,Kern Nisse,81.4,2,1,split
BU06540103,'s-Heer-Abtskerke,BU06541401,Kern 's-Heer Abtskerke,79.8,2,1,split
BU06540106,Verspreide huizen Heinkenszand,BU06540502,Buitengebied Heinkenszand,97.6,6,1,split
BU06540107,Verspreide huizen 's-Gravenpolder,BU06541302,Buitengebied 's-Gravenpolder,93.5,7,1,split
BU06540108,Verspreide huizen Nisse,BU06541002,Buitengebied Nisse,94.2,8,1,split
BU06540109,Verspreide huizen 's Heer-Abtskerke,BU06541402,Buitengebied 's-Heer Abtskerke,98.2,6,1,split
BU06540200,Ovezande,BU06541201,Kern Ovezande,81.7,3,1,split
BU06540201,Hoedekenskerke,BU06540601,Kern Hoedekenskerke,71.5,2,1,split
BU06540202,Kwadendamme,BU06540701,Kern Kwadendamme,86.5,2,1,split
BU06540207,Verspreide huizen Ovezande,BU06541202,Buitengebied Ovezande,94.2,8,1,split
BU06540208,Verspreide huizen Hoedekenskerke,BU06540602,Buitengebied Hoedekenskerke,97.6,6,1,split
BU06540209,Verspreide huizen Kwadendamme,BU06540702,Buitengebied Kwadendamme,98.0,7,1,split
BU06540300,Baarland,BU06540101,Kern Baarland,59.2,2,1,split
BU06540301,Oudelande,BU06541101,Kern Oudelande,66.2,2,1,split
BU06540302,Driewegen,BU06540301,Kern Driewegen,64.0,2,1,split
BU06540303,Ellewoutsdijk,BU06540401,Kern Ellewoutsdijk,69.1,3,1,split
BU06540306,Verspreide huizen Baarland,BU06540102,Buitengebied Baarland,98.9,6,1,split
BU06540307,Verspreide huizen Oudelande,BU06541102,Buitengebied Oudelande,98.9,9,1,split
BU06540308,Verspreide huizen Driewegen,BU06540302,Buitengebied Driewegen,97.6,6,1,split
BU06540309,Verspreide huizen Ellewoutsdijk,BU06540402,Buitengebied Ellewoutsdijk,94.4,5,1,split
BU06549998,,BU06549998,Buitenwater,99.6,10,1,unchanged
BU06640101,Goes-Centrum,BU06640101,Goes-Centrum,100.0,1,1,unchanged
BU06640102,Goes-Oost,BU06640102,Goes-Oost,100.0,1,1,unchanged
BU06640103,Goes-Zuid,BU06640103,Goes-Zuid,100.0,1,1,unchanged
BU06640104,Goes-West,BU06640104,Goes-West,100.0,1,1,unchanged
BU06640105,Goes-Noordwest,BU06640105,Goes-Noordwest,100.0,1,1,unchanged
BU06640106,Goes-Noordoost,BU06640106,Goes-Noordoost,100.0,1,1,unchanged
BU06640107,Industrieterrein De Poel,BU06640107,Industrieterrein De Poel,100.0,1,1,unchanged
BU06640108,Industrieterrein Haven,BU06640108,Industrieterrein Haven,100.0,1,1,unchanged
BU06640109,Goese Meer,BU06640109,Goese Meer,100.0,1,1,unchanged
BU06640110,Overzuid,BU06640110,Overzuid,100.0,1,1,unchanged
BU06640111,Mannee,BU06640111,Mannee,100.0,1,1,unchanged
BU06640220,Wilhelminadorp,BU06640220,Wilhelminadorp,100.0,1,1,unchanged
BU06640229,Verspreide huizen Wilhelminadorp,BU06640229,Verspreide huizen Wilhelminadorp,100.0,2,1,unchanged
BU06640330,Kloetinge,BU06640330,Kloetinge,100.0,1,1,unchanged
BU06640331,Oostmolenpark,BU06640331,Oostmolenpark,100.0,1,1,unchanged
BU06640338,Verspreide huizen in het Oosten,BU06640338,Verspreide huizen in het Oosten,100.0,1,1,unchanged
BU06640339,Verspreide huizen in het Zuiden,BU06640339,Verspreide huizen in het Zuiden,100.0,1,1,unchanged
BU06640440,Kattendijke,BU06640440,Kattendijke,100.0,1,1,unchanged
BU06640449,Verspreide huizen Kattendijke,BU06640449,Verspreide huizen Kattendijke,100.0,1,1,unchanged
BU06640550,'s-Heer-Arendskerke,BU06640550,'s-Heer-Arendskerke,100.0,2,1,unchanged
BU06640551,De Schenge,BU06640551,De Schenge,100.0,1,1,unchanged
BU06640559,Verspreide huizen in het Westen,BU06640559,Verspreide huizen in het Westen,100.0,1,1,unchanged
BU06640660,Eindewege,BU06640660,Eindewege,100.0,1,1,unchanged
BU06640770,'s-Heer-Hendrikskinderen,BU06640770,'s-Heer-Hendrikskinderen,100.0,1,1,unchanged
BU06640778,Verspreide huizen ten noorden van 's-Heer-Hendrikskinderen,BU06640778,Verspreide huizen ten noorden van 's-Heer-Hendrikskinderen,100.0,1,1,unchanged
BU06640779,Verspreide huizen ten zuiden van 's-Heer-Hendrikskinderen,BU06640779,Verspreide huizen ten zuiden van 's-Heer-Hendrikskinderen,100.0,1,1,unchanged
BU06640880,Wolphaartsdijk,BU06640880,Wolphaartsdijk,100.0,1,1,unchanged
BU06640889,Verspreide huizen Wolphaartsdijk,BU06640889,Verspreide huizen Wolphaartsdijk,99.9,2,1,unchanged
BU06640990,Oud-Sabbinge,BU06640990,Oud-Sabbinge,100.0,1,1,unchanged
BU06649997,,BU06649997,Groot binnenwater,99.5,2,1,unchanged
BU06649998,,BU06649998,Buitenwater,100.0,2,1,unchanged
BU06680100,Kern Alphen,BU06680100,Kern Alphen,100.0,1,1,unchanged
BU06680101,Buitengebied Alphen,BU06680101,Buitengebied Alphen,100.0,1,1,unchanged
BU06680200,Kern Altforst,BU06680200,Kern Altforst,100.0,1,1,unchanged
BU06680201,Buitengebied Altforst,BU06680201,Buitengebied Altforst,100.0,2,1,unchanged
BU06680300,Kern Appeltern,BU06680300,Kern Appeltern,100.0,1,1,unchanged
BU06680301,Buitengebied Appeltern,BU06680301,Buitengebied Appeltern,100.0,1,1,unchanged
BU06680400,Kern Beneden-Leeuwen,BU06680400,Kern Beneden-Leeuwen,100.0,1,1,unchanged
BU06680401,Buitengebied Beneden-Leeuwen,BU06680401,Buitengebied Beneden-Leeuwen,100.0,1,1,unchanged
BU06680500,Kern Boven-Leeuwen,BU06680500,Kern Boven-Leeuwen,100.0,1,1,unchanged
BU06680501,Buitengebied Boven-Leeuwen,BU06680501,Buitengebied Boven-Leeuwen,100.0,1,1,unchanged
BU06680600,Kern Dreumel,BU06680600,Kern Dreumel,100.0,1,1,unchanged
BU06680601,Buitengebied Dreumel,BU06680601,Buitengebied Dreumel,100.0,1,1,unchanged
BU06680700,Kern Maasbommel,BU06680700,Kern Maasbommel,100.0,1,1,unchanged
BU06680701,Buitengebied Maasbommel,BU06680701,Buitengebied Maasbommel,100.0,1,1,unchanged
BU06680800,Kern Wamel,BU06680800,Kern Wamel,100.0,1,1,unchanged
BU06680801,Buitengebied Wamel,BU06680801,Buitengebied Wamel,100.0,1,1,unchanged
BU06770101,Hulst,BU06770101,Binnenstad,63.5,6,1,split
BU06770102,Linie,BU06770103,Linie,54.5,3,1,split
BU06770103,'t Jagertje-Schuddebeurs,BU06770111,Buitengebied Hulst,93.7,4,4,merged
BU06770104,Carmel,BU06770102,Carmel,73.9,5,1,split
BU06770105,Dullaert,BU06770106,Nassau,43.4,6,1,split
BU06770106,Absdaalseweg,BU06770109,Absdaalseweg,92.3,5,1,split
BU06770107,Hogeweg,BU06770110,Hogeweg,98.8,3,1,split
BU06770108,Zoetevaart,BU06770111,Buitengebied Hulst,63.5,8,4,merged
BU06770109,Groote Kreek,BU06770107,Groote Kreek,99.8,3,1,recoded
BU06770110,Absdale,BU06770111,Buitengebied Hulst,93.2,2,4,merged
BU06770112,Buitengebied Hulst,BU06770111,Buitengebied Hulst,95.7,9,4,merged
BU06770213,Kern Sint Jansteen,BU06770202,Walhoek,34.3,8,1,split
BU06770214,Buitengebied Sint Jansteen,BU06770204,Buitengebied Sint Jansteen,38.3,10,1,split
BU06770315,Kern Clinge,BU06770301,Goukensberg,40.1,4,1,split
BU06770316,Buitengebied Clinge,BU06770303,Buitengebied Clinge,66.5,8,1,split
BU06770417,Kern Graauw,BU06770401,Kern Graauw,85.2,2,1,split
BU06770418,Kern Zandberg,BU06770403,Buitengebied Graauw,97.5,3,2,merged
BU06770419,Kern Paal,BU06770402,Paal,96.3,5,1,split
BU06770420,Buitengebied Graauw,BU06770403,Buitengebied Graauw,80.1,11,2,merged
BU06770521,Kern Heikant,BU06770501,Kern Heikant,60.1,4,1,split
BU06770522,Buitengebied Heikant,BU06770502,Buitengebied Heikant,83.6,3,1,split
BU06770623,Kern Nieuw Namen,BU06770601,Kern Nieuw Namen,97.1,2,1,split
BU06770624,Buitengebied Nieuw Namen,BU06770602,Buitengebied Nieuw Namen,88.0,5,1,split
BU06770725,Kern Kapellebrug,BU06770701,Kern Kapellebrug,77.4,4,1,split
BU06770826,Kern Kloosterzande,BU06770803,Molenstraat,45.0,5,1,split
BU06770827,Walsoorden,BU06771501,Kern Walsoorden,96.4,4,1,split
BU06770828,Buitengebied Kloosterzande,BU06770805,Buitengebied Kloosterzande,35.7,13,2,merged
BU06770929,Kern Lamswaarde,BU06770901,Kern Lamswaarde,79.5,3,1,split
BU06770930,Kuitaart,BU06771401,Kern Kuitaart,80.1,3,1,split
BU06770931,Buitengebied Lamswaarde,BU06771402,Buitengebied Kuitaart,50.7,8,1,split
BU06770932,Kruispolder,BU06770805,Buitengebied Kloosterzande,98.8,5,2,merged
BU06771033,Kern Terhole,BU06771001,Kern Terhole,69.1,2,1,split
BU06771034,Buitengebied Terhole,BU06771002,Buitengebied Terhole,65.7,6,1,split
BU06771135,Kern Vogelwaarde,BU06771102,Boschkapelle,56.0,4,1,split
BU06771136,Buitengebied Vogelwaarde,BU06771103,Buitengebied Vogelwaarde,62.5,9,1,split
BU06771237,Kern Hengstdijk,BU06771201,Kern Hengstdijk,69.9,2,1,split
BU06771238,Buitengebied Hengstdijk,BU06771202,Buitengebied Hengstdijk,74.6,7,1,split
BU06771339,Kern Ossenisse,BU06771301,Kern Ossenisse,80.2,2,1,split
BU06771340,Buitengebied Ossenisse,BU06771302,Buitengebied Ossenisse,97.4,6,1,split
BU06779998,,BU06779998,Buitenwater,97.3,7,1,split
BU06780000,Kapelle,BU06780000,Kapelle,100.0,1,1,unchanged
BU06780009,Verspreide huizen Kapelle,BU06780009,Verspreide huizen Kapelle,100.0,2,1,unchanged
BU06780100,Wemeldinge,BU06780100,Wemeldinge,100.0,1,1,unchanged
BU06780109,Verspreide huizen Wemeldinge,BU06780109,Verspreide huizen Wemeldinge,100.0,2,1,unchanged
BU06780200,Schore,BU06780200,Schore,100.0,1,1,unchanged
BU06780209,Verspreide huizen Schore,BU06780209,Verspreide huizen Schore,99.9,2,1,unchanged
BU06789998,,BU06789998,Buitenwater,99.9,5,1,unchanged
BU06870000,Binnenstad,BU06870003,Abdij,30.8,5,1,split
BU06870100,Griffioen,BU06871010,Poppenroede,45.6,3,1,split
BU06870101,Klarenbeek,BU06871112,Klarenbeek II & III,35.7,3,1,split
BU06870102,Nieuw Middelburg,BU06871213,Nieuw Middelburg,100.0,1,1,recoded
BU06870103,Brigdamme,BU06871314,Leliendale,66.5,2,1,split
BU06870104,Sint Laurens,BU06871417,Popkensburg,53.4,3,1,split
BU06870105,Ramsburg,BU06871518,Ramsburg,100.0,1,1,recoded
BU06870106,Veersepoort,BU06871620,Veersepoort,56.0,2,1,split
BU06870107,Verspreide huizen in het Noorden,BU06871721,Golsteinseweg,42.1,3,1,split
BU06870108,Verspreide huizen in het Noordwesten,BU06871824,Pronkenburg,48.8,3,1,split
BU06870109,Verspreide huizen in het Noordoosten,BU06871926,Krooneveld,66.0,2,1,split
BU06870200,Stromenwijk/'t Zand,BU06872031,Stromenwijk,30.0,5,1,split
BU06870209,Verspreide huizen in het Zuidwesten,BU06872935,Lustenburg,33.3,4,1,split
BU06870300,Middelburg-Zuid,BU06873083,Essenvelt,26.5,7,1,split
BU06870301,Dauwendaele,BU06873144,Dauwendaele I,30.1,4,1,split
BU06870302,Arnestein,BU06873247,Arnestein I,68.3,2,1,split
BU06870309,Mortiere,BU06873950,Mortiere III,58.3,3,1,split
BU06870400,Nieuw- en Sint Joosland,BU06874051,Nieuw- en Sint Joosland,100.0,1,1,recoded
BU06870409,Verspreide huizen Nieuw- en Sint Joosland,BU06874957,Derdeweg,23.8,6,1,split
BU06870500,Arnemuiden,BU06875058,Dorp,21.6,8,1,split
BU06870501,Kleverskerke,BU06875164,Kleverskerke,100.0,1,1,recoded
BU06870502,Oranjeplaat,BU06875265,Oranjeplaat,99.5,2,1,recoded
BU06870503,Veerse Meer,BU06875367,Veerse Meer,99.6,2,1,recoded
BU06870509,Verspreide huizen Arnemuiden,BU06875966,Buitengebied,99.9,3,1,recoded
BU06879997,,BU06879997,Groot binnenwater,92.1,4,1,split
BU06890000,Giessenburg en Nieuwkerk,BU19780402,Kern-Dorp,62.3,4,1,split
BU06890001,Peursum,BU19780408,Giessenburg-Buitengebied-Noord,77.3,3,5,merged
BU06890002,Giessen en Oude-Bovenkerk,BU19780408,Giessenburg-Buitengebied-Noord,67.6,3,5,merged
BU06890100,Giessen en Oudekerk,BU19780408,Giessenburg-Buitengebied-Noord,47.6,5,5,merged
BU06890101,Neerpolder en Parallelweg,BU19780406,Giessenburg-Buitengebied-Zuid,62.9,6,3,merged
BU06890200,Muisbroek,BU19780406,Giessenburg-Buitengebied-Zuid,63.6,5,3,merged
BU06890201,Neder-Slingeland,BU19780408,Giessenburg-Buitengebied-Noord,64.9,5,5,merged
BU06890308,Verspreide huizen polder Giessen en Nieuwkerk,BU19780406,Giessenburg-Buitengebied-Zuid,98.4,9,3,merged
BU06890309,Verspreide huizen ten noorden van De Giessen,BU19780408,Giessenburg-Buitengebied-Noord,99.9,6,5,recoded (gemeente change)
BU06890400,Arkel,BU19780107,Arkel-Buitengebied-Zuid-West,83.2,9,2,merged
BU06890401,Rietveld,BU19780108,Arkel-Buitengebied-Oost,99.8,3,1,recoded (gemeente change)
BU06890402,Industrieterrein,BU19780107,Arkel-Buitengebied-Zuid-West,25.2,8,2,merged
BU06890500,Hoogblokland,BU19780706,Hoogblokland-Buitengebied-Zuid,57.0,8,2,merged
BU06890501,Verspreide huizen Bazeldijk (gedeeltelijk),BU19780705,Hoogblokland-Buitengebied-Noord,98.0,5,2,merged
BU06890502,Minkeloos (gedeeltelijk) Hoge Giessen (gedeeltelijk),BU19780705,Hoogblokland-Buitengebied-Noord,79.2,6,2,merged
BU06890509,Overige verspreide huizen Hoogblokland,BU19780706,Hoogblokland-Buitengebied-Zuid,99.7,2,2,recoded (gemeente change)
BU06890600,Hoornaar,BU19780801,Hoornaar-Buitengebied-Noord,88.4,6,1,split
BU06890601,Lage Giessen,BU19780804,Hoornaar-Buitengebied-Zuid-Oost,91.4,6,2,merged
BU06890602,Hoge Giessen (gedeeltelijk),BU19780804,Hoornaar-Buitengebied-Zuid-Oost,89.5,4,2,merged
BU06890603,Hoornaar-Nieuw,BU19780802,Hoornaar-Dorp,89.3,3,1,split
BU06890700,Noordeloos,BU19781409,Noordeloos-Buitengebied-Noord,58.8,9,1,split
BU06890701,Overslingeland,BU19781402,Noordeloos-Buitengebied-Zuid,91.1,4,2,merged
BU06890702,Minkeloos (gedeeltelijk),BU19781402,Noordeloos-Buitengebied-Zuid,98.2,6,2,merged
BU06890800,Schelluinen,BU19781705,Schelluinen-Buitengebied-Noordoost,71.6,7,1,split
BU07030000,Yerseke - Kern,BU07030000,Yerseke - Kern,99.9,2,1,unchanged
BU07030001,Yerseke - West,BU07030001,Yerseke - West,100.0,1,1,unchanged
BU07030002,Yerseke - Steehof,BU07030002,Yerseke - Steehof,100.0,1,1,unchanged
BU07030006,Yerseke - Molenpolder/Olzendepolder,BU07030006,Yerseke - Molenpolder/Olzendepolder,100.0,1,1,unchanged
BU07030009,Verspreide huizen Yerseke,BU07030009,Verspreide huizen Yerseke,100.0,2,1,unchanged
BU07030100,Kruiningen - Kern,BU07030100,Kruiningen - Kern,100.0,1,1,unchanged
BU07030101,Kruiningen - Zandweg,BU07030101,Kruiningen - Zandweg,100.0,1,1,unchanged
BU07030102,Kruiningen - Kruseveer,BU07030102,Kruiningen - Kruseveer,100.0,1,1,unchanged
BU07030106,Kruiningen - Nishoek,BU07030106,Kruiningen - Nishoek,100.0,1,1,unchanged
BU07030109,Verspreide huizen Kruiningen,BU07030109,Verspreide huizen Kruiningen,99.8,2,1,unchanged
BU07030200,Krabbendijke - Kern,BU07030200,Krabbendijke - Kern,100.0,1,1,unchanged
BU07030201,Krabbendijke - Oostpolder,BU07030201,Krabbendijke - Oostpolder,100.0,1,1,unchanged
BU07030202,Krabbendijke - Rozeboom,BU07030202,Krabbendijke - Rozeboom,100.0,1,1,unchanged
BU07030206,Krabbendijke - Zuidweg,BU07030206,Krabbendijke - Zuidweg,100.0,1,1,unchanged
BU07030209,Verspreide huizen Krabbendijke,BU07030209,Verspreide huizen Krabbendijke,100.0,2,1,unchanged
BU07030300,Waarde,BU07030300,Waarde,100.0,1,1,unchanged
BU07030309,Verspreide huizen Waarde,BU07030309,Verspreide huizen Waarde,99.4,2,1,unchanged
BU07030400,Rilland - Kern,BU07030400,Rilland - Kern,100.0,1,1,unchanged
BU07030401,Rilland- Stationsbuurt,BU07030401,Rilland- Stationsbuurt,100.0,1,1,unchanged
BU07030402,Rilland - Bath,BU07030402,Rilland - Bath,100.0,1,1,unchanged
BU07030403,Rilland - Werfkampen,BU07030403,Rilland - Werfkampen,100.0,1,1,unchanged
BU07030406,Rilland - De Poort,BU07030406,Rilland - De Poort,100.0,1,1,unchanged
BU07030409,Verspreide huizen Rilland,BU07030409,Verspreide huizen Rilland,99.9,2,1,unchanged
BU07030500,Hansweert - Kern,BU07030500,Hansweert - Kern,99.7,2,1,unchanged
BU07030501,Hansweert - Tramper,BU07030501,Hansweert - Tramper,100.0,1,1,unchanged
BU07030509,Verspreide huizen Hansweert,BU07030509,Verspreide huizen Hansweert,100.0,3,1,unchanged
BU07030600,Oostdijk,BU07030600,Oostdijk,100.0,1,1,unchanged
BU07030609,Verspreide huizen Oostdijk,BU07030609,Verspreide huizen Oostdijk,99.9,2,1,unchanged
BU07039998,,BU07039998,Buitenwater,99.9,12,1,unchanged
BU07070100,Lexmond Kern,BU19610701,Lexmond kern,99.3,3,1,recoded (gemeente change)
BU07070101,Achthoven,BU19610802,Achthoven,99.0,7,1,split
BU07070102,Lakerveld,BU19610803,Lakerveld,99.8,6,1,recoded (gemeente change)
BU07070103,Lexmond Polder,BU19610801,Lexmond buitengebied oost,95.8,5,1,split
BU07070200,Ameide Kern,BU19610302,Ameide kern,78.3,7,1,split
BU07070201,Sluis,BU19610401,Sluis,85.8,3,1,split
BU07070202,Sluis Polder,BU19610403,Ameide buitengebied noord,97.8,5,1,split
BU07070203,Ameide Polder,BU19610402,Ameide buitengebied zuid,98.7,6,1,split
BU07070300,Tienhoven Kern,BU19610101,Tienhoven aan de Lek kern,99.1,2,1,recoded (gemeente change)
BU07070301,Hogewaard,BU19610202,Hogewaard,99.9,4,1,recoded (gemeente change)
BU07070302,Tienhoven Polder,BU19610201,Tienhoven aan de Lek buitengebied west,98.5,5,1,split
BU07070400,Meerkerk kern,BU19610501,Meerkerk kern,42.6,6,1,split
BU07070401,Meerkers Broek,BU19610602,Broek,100.0,2,1,recoded (gemeente change)
BU07070402,Meerkerk Polder,BU19610601,Meerkerk buitengebied oost,81.1,12,1,split
BU07070500,Hei- en Boeicop Kern,BU19611501,Hei- en Boeicop kern,99.2,2,1,recoded (gemeente change)
BU07070501,Hei- en Boeicop Polder,BU19611601,Hei- en Boeicop buitengebied,99.1,4,1,recoded (gemeente change)
BU07070600,Leerbroek kern,BU19611101,Leerbroek kern,99.7,2,1,recoded (gemeente change)
BU07070601,Middelkoop,BU19611203,Middelkoop,78.1,4,1,split
BU07070602,Weverwijk,BU19611202,Weverwijk,99.6,5,1,recoded (gemeente change)
BU07070603,Leerbroek Polder,BU19611201,Leerbroek buitengebied zuid,97.3,7,1,split
BU07070700,Nieuwland Kern,BU19610901,Nieuwland kern,99.9,4,1,recoded (gemeente change)
BU07070701,Achterdijk,BU19611003,Achterdijk,99.3,4,1,recoded (gemeente change)
BU07070702,Geer,BU19611002,Geer,99.5,4,1,recoded (gemeente change)
BU07070703,Nieuwland Polder,BU19611001,Nieuwland buitengebied west,99.8,3,1,recoded (gemeente change)
BU07151000,Centrum,BU07152001,Binnenstad-Java,99.0,3,1,split
BU07151100,West,BU07152204,Zevenaar,40.0,5,1,split
BU07151900,Noord,BU07152103,Zuiderpark,26.7,6,1,split
BU07152000,Zuid,BU07152305,Zeldenrust,36.6,8,1,split
BU07152600,Oost,BU07152401,Othene,100.0,3,1,recoded
BU07152900,Spui-centrum,BU07151801,Buitengebied Spui,100.0,2,1,recoded
BU07153000,Biervliet,BU07150301,Kern Biervliet,100.0,1,1,recoded
BU07153400,Biervliet (buitengebied),BU07150401,Buitengebied Biervliet,100.0,2,1,recoded
BU07153500,Hoek,BU07150501,Kern Hoek,100.0,2,1,recoded
BU07153900,Hoek (buitengebied Noord),BU07150601,Buitengebied Hoek,99.9,5,1,recoded
BU07154000,Sluiskil,BU07151501,Kern Sluiskil,100.0,1,1,recoded
BU07154100,Sluiskil (buitengebied Oost),BU07151601,Buitengebied Sluiskil,83.3,3,1,split
BU07154500,Zaamslag,BU07152701,Kern Zaamslag,100.0,1,1,recoded
BU07154700,Zaamslag (buitengebied Noord),BU07151901,Buitengebied Terneuzen,99.5,2,1,recoded
BU07154900,Zaamslag (buitengebied Zuid),BU07152801,Buitengebied Zaamslag,100.0,3,1,recoded
BU07155000,Axel,BU07150101,Kern Axel,100.0,1,1,recoded
BU07155100,Spui,BU07151701,Kern Spui,100.0,1,1,recoded
BU07155400,Verspreide huizen Oost Axel,BU07150201,Buitengebied Axel,99.8,2,1,recoded
BU07155500,Koewacht,BU07150701,Kern Koewacht,100.0,1,1,recoded
BU07155900,Verspreide huizen Koewacht,BU07150801,Buitengebied Koewacht,100.0,3,1,recoded
BU07156000,Zuiddorpe,BU07152901,Kern Zuiddorpe,100.0,1,1,recoded
BU07156400,Verspreide huizen Zuiddorpe,BU07153001,Buitengebied Zuiddorpe,96.2,5,1,split
BU07156500,Overslag,BU07150901,Kern Overslag,100.0,2,1,recoded
BU07156900,Verspreide huizen Overslag,BU07151001,Buitengebied Overslag,100.0,2,1,recoded
BU07157000,Sas van Gent,BU07151301,Kern Sas van Gent,100.0,2,1,recoded
BU07157200,Buitengebied Sas van Gent-Zuid,BU07151401,Buitengebied Sas van Gent,100.0,1,2,recoded
BU07157400,Buitengebied Sas van Gent-Noord,BU07151401,Buitengebied Sas van Gent,100.0,3,2,recoded
BU07157500,Westdorpe,BU07152501,Kern Westdorpe,100.0,1,1,recoded
BU07157900,Buitengebied Westdorpe,BU07152601,Buitengebied Westdorpe,99.9,2,1,recoded
BU07158000,Philippine,BU07151101,Kern Philippine,100.0,1,1,recoded
BU07158400,Buitengebied Philippine,BU07151201,Buitengebied Philippine,100.0,1,1,recoded
BU07159998,,BU07159998,Buitenwater,99.8,10,1,unchanged
BU07160000,Tholen,BU07160000,Tholen,84.5,2,1,split
BU07160009,Verspreide huizen Tholen,BU07160009,Verspreide huizen Tholen,98.8,5,1,split
BU07160100,Poortvliet,BU07160100,Poortvliet,91.6,2,1,split
BU07160109,Verspreide huizen Poortvliet,BU07160109,Verspreide huizen Poortvliet,93.5,8,1,split
BU07160200,Scherpenisse,BU07160200,Scherpenisse,63.2,5,1,split
BU07160209,Verspreide huizen Scherpenisse,BU07160209,Verspreide huizen Scherpenisse,95.1,5,1,split
BU07160300,Sint Maartensdijk,BU07160300,Sint-Maartensdijk,90.6,2,1,split
BU07160309,Verspreide huizen Sint Maartensdijk,BU07160309,Verspreide huizen Sint-Maartensdijk,97.9,7,1,split
BU07160400,Stavenisse,BU07160400,Stavenisse,86.4,3,1,split
BU07160409,Verspreide huizen Stavenisse,BU07160409,Verspreide huizen Stavenisse,95.8,5,1,split
BU07160500,Sint Annaland,BU07160500,Sint-Annaland,99.4,2,1,unchanged
BU07160509,Verspreide huizen Sint Annaland,BU07160509,Verspreide huizen Sint-Annaland,93.0,6,1,split
BU07160600,Oud-Vossemeer,BU07160600,Oud-Vossemeer,90.2,2,1,split
BU07160609,Verspreide huizen Oud-Vossemeer,BU07160609,Verspreide huizen Oud-Vossemeer,88.7,8,1,split
BU07160700,Sint Philipsland,BU07160700,Sint Philipsland,91.7,2,1,split
BU07160709,Verspreide huizen Sint Philipsland,BU07160709,Verspreide huizen Sint Philipsland,98.4,5,3,merged
BU07160800,Anna Jacobapolder,BU07160709,Verspreide huizen Sint Philipsland,51.7,2,3,merged
BU07160809,Verspreide huizen Anna Jacobapolder,BU07160709,Verspreide huizen Sint Philipsland,99.8,3,3,recoded
BU07169997,,BU07169997,Groot binnenwater,99.9,2,1,unchanged
BU07169998,,BU07169998,Buitenwater,99.8,11,1,unchanged
BU07170000,Veere,BU07170000,Veere,99.9,2,1,unchanged
BU07170001,Zanddijk,BU07170001,Zanddijk,100.0,1,1,unchanged
BU07170002,Buiten de Veste,BU07170002,Buiten de Veste,100.0,1,1,unchanged
BU07170009,Verspreide huizen Veere,BU07170009,Verspreide huizen Veere,100.0,3,1,unchanged
BU07170100,Gapinge,BU07170100,Gapinge,100.0,1,1,unchanged
BU07170109,Verspreide huizen Gapinge,BU07170109,Verspreide huizen Gapinge,100.0,1,1,unchanged
BU07170200,Vrouwenpolder,BU07170200,Vrouwenpolder,100.0,1,1,unchanged
BU07170201,Breezand,BU07170201,Breezand,100.0,1,1,unchanged
BU07170209,Verspreide huizen Vrouwenpolder,BU07170209,Verspreide huizen Vrouwenpolder,98.5,4,1,split
BU07170300,Serooskerke,BU07170300,Serooskerke,100.0,1,1,unchanged
BU07170309,Verspreide huizen Serooskerke,BU07170309,Verspreide huizen Serooskerke,100.0,1,1,unchanged
BU07170400,Domburg,BU07170400,Domburg,99.2,2,1,unchanged
BU07170409,Verspreide huizen Domburg,BU07170409,Verspreide huizen Domburg,100.0,2,1,unchanged
BU07170500,Oostkapelle,BU07170500,Oostkapelle,100.0,1,1,unchanged
BU07170501,Randduin,BU07170501,Randduin,100.0,1,1,unchanged
BU07170502,Duno,BU07170502,Duno,100.0,1,1,unchanged
BU07170508,Verspreide huizen in het Zuiden,BU07170508,Verspreide huizen in het Zuiden,100.0,1,1,unchanged
BU07170509,Verspreide huizen in het Noorden,BU07170509,Verspreide huizen in het Noorden,100.0,2,1,unchanged
BU07170600,Aagtekerke,BU07170600,Aagtekerke,100.0,1,1,unchanged
BU07170609,Verspreide huizen Aagtekerke,BU07170609,Verspreide huizen Aagtekerke,100.0,1,1,unchanged
BU07170700,Grijpskerke,BU07170700,Grijpskerke,100.0,1,1,unchanged
BU07170709,Verspreide huizen Grijpskerke,BU07170709,Verspreide huizen Grijpskerke,100.0,1,1,unchanged
BU07170800,Meliskerke,BU07170800,Meliskerke,100.0,1,1,unchanged
BU07170809,Verspreide huizen Meliskerke,BU07170809,Verspreide huizen Meliskerke,100.0,1,1,unchanged
BU07170900,Koudekerke,BU07170900,Koudekerke,100.0,1,1,unchanged
BU07170901,Dishoek,BU07170901,Dishoek,100.0,1,1,unchanged
BU07170908,Verspreide huizen recreatiegebied van Koudekerke,BU07170908,Verspreide huizen recreatiegebied van Koudekerke,99.8,2,1,unchanged
BU07170909,Verspreide huizen buiten recreatiegebied Koudekerke,BU07170909,Verspreide huizen buiten recreatiegebied Koudekerke,100.0,2,1,unchanged
BU07171000,Biggekerke,BU07171000,Biggekerke,100.0,1,1,unchanged
BU07171001,De Ruiser,BU07171001,De Ruiser,100.0,1,1,unchanged
BU07171008,Verspreide huizen in recreatiegebied van Biggekerke,BU07171008,Verspreide huizen in recreatiegebied van Biggekerke,99.6,3,1,unchanged
BU07171009,Verspreide huizen buiten recreatiegebied Biggekerke,BU07171009,Verspreide huizen buiten recreatiegebied Biggekerke,100.0,1,1,unchanged
BU07171100,Zoutelande,BU07171100,Zoutelande,100.0,1,1,unchanged
BU07171101,Kustlicht,BU07171101,Kustlicht,100.0,1,1,unchanged
BU07171109,Verspreide huizen Zoutelande,BU07171109,Verspreide huizen Zoutelande,99.8,2,1,unchanged
BU07171200,Westkapelle,BU07171200,Westkapelle,99.9,2,1,unchanged
BU07171201,Joossesweg,BU07171201,Joossesweg,100.0,1,1,unchanged
BU07171209,Verspreide huizen Westkapelle,BU07171209,Verspreide huizen Westkapelle,99.9,2,1,unchanged
BU07179997,,BU07179997,Groot binnenwater,98.1,5,1,split
BU07179998,,BU07179998,Buitenwater,98.7,12,1,split
BU07180100,Oude Binnenstad,BU07180100,Oude Binnenstad,82.1,8,1,split
BU07180101,Scheldestraat en omgeving,BU07180101,Scheldestraat e.o.,51.3,8,1,split
BU07180102,Stadhuisplein en omgeving,BU07180102,Stadhuisplein e.o.,89.1,6,1,split
BU07180200,Boulevard Spuikom en Vredehof Zuid,BU07180200,Vredehof Zuid,71.8,6,1,split
BU07180201,Bonedijksestraat en omgeving,BU07180201,Bonedijkestraat e.o.,98.2,5,1,split
BU07180202,Bloemenlaan en omgeving,BU07180202,Bloemenlaan e.o. Oost,56.0,7,1,split
BU07180203,Baskensburg-Zuid,BU07180203,Baskensburg Zuid,97.4,5,1,split
BU07180204,Vredehof-Noord,BU07180204,Vredehof Noord,95.9,5,1,split
BU07180205,Het Fort en omgeving,BU07180205,Het Fort e.o.,92.1,6,1,split
BU07180206,Herc. Segherslaan en omgeving,BU07180206,Hercules Segherslaan e.o.,99.6,5,1,unchanged
BU07180207,Baskensburg-Noord,BU07180207,Baskensburg Noord,96.2,5,1,split
BU07180300,Paauwenburg-Oost,BU07180300,Paauwenburg Zuidoost,47.7,7,1,split
BU07180301,Paauwenburg-West,BU07180301,Paauwenburg West,95.4,3,1,split
BU07180302,Westduin,BU07180302,Westduin,98.5,4,1,split
BU07180400,Rosenburgh,BU07180400,Rosenburg,98.2,6,1,split
BU07180401,Bossenburgh-Weyevliet,BU07180401,Bossenburgh - Weyevliet,94.5,6,1,split
BU07180402,Westerzicht,BU07180402,Westerzicht,97.2,4,1,split
BU07180403,Lammerenburg B.P.,BU07180403,Lammerenburg,100.0,2,1,unchanged
BU07180404,Zuidbeek,BU07180407,Landelijk gebied Lammerenburg,77.2,4,3,merged
BU07180405,Papagaaienburg-Hofwijk,BU07180405,Papegaaienburg - Hofwijk,63.3,4,1,split
BU07180406,West-Souburg,BU07180406,West-Souburg,99.2,4,1,unchanged
BU07180407,Landelijk gebied Lammerenburg,BU07180407,Landelijk gebied Lammerenburg,100.0,2,3,unchanged
BU07180408,Vrijburg,BU07180407,Landelijk gebied Lammerenburg,40.4,3,3,merged
BU07180500,Kern-Oost-Souburg,BU07180500,Kern Oost-Souburg West,55.6,9,1,split
BU07180501,Zeewijksingel,BU07180501,Zeewijksingel,84.0,8,1,split
BU07180502,Schoonenburg-Groot Abeele,BU07180502,Schoonenburg - Groot Abeele,79.9,6,1,split
BU07180503,Molenweg en omgeving,BU07180503,Molenweg e.o.,71.5,5,1,split
BU07180504,Landelijk gebied Oost-Souburg,BU07180504,Landelijk gebied Oost-Souburg,42.1,6,1,split
BU07180600,Ritthem,BU07180600,Ritthem,71.2,2,1,split
BU07180602,Landelijk gebied Ritthem-Noord,BU07180602,Welzinge,99.4,5,1,unchanged
BU07180603,Landelijk gebied Ritthem-Zuid,BU07180601,Rammekens,67.7,9,1,split
BU07180700,Binnen- en Buitenhavens,BU07180700,Kennishaven,54.2,9,1,split
BU07180800,Sloegebied,BU07180800,Sloegebied,99.0,4,1,split
BU07189998,,BU07189998,Buitenwater,99.9,8,1,unchanged
BU07330000,Asperen Oude Kern,BU19600800,Asperen Oude Kern,100.0,1,1,recoded (gemeente change)
BU07330001,Westelijke uitbreiding Asperen,BU19600801,Westelijke uitbreiding Asperen,100.0,1,1,recoded (gemeente change)
BU07330002,Noord uitbreiding Asperen industrieterrein,BU19600802,Noord uitbreiding Asperen industrieterrein,100.0,1,1,recoded (gemeente change)
BU07330009,Verspreide huizen Asperen,BU19600809,Verspreide huizen Asperen,100.0,1,1,recoded (gemeente change)
BU07330100,Heukelum Oude Kern,BU19600900,Heukelum Oude Kern,100.0,1,1,recoded (gemeente change)
BU07330101,Uitbreiding Heukelum,BU19600901,Uitbreiding Heukelum,100.0,1,1,recoded (gemeente change)
BU07330102,Spijk en Boveneind Spijk en Vogelswerf,BU19600902,Spijk en Boveneind Spijk en Vogelswerf,100.0,1,1,recoded (gemeente change)
BU07330109,Verspreide huizen Heukelum en Friezenwijk,BU19600909,Verspreide huizen Heukelum en Friezenwijk,100.0,1,1,recoded (gemeente change)
BU07330200,Vuren,BU19601000,Vuren,100.0,2,1,recoded (gemeente change)
BU07330209,Verspreide huizen Vuren,BU19601009,Verspreide huizen Vuren,100.0,2,1,recoded (gemeente change)
BU07330300,Herwijnen,BU19601100,Herwijnen,100.0,1,1,recoded (gemeente change)
BU07330309,Verspreide huizen Herwijnen,BU19601109,Verspreide huizen Herwijnen,100.0,1,1,recoded (gemeente change)
BU07360000,Mijdrecht,BU07360107,Bedrijventerrein Mijdrecht,33.3,10,1,split
BU07360001,Verspreide huizen 1e 2e 3e Bedijking,BU07360108,Mijdrecht Buitengebied,96.4,8,1,split
BU07360003,Kromme Mijdrecht en De Hoef,BU07360202,de Hoef Buitengebied,92.1,4,2,merged
BU07360004,Vrouwenakker (gedeeltelijk) en Blokland,BU07360202,de Hoef Buitengebied,100.0,1,2,recoded
BU07360100,Mennonietenbuurt,BU07360301,Amstelhoek,54.1,3,2,merged
BU07360101,Amstelhoek en Amstelkade,BU07360301,Amstelhoek,99.7,3,2,recoded
BU07360200,Vinkeveen,BU07360401,Vinkeveen Dorp,79.8,5,1,split
BU07360201,Zuiderwaart,BU07360402,Zuiderwaard-Westerheul,56.2,2,2,merged
BU07360202,Baambrugse Zuwe,BU07360403,Vinkeveen Plassengebied,99.2,2,3,recoded
BU07360203,Groenlandsekade en Vinkenkade,BU07360403,Vinkeveen Plassengebied,98.1,3,3,merged
BU07360204,Nessersluis,BU07360502,Waverveen Buitengebied,100.0,1,2,recoded
BU07360207,Westerheul,BU07360402,Zuiderwaard-Westerheul,99.5,2,2,recoded
BU07360208,Verspreide huizen Groot-Mijdrecht Waverveen,BU07360502,Waverveen Buitengebied,79.1,9,2,merged
BU07360209,Demmerik en Plassen,BU07360403,Vinkeveen Plassengebied,55.9,7,3,merged
BU07360300,Wilnis,BU07360602,de Maricken-Veenzijde,42.9,8,1,split
BU07360308,Verspreide huizen in de polder Groot-Mijdrecht,BU07360603,Wilnis Buitengebied,77.3,5,2,merged
BU07360309,Overige verspreide huizen,BU07360603,Wilnis Buitengebied,99.6,4,2,recoded
BU07360400,Abcoude,BU07360703,Abcoude Buitengebied,36.7,3,4,merged
BU07360401,Verspreide huizen langs het Gein,BU07360703,Abcoude Buitengebied,100.0,1,4,recoded
BU07360402,Verspreide huizen langs de Winkel en Stokkelaar,BU07360703,Abcoude Buitengebied,97.1,4,4,merged
BU07360405,Baambrugge,BU07360801,Baambrugge Dorp,54.6,2,1,split
BU07360406,Rijksstraatweg-Noord,BU07360802,Baambrugge Buitengebied,100.0,1,2,recoded
BU07360407,Rijksstraatweg-Zuid en langs de Angstel,BU07360802,Baambrugge Buitengebied,100.0,1,2,recoded
BU07360409,Overige verspreide huizen Abcoude,BU07360703,Abcoude Buitengebied,69.3,7,4,merged
BU07370000,Burgum,BU07370000,Burgum,100.0,1,1,unchanged
BU07370009,Verspreide huizen Burgum,BU07370009,Verspreide huizen Burgum,100.0,1,1,unchanged
BU07370100,Aldtsjerk,BU07370100,Aldtsjerk,100.0,1,1,unchanged
BU07370101,Oentsjerk,BU07370101,Oentsjerk,100.0,1,1,unchanged
BU07370102,Verspreide huizen Wyns,BU07370102,Verspreide huizen Wyns,100.0,1,1,unchanged
BU07370108,Verspreide huizen Aldtsjerk,BU07370108,Verspreide huizen Aldtsjerk,100.0,1,1,unchanged
BU07370109,Verspreide huizen Oentsjerk,BU07370109,Verspreide huizen Oentsjerk,100.0,1,1,unchanged
BU07370200,Mûnein,BU07370200,Mûnein,100.0,1,1,unchanged
BU07370201,Gytsjerk,BU07370201,Gytsjerk,100.0,1,1,unchanged
BU07370208,Verspreide huizen Mûnein,BU07370208,Verspreide huizen Mûnein,100.0,1,1,unchanged
BU07370209,Verspreide huizen Gytsjerk,BU07370209,Verspreide huizen Gytsjerk,100.0,1,1,unchanged
BU07370300,Rypsjerk,BU07370300,Ryptsjerk,100.0,1,1,unchanged
BU07370309,Verspreide huizen Ryptsjerk,BU07370309,Verspreide huizen Ryptsjerk,100.0,1,1,unchanged
BU07370400,Tytsjerk,BU07370400,Tytsjerk,100.0,1,1,unchanged
BU07370401,Suwâld,BU07370401,Suwâld,100.0,1,1,unchanged
BU07370408,Verspreide huizen Tytsjerk,BU07370408,Verspreide huizen Tytsjerk,100.0,1,1,unchanged
BU07370409,Verspreide huizen Suwâld,BU07370409,Verspreide huizen Suwâld,100.0,1,1,unchanged
BU07370500,Earnewâld,BU07370500,Earnewâld,100.0,1,1,unchanged
BU07370501,Garyp,BU07370501,Garyp,100.0,1,1,unchanged
BU07370508,Verspreide huizen Earnewâld,BU07370508,Verspreide huizen Earnewâld,100.0,2,1,unchanged
BU07370509,Verspreide huizen Garyp,BU07370509,Verspreide huizen Garyp,100.0,1,1,unchanged
BU07370600,Sumar,BU07370600,Sumar,100.0,1,1,unchanged
BU07370609,Verspreide huizen Sumar,BU07370609,Verspreide huizen Sumar,100.0,1,1,unchanged
BU07370700,Eastermar,BU07370700,Eastermar,100.0,1,1,unchanged
BU07370701,Jistrum,BU07370701,Jistrum,100.0,1,1,unchanged
BU07370708,Verspreide huizen Eastermar,BU07370708,Verspreide huizen Eastermar,100.0,1,1,unchanged
BU07370709,Verspreide huizen Jistrum,BU07370709,Verspreide huizen Jistrum,100.0,1,1,unchanged
BU07370800,Noordburgum,BU07370800,Noordburgum,100.0,1,1,unchanged
BU07370809,Verspreide huizen Noordburgum,BU07370809,Verspreide huizen Noordburgum,100.0,1,1,unchanged
BU07370900,Hurdegaryp,BU07370900,Hurdegaryp,100.0,1,1,unchanged
BU07370909,Verspreide huizen Hurdegaryp,BU07370909,Verspreide huizen Hurdegaryp,100.0,1,1,unchanged
BU07380000,Wijk en Aalburg,BU19591402,Wijk,32.5,5,1,split
BU07380001,Spijk,BU19591491,Buitengebied Wijk en Aalburg oost,80.4,4,1,split
BU07380009,Verspreide huizen Wijk en Aalburg,BU19591492,Buitengebied Wijk en Aalburg west,66.8,7,2,merged
BU07380100,Veen,BU19591303,Veenseput,45.8,5,1,split
BU07380109,Verspreide huizen Veen,BU19591492,Buitengebied Wijk en Aalburg west,59.6,6,2,merged
BU07380200,Genderen,BU19591901,Genderen,52.9,2,1,split
BU07380209,Verspreide huizen Genderen,BU19591991,Buitengebied Genderen,62.4,5,1,split
BU07380300,Eethen,BU19591701,Eethen,89.9,2,1,split
BU07380309,Verspreide huizen Eethen,BU19591791,Buitengebied Eethen,59.3,7,1,split
BU07380400,Meeuwen,BU19591601,Meeuwen,67.9,2,1,split
BU07380409,Verspreide huizen Meeuwen,BU19591691,Buitengebied Meeuwen,70.7,8,1,split
BU07380500,Drongelen,BU19591891,Buitengebied Drongelen,54.6,2,2,merged
BU07380509,Verspreide huizen Drongelen,BU19591891,Buitengebied Drongelen,90.2,5,2,merged
BU07380600,Babyloniënbroek,BU19591591,Buitengebied Babyloniënbroek,79.1,3,2,merged
BU07380609,Verspreide huizen Babyloniënbroek,BU19591591,Buitengebied Babyloniënbroek,90.0,7,2,merged
BU07430000,Asten,BU07430701,Verspreide huizen Asten west,35.0,18,2,merged
BU07430001,De Loverbosch,BU07430202,Voordeldonk,60.5,11,3,merged
BU07430002,Nobis,BU07430102,Nobis,51.9,8,1,split
BU07430008,Verspreide huizen Achterbosch en Rinkveld,BU07430202,Voordeldonk,100.0,2,3,recoded
BU07430009,Verspreide huizen Asten,BU07430701,Verspreide huizen Asten west,93.3,4,2,merged
BU07430100,Heusden,BU07430801,Heusden centrum,53.9,2,1,split
BU07430109,Verspreide huizen Heusden,BU07430802,Verspreide huizen Heusden,66.6,7,1,split
BU07430200,Ommel,BU07431002,Verspreide huizen Ommel,64.8,4,2,merged
BU07430209,Verspreide huizen Ommel,BU07431002,Verspreide huizen Ommel,92.3,5,2,merged
BU07430809,Verspreide huizen Kleine Heitrak en omgeving,BU07430201,Kleine Heitrak,75.8,3,1,split
BU07430909,Verspreide huizen Leensel en Hutten,BU07430202,Voordeldonk,58.5,3,3,merged
BU07440000,Baarle-Nassau,BU07440107,Buitengebied Baarle-Nassau,28.2,7,3,merged
BU07440001,Bungalowpark,BU07440107,Buitengebied Baarle-Nassau,63.4,2,3,merged
BU07440002,Hoogbraak,BU07440102,Hoogbraak,81.5,3,1,split
BU07440009,Verspreide huizen Baarle-Nassau,BU07440107,Buitengebied Baarle-Nassau,96.8,6,3,merged
BU07440100,Ulicoten,BU07440202,Buitengebied Ulicoten,54.9,2,2,merged
BU07440109,Verspreide huizen Ulicoten,BU07440202,Buitengebied Ulicoten,97.9,3,2,merged
BU07440209,Verspreide huizen Castelre,BU07440301,Castelré,82.6,2,1,split
BU07480000,Centrum,BU07480000,Centrum,100.0,1,1,unchanged
BU07480001,Havenkwartier,BU07480001,Havenkwartier,100.0,1,1,unchanged
BU07480002,Vestinggronden-Noord,BU07480002,Vestinggronden-Noord,100.0,2,1,unchanged
BU07480003,Vestinggronden-Zuid,BU07480003,Vestinggronden-Zuid,100.0,1,1,unchanged
BU07480004,Het Fort,BU07480004,Het Fort,100.0,1,1,unchanged
BU07480005,Zeekant,BU07480005,Zeekant,100.0,1,1,unchanged
BU07480006,Het Glacis,BU07480006,Het Glacis,100.0,1,1,unchanged
BU07480100,Meilust Zuid,BU07480100,Meilust Zuid,100.0,1,1,unchanged
BU07480101,Meilust Noord,BU07480101,Meilust Noord,100.0,1,1,unchanged
BU07480102,Tuinwijk,BU07480102,Tuinwijk,100.0,1,1,unchanged
BU07480103,Noordgeest,BU07480103,Noordgeest,100.0,2,1,unchanged
BU07480200,Gageldonk-West,BU07480200,Gageldonk-West,100.0,1,1,unchanged
BU07480201,Warande-West,BU07480201,Warande-West,100.0,1,1,unchanged
BU07480202,Gageldonk-Oost,BU07480202,Gageldonk-Oost,100.0,1,1,unchanged
BU07480203,Warande-Oost,BU07480203,Warande-Oost,100.0,2,1,unchanged
BU07480204,Nieuw Borgvliet,BU07480204,Nieuw Borgvliet,100.0,1,1,unchanged
BU07480205,Langeweg,BU07480205,Langeweg,100.0,1,1,unchanged
BU07480206,Lage Meren,BU07480206,Lage Meren,100.0,1,1,unchanged
BU07480208,Verspreide huizen Heimolen,BU07480208,Verspreide huizen Heimolen,100.0,1,1,unchanged
BU07480209,Buitengebied-Oost,BU07480209,Buitengebied-Oost,100.0,1,1,unchanged
BU07480300,Bergse Plaat,BU07480300,Bergse Plaat,100.0,1,1,unchanged
BU07480301,De Markiezaten,BU07480301,De Markiezaten,100.0,1,1,unchanged
BU07480302,Schelde Vesting,BU07480302,Schelde Vesting,100.0,1,1,unchanged
BU07480306,Waterfront-Industriegebied,BU07480306,Waterfront-Industriegebied,100.0,1,1,unchanged
BU07480308,Augustapolder,BU07480308,Augustapolder,100.0,1,1,unchanged
BU07480309,Buitengebied-West,BU07480309,Buitengebied-West,100.0,1,1,unchanged
BU07480400,Halsteren-Centrum,BU07480400,Halsteren-Centrum,100.0,1,1,unchanged
BU07480401,De Beek,BU07480401,De Beek,100.0,1,1,unchanged
BU07480402,Nieuwe Molen,BU07480402,Nieuwe Molen,100.0,2,1,unchanged
BU07480403,Jankenberg,BU07480403,Jankenberg,100.0,1,1,unchanged
BU07480404,Rode Schouw,BU07480404,Rode Schouw,100.0,1,1,unchanged
BU07480405,De Schans en Oude Molen,BU07480405,De Schans en Oude Molen,100.0,1,1,unchanged
BU07480408,Verspreide huizen Vrederust,BU07480408,Verspreide huizen Vrederust,100.0,1,1,unchanged
BU07480409,Verspreide huizen Halsterse Polders,BU07480409,Verspreide huizen Halsterse Polders,100.0,1,1,unchanged
BU07480500,Lepelstraat,BU07480500,Lepelstraat,100.0,2,1,unchanged
BU07480507,Verspreide huizen Kladde,BU07480507,Verspreide huizen Kladde,100.0,1,1,unchanged
BU07480508,Verspreide huizen Klutsdorp,BU07480508,Verspreide huizen Klutsdorp,100.0,1,1,unchanged
BU07480509,Verspreide huizen Oud Glymespolder,BU07480509,Verspreide huizen Oud Glymespolder,100.0,1,1,unchanged
BU07530001,Centrum,BU07530101,Centrum,100.0,3,1,recoded
BU07530002,Hoge Akker,BU07530201,Hoge Akker,100.0,2,1,recoded
BU07530003,Speelheide,BU07530301,Speelheide,100.0,4,1,recoded
BU07530004,De Leeuwerik,BU07530401,De Leeuwerik,100.0,3,1,recoded
BU07530005,Villawijk,BU07530501,Villawijk,100.0,1,1,recoded
BU07530006,Batadorp,BU07530601,Batadorp,100.0,2,1,recoded
BU07530007,Salderes,BU07530701,Salderes,100.0,2,1,recoded
BU07530008,Wilhelminadorp,BU07530801,Wilhelminadorp,100.0,2,1,recoded
BU07530009,Naastenbest,BU07530901,Naastenbest,100.0,3,1,recoded
BU07530010,'t Zand,BU07531001,'t Zand,100.0,2,1,recoded
BU07530011,Breeven,BU07531101,Breeven,99.5,5,1,recoded
BU07530012,Heide,BU07531201,Heide,100.0,1,1,recoded
BU07530013,Heuveleind,BU07531301,Heuveleind,100.0,2,1,recoded
BU07530014,Heivelden,BU07531401,Heivelden,100.0,1,1,recoded
BU07530015,Buitengebied,BU07531501,Buitengebied,89.6,8,1,split
BU07530016,Dijkstraten,BU07531601,Dijkstraten,99.9,3,1,recoded
BU07530017,Kantonnier,BU07531701,Kantonnier,99.9,3,1,recoded
BU07550000,Boekel,BU07550000,Boekel,100.0,1,1,unchanged
BU07550005,Verspreide huizen Logt en Berkhoek,BU07550005,Verspreide huizen Logt en Berkhoek,100.0,1,1,unchanged
BU07550006,Verspreide huizen Arendnest-Zijp,BU07550006,Verspreide huizen Arendnest-Zijp,100.0,1,1,unchanged
BU07550007,Verspreide huizen Zandhoek en Peelstraat,BU07550007,Verspreide huizen Zandhoek en Peelstraat,100.0,2,1,unchanged
BU07550008,"Verspreide huizen Molenwijk, Elzen en Neerbroek",BU07550008,"Verspreide huizen Molenwijk, Elzen en Neerbroek",100.0,1,1,unchanged
BU07550009,Verspreide huizen Bovenstehuis en Peelsehuis,BU07550009,Verspreide huizen Bovenstehuis en Peelsehuis,100.0,1,1,unchanged
BU07550100,Venhorst,BU07550100,Venhorst,100.0,1,1,unchanged
BU07550109,Verspreide huizen Venhorst,BU07550109,Verspreide huizen Venhorst,100.0,1,1,unchanged
BU07560000,Boxmeer Centrum,BU19822201,Boxmeer Centrum,98.1,3,1,split
BU07560001,Bakelgeert-Noord,BU19822211,Bakelgeert-Noord,100.0,1,1,recoded (gemeente change)
BU07560002,Bakelgeert-Zuid,BU19822209,Bakelgeert-Zuid,100.0,1,1,recoded (gemeente change)
BU07560003,De Elzen,BU19822203,De Elzen,98.9,2,1,split
BU07560004,Villapark 't Zand,BU19822205,Villapark 't Zand,100.0,2,1,recoded (gemeente change)
BU07560005,Luneven,BU19822207,Luneven,100.0,2,1,recoded (gemeente change)
BU07560006,Hollesteeg,BU19822213,Hollesteeg,100.0,1,1,recoded (gemeente change)
BU07560007,Maasbroeksche Blokken,BU19822215,Maasbroeksche Blokken,100.0,2,1,recoded (gemeente change)
BU07560008,Bedrijventerrein Saxa Gotha,BU19822217,Bedrijventerrein Saxa Gotha,100.0,3,1,recoded (gemeente change)
BU07560009,Verspreide huizen Boxmeer,BU19822219,Boxmeer buitengebied West,64.5,6,1,split
BU07560100,Sambeek Centrum,BU19822401,Sambeek Centrum,99.8,2,1,recoded (gemeente change)
BU07560109,Verspreide huizen Sambeek,BU19822403,Sambeek buitengebied,99.3,8,1,recoded (gemeente change)
BU07560200,Beugen Centrum,BU19821901,Beugen Centrum,100.0,1,1,recoded (gemeente change)
BU07560209,Verspreide huizen Beugen,BU19821903,Beugen buitengebied,97.5,7,1,split
BU07560300,Oeffelt Centrum,BU19821401,Oeffelt Centrum,100.0,1,1,recoded (gemeente change)
BU07560309,Verspreide huizen Oeffelt,BU19821403,Oeffelt buitengebied,97.5,3,1,split
BU07560400,Rijkevoort Centrum,BU19821801,Rijkevoort Centrum,100.0,1,1,recoded (gemeente change)
BU07560409,Verspreide huizen Rijkevoort,BU19821803,Rijkevoort buitengebied,99.4,4,1,recoded (gemeente change)
BU07560500,Vortum-Mullem Centrum,BU19822701,Vortum-Mullem Centrum,100.0,1,1,recoded (gemeente change)
BU07560509,Verspreide huizen Vortum-Mullem,BU19822703,Vortum-Mullem buitengebied,99.8,4,1,recoded (gemeente change)
BU07560600,Vierlingsbeek Centrum,BU19823101,Vierlingsbeek Centrum,99.8,3,1,recoded (gemeente change)
BU07560601,Groeningen Centrum,BU19822801,Groeningen  Centrum,100.0,2,1,recoded (gemeente change)
BU07560609,Verspreide huizen Vierlingsbeek en Groeningen,BU19822803,Groeningen  buitengebied,52.1,8,1,split
BU07560700,Overloon Centrum,BU19823001,Overloon Centrum,93.3,2,1,split
BU07560707,Verspreide huizen Westerbeek,BU19823003,Overloon buitengebied,100.0,2,3,recoded (gemeente change)
BU07560708,Verspreide huizen Stevensbeek,BU19823003,Overloon buitengebied,100.0,2,3,recoded (gemeente change)
BU07560709,Verspreide huizen Overloon,BU19823003,Overloon buitengebied,99.4,3,3,recoded (gemeente change)
BU07560800,Maashees Centrum,BU19823301,Maashees Centrum,100.0,1,1,recoded (gemeente change)
BU07560809,Verspreide huizen Maashees,BU19823303,Maashees buitengebied,99.2,3,1,recoded (gemeente change)
BU07560900,Holthees Centrum,BU19823201,Holthees Centrum,100.0,1,1,recoded (gemeente change)
BU07560909,Verspreide Huizen Holthees,BU19823203,Holthees buitengebied,99.9,4,1,recoded (gemeente change)
BU07570000,Boxtel-Centrum,BU07570000,Boxtel-Centrum,100.0,1,1,unchanged
BU07570001,Boxtel-Oost,BU07570001,Boxtel-Oost,100.0,1,1,unchanged
BU07570002,Boxtel-Noord,BU07570002,Boxtel-Noord,100.0,1,1,unchanged
BU07570003,Munsel-Selissen,BU07570003,Munsel-Selissen,100.0,1,1,unchanged
BU07570004,Industrieterrein Boxtel,BU07570004,Industrieterrein Boxtel,100.0,1,1,unchanged
BU07570005,Verspreide huizen Kleinderliempde,BU07570005,Verspreide huizen Kleinderliempde,100.0,1,1,unchanged
BU07570006,"Verspreide huizen Tongeren, Luissel en Nergena",BU07570006,"Verspreide huizen Tongeren, Luissel en Nergena",100.0,1,1,unchanged
BU07570007,Verspreide huizen Hal en Heult,BU07570007,Verspreide huizen Hal en Heult,100.0,1,1,unchanged
BU07570008,Verspreide huizen Langenberg,BU07570008,Verspreide huizen Langenberg,100.0,1,1,unchanged
BU07570009,Verspreide huizen Roond,BU07570009,Verspreide huizen Roond,100.0,1,1,unchanged
BU07570100,Lennisheuvel,BU07570100,Lennisheuvel,100.0,1,1,unchanged
BU07570109,Verspreide huizen Lennisheuvel,BU07570109,Verspreide huizen Lennisheuvel,100.0,1,1,unchanged
BU07570200,Liempde,BU07570200,Liempde,100.0,1,1,unchanged
BU07570206,Hezelaar,BU07570206,Hezelaar,100.0,1,1,unchanged
BU07570207,Vrilkhoven,BU07570207,Vrilkhoven,100.0,1,1,unchanged
BU07570208,Verspreide huizen Kasteren en Berg,BU07570208,Verspreide huizen Kasteren en Berg,100.0,1,1,unchanged
BU07570209,"Verspreide huizen Velders, Bosch en De Scheeken",BU07570209,"Verspreide huizen Velders, Bosch en De Scheeken",100.0,1,1,unchanged
BU07580001,Valkenberg,BU07580001,Valkenberg,100.0,1,1,unchanged
BU07580002,Chassé,BU07580002,Chassé,100.0,1,1,unchanged
BU07580003,Fellenoord,BU07580003,Fellenoord,100.0,1,1,unchanged
BU07580004,Schorsmolen,BU07580004,Schorsmolen,100.0,1,1,unchanged
BU07580005,Station,BU07580005,Station,100.0,1,1,unchanged
BU07580006,City,BU07580006,City,100.0,1,1,unchanged
BU07580100,Belcrum,BU07580100,Belcrum,100.0,1,1,unchanged
BU07580101,Doornbos-Linie,BU07580101,Doornbos-Linie,100.0,1,1,unchanged
BU07580102,Biesdonk,BU07580102,Biesdonk,100.0,1,1,unchanged
BU07580103,Geeren-Zuid,BU07580103,Geeren-zuid,99.3,2,1,unchanged
BU07580104,Wisselaar,BU07580104,Wisselaar,100.0,1,1,unchanged
BU07580105,Krogten,BU07580105,Krogten,100.0,1,1,unchanged
BU07580106,Geeren-Noord,BU07580106,Geeren-noord,100.0,1,1,unchanged
BU07580107,Waterdonken,BU07580107,Waterdonken,100.0,1,1,unchanged
BU07580200,Brabantpark,BU07580200,Brabantpark,100.0,1,1,unchanged
BU07580201,Sportpark,BU07580201,Sportpark,100.0,1,1,unchanged
BU07580202,Zandberg,BU07580202,Zandberg,100.0,1,1,unchanged
BU07580203,Heusdenhout,BU07580203,Heusdenhout,100.0,1,1,unchanged
BU07580204,Moleneind-Oost,BU07580204,Moleneind-oost,100.0,2,1,unchanged
BU07580205,Hoogeind,BU07580205,Hoogeind,100.0,1,1,unchanged
BU07580300,Blauwe Kei,BU07580300,Blauwe Kei,100.0,1,1,unchanged
BU07580301,Ypelaar,BU07580301,Ypelaar,100.0,1,1,unchanged
BU07580302,Overakker,BU07580302,Overakker,100.0,1,1,unchanged
BU07580303,Ginneken,BU07580303,Ginneken,100.0,1,1,unchanged
BU07580309,Mastbos,BU07580309,Mastbos,100.0,1,1,unchanged
BU07580400,Boeimeer,BU07580400,Boeimeer,100.0,1,1,unchanged
BU07580401,Ruitersbos,BU07580401,Ruitersbos,100.0,1,1,unchanged
BU07580500,Haagpoort,BU07580500,Haagpoort,100.0,1,1,unchanged
BU07580501,Heuvel,BU07580501,Heuvel,100.0,1,1,unchanged
BU07580502,Tuinzigt,BU07580502,Tuinzigt,100.0,1,1,unchanged
BU07580503,Princenhage,BU07580503,Princenhage,100.0,1,1,unchanged
BU07580504,Westerpark,BU07580504,Westerpark,100.0,1,1,unchanged
BU07580505,Heilaar,BU07580505,Heilaar,100.0,1,1,unchanged
BU07580506,Hazeldonk,BU07580506,Hazeldonk,100.0,1,1,unchanged
BU07580507,Steenakker,BU07580507,Steenakker,100.0,1,1,unchanged
BU07580508,Effen-Rith,BU07580508,Effen-Rith,100.0,1,1,unchanged
BU07580509,Liesbos,BU07580509,Liesbos,100.0,1,1,unchanged
BU07580600,Gageldonk,BU07580600,Gageldonk,100.0,1,1,unchanged
BU07580601,Kievitsloop,BU07580601,Kievitsloop,100.0,1,1,unchanged
BU07580602,Kesteren,BU07580602,Kesteren,100.0,1,1,unchanged
BU07580603,Muizenberg,BU07580603,Muizenberg,100.0,1,1,unchanged
BU07580604,Heksenwiel,BU07580604,Heksenwiel,100.0,1,1,unchanged
BU07580605,Overkroeten,BU07580605,Overkroeten,100.0,1,1,unchanged
BU07580606,Kroeten,BU07580606,Kroeten,100.0,1,1,unchanged
BU07580607,Emer,BU07580607,Emer,100.0,1,1,unchanged
BU07580609,Hagebeemd,BU07580609,Hagebeemd,100.0,1,1,unchanged
BU07580700,Bavel,BU07580700,Bavel,100.0,1,1,unchanged
BU07580701,Nieuw Wolfslaar,BU07580701,Nieuw Wolfslaar,100.0,1,1,unchanged
BU07580709,Buitengebied Bavel,BU07580709,Buitengebied Bavel,100.0,1,1,unchanged
BU07580800,Ulvenhout,BU07580800,Ulvenhout,100.0,1,1,unchanged
BU07580809,Buitengebied Ulvenhout,BU07580809,Buitengebied Ulvenhout,100.0,2,1,unchanged
BU07580900,Prinsenbeek,BU07580900,Prinsenbeek,100.0,1,1,unchanged
BU07580909,Buitengebied Prinsenbeek,BU07580909,Buitengebied Prinsenbeek,100.0,1,1,unchanged
BU07581000,Teteringen,BU07581000,Teteringen,98.6,2,1,split
BU07581008,Vuchtpolder,BU07581008,Vuchtpolder,100.0,1,1,unchanged
BU07581009,Buitengebied Teteringen,BU07581009,Buitengebied Teteringen,100.0,1,1,unchanged
BU07620000,Deurne-Centrum,BU07620105,Stationsbuurt,19.7,17,1,split
BU07620001,Sint Jozefparochie,BU07620401,Sint Jozefparochie-West,59.4,5,1,split
BU07620002,Zeilberg,BU07620110,Zeilberg,62.1,6,1,split
BU07620003,Walsberg,BU07620108,Walsberg,57.6,3,1,split
BU07620004,Koolhof,BU07620301,Koolhof-Zuid,68.5,8,1,split
BU07620005,Heiakker,BU07620200,Heiakker-Oost,48.4,6,1,split
BU07620006,Industrieterrein,BU07620112,Bedrijventerrein Kranenmortel,41.4,10,1,split
BU07620007,De Vennen,BU07620100,De Vennen,94.3,3,1,split
BU07620009,Verspreide huizen Deurne,BU07620109,Verspreide woningen bij Deurne,93.0,14,1,split
BU07620100,Vlierden,BU07620500,Vlierden kern,52.2,3,1,split
BU07620109,Verspreide huizen Vlierden,BU07620501,Verspreide woningen bij Vlierden,97.5,4,1,split
BU07620200,Liessel,BU07620600,Liessel kern,61.2,2,1,split
BU07620209,Verspreide huizen Liessel,BU07620601,Verspreide woningen bij Liessel,96.3,4,1,split
BU07620300,Neerkant,BU07620701,Verspreide woningen bij Neerkant,52.7,2,2,merged
BU07620309,Verspreide huizen Neerkant,BU07620701,Verspreide woningen bij Neerkant,91.1,3,2,merged
BU07620400,Helenaveen,BU07620801,Verspreide woningen bij Helenaveen,92.7,2,2,merged
BU07620409,Verspreide huizen Helenaveen,BU07620801,Verspreide woningen bij Helenaveen,97.8,4,2,merged
BU07650000,Oude Pekela,BU07650000,Oude Pekela,100.0,1,1,unchanged
BU07650009,Verspreide huizen Oude Pekela,BU07650009,Verspreide huizen Oude Pekela,100.0,1,1,unchanged
BU07650100,Nieuwe Pekela,BU07650100,Nieuwe Pekela,100.0,1,1,unchanged
BU07650101,Boven-Pekela,BU07650101,Boven-Pekela,100.0,1,1,unchanged
BU07650109,Verspreide huizen Nieuwe Pekela,BU07650109,Verspreide huizen Nieuwe Pekela,100.0,1,1,unchanged
BU07660101,West 1,BU07660101,West 1,100.0,1,1,unchanged
BU07660102,Buitengebied West 1,BU07660102,Buitengebied West 1,100.0,1,1,unchanged
BU07660103,West 2,BU07660103,West 2,100.0,1,1,unchanged
BU07660104,Buitengebied West 2,BU07660104,Buitengebied West 2,94.7,2,1,split
BU07660105,Centrum,BU07660105,Centrum,99.9,2,1,unchanged
BU07660106,Beljaart,BU07660106,Beljaart,100.0,1,1,unchanged
BU07660107,Biezen,BU07660107,Biezen,100.0,1,1,unchanged
BU07660108,Hoge Akker,BU07660108,Hoge Akker,100.0,1,1,unchanged
BU07660109,Oud Dongen,BU07660109,Oud Dongen,100.0,1,1,unchanged
BU07660110,Buitengebied Oost,BU07660110,Buitengebied Oost,100.0,1,1,unchanged
BU07660111,Klein Dongen,BU07660111,Klein Dongen,100.0,1,1,unchanged
BU07660112,Dongen-Vaart,BU07660112,Dongen-Vaart,100.0,1,1,unchanged
BU07660113,Buitengebied Klein Dongen/Dongen-Vaart,BU07660113,Buitengebied Klein Dongen/Dongen-Vaart,100.0,1,1,unchanged
BU07660114,Tichelrijt,BU07660114,Tichelrijt,100.0,1,1,unchanged
BU07660115,Wildert,BU07660115,Wildert,100.0,1,1,unchanged
BU07660216,'s Gravenmoer,BU07660216,'s Gravenmoer,100.0,1,1,unchanged
BU07660217,Buitengebied 's Gravenmoer,BU07660217,Buitengebied 's Gravenmoer,100.0,1,1,unchanged
BU07700000,Eersel-kom en Lindeakkers,BU07700000,Eersel-kom en Lindeakkers,90.8,4,1,split
BU07700001,Molenakkers,BU07700001,Molenakkers,99.5,3,1,unchanged
BU07700002,Eersel-Zuid,BU07700002,Eersel-Zuid,100.0,1,1,unchanged
BU07700003,De Dijken,BU07700003,De Dijken,100.0,1,1,unchanged
BU07700004,Kortkruis,BU07700004,Kortkruis,100.0,1,1,unchanged
BU07700005,Bedrijventerrein Eersel,BU07700005,Bedrijventerrein Eersel,87.6,2,1,split
BU07700006,Molenveld en Schadewijkstraat,BU07700006,Molenveld en Schadewijk,100.0,1,1,unchanged
BU07700007,Stokkelen en Hoogstraat,BU07700007,Stokkelen en Hoogstraat,95.6,4,1,split
BU07700008,De Hees en Genderweg,BU07700008,De Hees en Genderweg,99.4,3,1,unchanged
BU07700009,Verspreide huizen Eersel,BU07700009,Verspreide huizen Eersel,98.7,3,1,split
BU07700100,Duizel,BU07700100,Duizel,75.4,4,1,split
BU07700101,De Donksbergen,BU07700101,De Donksbergen,96.7,2,1,split
BU07700102,Bedrijventerrein Duizel,BU07700102,Bedrijventerrein Duizel,99.9,2,1,unchanged
BU07700109,Verspreide huizen Duizel,BU07700109,Verspreide huizen Duizel,86.2,8,1,split
BU07700200,Steensel,BU07700200,Steensel,57.2,2,1,split
BU07700209,Verspreide huizen Steensel,BU07700209,Verspreide huizen Steensel,87.3,4,1,split
BU07700300,Vessem-kom,BU07700300,Vessem-kom,93.3,2,1,split
BU07700309,Verspreide huizen Vessem,BU07700309,Verspreide huizen Vessem,96.7,4,1,split
BU07700400,Wintelre-kom,BU07700409,Verspreide huizen Wintelre,55.8,2,2,merged
BU07700409,Verspreide huizen Wintelre,BU07700409,Verspreide huizen Wintelre,96.7,3,2,merged
BU07700500,Knegsel-kom,BU07700500,Knegsel-kom,58.0,3,1,split
BU07700501,Knegsel-Oeyenbos,BU07700501,Knegsel-Oeyenbos,98.4,2,1,split
BU07700509,Verspreide huizen Knegsel,BU07700509,Verspreide huizen Knegsel,96.3,8,1,split
BU07721111,Binnenstad,BU07721110,Binnenstad,100.0,1,1,recoded
BU07721112,Bergen,BU07721120,Bergen,100.0,1,1,recoded
BU07721113,Witte Dame,BU07721130,Witte Dame,100.0,1,1,recoded
BU07721114,Fellenoord,BU07721140,Fellenoord,100.0,1,1,recoded
BU07721115,TU-terrein,BU07721150,TU-terrein,100.0,1,1,recoded
BU07721211,Irisbuurt,BU07722110,Irisbuurt,100.0,1,1,recoded
BU07721212,Rochusbuurt,BU07722120,Rochusbuurt,100.0,1,1,recoded
BU07721213,Elzent-Noord,BU07722130,Elzent-Noord,100.0,1,1,recoded
BU07721214,Tuindorp,BU07722140,Tuindorp,100.0,1,1,recoded
BU07721215,Joriskwartier,BU07722150,Joriskwartier,100.0,1,1,recoded
BU07721216,Bloemenplein,BU07722160,Bloemenplein,100.0,1,1,recoded
BU07721217,Looiakkers,BU07722170,Looiakkers,100.0,1,1,recoded
BU07721218,Elzent-Zuid,BU07722180,Elzent-Zuid,100.0,1,1,recoded
BU07721221,Kerstroosplein,BU07722210,Kerstroosplein,100.0,1,1,recoded
BU07721222,Gerardusplein,BU07722220,Gerardusplein,100.0,1,1,recoded
BU07721223,Genneperzijde,BU07722230,Genneperzijde,100.0,1,1,recoded
BU07721224,Roosten,BU07722240,Roosten,100.0,1,1,recoded
BU07721225,Eikenburg,BU07722250,Eikenburg,100.0,1,1,recoded
BU07721226,Sportpark Aalsterweg,BU07722260,Sportpark Aalsterweg,100.0,1,1,recoded
BU07721230,Puttense Dreef,BU07722300,Puttense Dreef,100.0,1,1,recoded
BU07721231,Poeijers,BU07722310,Poeijers,100.0,1,1,recoded
BU07721232,Burghplan,BU07722320,Burghplan,100.0,1,1,recoded
BU07721233,Sintenbuurt,BU07722330,Sintenbuurt,100.0,1,1,recoded
BU07721234,Tivoli,BU07722340,Tivoli,100.0,1,1,recoded
BU07721235,Gijzenrooi,BU07722350,Gijzenrooi,100.0,1,1,recoded
BU07721236,Nieuwe Erven,BU07722360,Nieuwe Erven,100.0,1,1,recoded
BU07721237,Kruidenbuurt,BU07722370,Kruidenbuurt,100.0,1,1,recoded
BU07721238,Schuttersbosch,BU07722380,Schuttersbosch,100.0,1,1,recoded
BU07721239,Leenderheide,BU07722390,Leenderheide,100.0,1,1,recoded
BU07721240,Riel,BU07722399,Riel,100.0,1,1,recoded
BU07721311,Villapark,BU07723110,Villapark,100.0,1,1,recoded
BU07721312,Lakerlopen,BU07723120,Lakerlopen,100.0,1,1,recoded
BU07721321,Doornakkers-West,BU07723210,Doornakkers-West,100.0,1,1,recoded
BU07721322,Doornakkers-Oost,BU07723220,Doornakkers-Oost,100.0,1,1,recoded
BU07721328,Tongelresche Akkers,BU07723280,Tongelresche Akkers,100.0,1,1,recoded
BU07721333,Muschberg Geestenberg,BU07723330,"Muschberg, Geestenberg",100.0,1,1,recoded
BU07721334,Urkhoven,BU07723340,Urkhoven,100.0,1,1,recoded
BU07721335,'t Hofke,BU07723350,'t Hofke,100.0,1,1,recoded
BU07721336,Karpen,BU07723360,Karpen,100.0,1,1,recoded
BU07721337,Koudenhoven,BU07723370,Koudenhoven,100.0,1,1,recoded
BU07721410,Limbeek-Zuid,BU07724100,Limbeek-Zuid,100.0,1,1,recoded
BU07721411,Limbeek-Noord,BU07724110,Limbeek-Noord,100.0,1,1,recoded
BU07721412,Hemelrijken,BU07724120,Hemelrijken,100.0,1,1,recoded
BU07721413,Gildebuurt,BU07724130,Gildebuurt,100.0,1,1,recoded
BU07721414,Woenselse Watermolen,BU07724140,Woenselse Watermolen,100.0,1,1,recoded
BU07721421,Groenewoud,BU07724210,Woensel-West,100.0,1,1,recoded
BU07721422,Kronehoef,BU07724220,Kronehoef,100.0,1,1,recoded
BU07721423,Barrier,BU07724230,Barrier,100.0,1,1,recoded
BU07721424,Mensfoort,BU07724240,Mensfort,100.0,1,1,recoded
BU07721425,Rapenland,BU07724250,Rapenland,100.0,1,1,recoded
BU07721426,Vredeoord,BU07724260,Vredeoord,100.0,1,1,recoded
BU07721431,Generalenbuurt,BU07724310,Generalenbuurt,100.0,1,1,recoded
BU07721432,Oude Toren,BU07724320,Oude Toren,100.0,1,1,recoded
BU07721433,Hondsheuvels,BU07724330,Hondsheuvels,100.0,1,1,recoded
BU07721434,Oude Gracht-West,BU07724340,Oude Gracht-West,100.0,1,1,recoded
BU07721435,Oude Gracht-Oost,BU07724350,Oude Gracht-Oost,100.0,1,1,recoded
BU07721436,Eckartdal,BU07724360,Eckartdal,100.0,1,1,recoded
BU07721511,Driehoeksbos,BU07725110,Driehoeksbos,100.0,1,1,recoded
BU07721512,Prinsejagt,BU07725120,Prinsejagt,100.0,1,1,recoded
BU07721513,Jagershoef,BU07725130,Jagershoef,100.0,1,1,recoded
BU07721514,'t Hool,BU07725140,'t Hool,100.0,1,1,recoded
BU07721515,Winkelcentrum,BU07725150,Winkelcentrum,100.0,1,1,recoded
BU07721516,Vlokhoven,BU07725160,Vlokhoven,100.0,1,1,recoded
BU07721520,Kapelbeemd,BU07725200,Kapelbeemd,100.0,1,1,recoded
BU07721521,Kerkdorp Acht,BU07725210,Kerkdorp Acht,100.0,1,1,recoded
BU07721522,Achtse Barrier-Gunterslaer,BU07725220,Achtse Barrier-Gunterslaer,100.0,1,1,recoded
BU07721523,Achtse Barrier-Spaaihoef,BU07725230,Achtse Barrier-Spaaihoef,100.0,1,1,recoded
BU07721524,Achtse Barrier-Hoeven,BU07725240,Achtse Barrier-Hoeven,100.0,1,1,recoded
BU07721531,Woenselse Heide,BU07725310,Woenselse Heide,100.0,1,1,recoded
BU07721532,Tempel,BU07725320,Tempel,100.0,1,1,recoded
BU07721533,Blixembosch-West,BU07725330,Blixembosch-West,100.0,1,1,recoded
BU07721534,Blixembosch-Oost,BU07725340,Blixembosch-Oost,100.0,1,1,recoded
BU07721535,Castilielaan,BU07725350,Castiliëlaan,100.0,1,1,recoded
BU07721541,Eckart,BU07725410,Eckart,100.0,1,1,recoded
BU07721542,Luytelaer,BU07725420,Luytelaer,100.0,1,1,recoded
BU07721543,Vaartbroek,BU07725430,Vaartbroek,100.0,1,1,recoded
BU07721544,Heesterakker,BU07725440,Heesterakker,100.0,1,1,recoded
BU07721545,Esp,BU07725450,Esp,100.0,1,1,recoded
BU07721546,Bokt,BU07725460,Bokt,100.0,1,1,recoded
BU07721611,"Eliasterrein, Vonderkwartier",BU07726110,"Eliasterrein, Vonderkwartier",100.0,1,1,recoded
BU07721612,Philipsdorp,BU07726120,Philipsdorp,100.0,1,1,recoded
BU07721613,Engelsbergen,BU07726130,Engelsbergen,100.0,1,1,recoded
BU07721614,Schouwbroek,BU07726140,Schouwbroek,100.0,1,1,recoded
BU07721615,Schoot,BU07726150,Schoot,100.0,1,1,recoded
BU07721616,Strijp S,BU07726160,Strijp S,100.0,1,1,recoded
BU07721621,Hurk,BU07726210,Hurk,100.0,1,1,recoded
BU07721622,Het Ven,BU07726220,Het Ven,100.0,1,1,recoded
BU07721623,Lievendaal,BU07726230,Lievendaal,100.0,1,1,recoded
BU07721624,Drents Dorp,BU07726240,Drents Dorp,100.0,1,1,recoded
BU07721625,Zwaanstraat,BU07726250,Zwaanstraat,100.0,1,1,recoded
BU07721626,Wielewaal,BU07726260,Wielewaal,100.0,1,1,recoded
BU07721627,Herdgang,BU07726270,Herdgang,100.0,1,1,recoded
BU07721628,Mispelhoef,BU07726280,Mispelhoef,100.0,1,1,recoded
BU07721631,Beatrixkanaal-A2,BU07726310,BeA2,95.1,2,1,split
BU07721632,Meerbos,BU07726320,Meerbos,100.0,1,1,recoded
BU07721633,Grasrijk,BU07726330,Grasrijk,99.9,2,1,recoded
BU07721634,Bos- en Zandrijk,BU07726340,Zandrijk,100.0,1,1,recoded
BU07721635,Waterrijk,BU07726350,Waterrijk,100.0,3,1,recoded
BU07721636,Park Forum,BU07726360,Park Forum,99.9,2,1,recoded
BU07721637,Flight Forum,BU07726370,Flight Forum,100.0,1,1,recoded
BU07721638,Eindhoven Airport,BU07726380,Eindhoven Airport,100.0,1,1,recoded
BU07721639,Bosrijk,BU07726390,Bosrijk,100.0,1,1,recoded
BU07721640,Meerrijk,BU07726399,Meerrijk,100.0,2,1,recoded
BU07721711,Schrijversbuurt,BU07727110,Schrijversbuurt,100.0,1,1,recoded
BU07721712,Oude Spoorbaan,BU07727120,Oude Spoorbaan,100.0,1,1,recoded
BU07721713,Hagenkamp,BU07727130,Hagenkamp,100.0,1,1,recoded
BU07721721,Genderdal,BU07727210,Genderdal,100.0,1,1,recoded
BU07721722,Blaarthem,BU07727220,Blaarthem,100.0,1,1,recoded
BU07721723,Rapelenburg,BU07727230,Rapelenburg,100.0,1,1,recoded
BU07721724,Bennekel-Oost,BU07727240,Bennekel-Oost,100.0,1,1,recoded
BU07721725,"Bennekel-West, Gagelbosch",BU07727250,"Bennekel-West, Gagelbosch",100.0,1,1,recoded
BU07721726,Gennep,BU07727260,Gennep,100.0,1,1,recoded
BU07721727,Beemden,BU07727270,Beemden,100.0,1,1,recoded
BU07721731,Genderbeemd,BU07727310,Genderbeemd,100.0,2,1,recoded
BU07721732,Hanevoet,BU07727320,Hanevoet,100.0,1,1,recoded
BU07721733,Ooievaarsnest,BU07727330,Ooievaarsnest,93.4,2,1,split
BU07770000,Centrum Oost 1,BU07770000,Centrum Oost 1,99.5,5,1,unchanged
BU07770001,Centrum Oost 2,BU07770001,Centrum Oost 2,99.9,4,1,unchanged
BU07770002,Centrum Oost 3,BU07770002,Centrum Oost 3,99.4,3,1,unchanged
BU07770003,Centrum West 1,BU07770003,Centrum West 1,99.4,3,1,unchanged
BU07770004,Centrum West 2,BU07770004,Centrum West 2,99.6,3,1,unchanged
BU07770005,Het Hooghuis,BU07770005,Het Hooghuis,98.0,7,1,split
BU07770100,Bedrijventerrein Vosdonk,BU07770100,Midden bedrijventerrein Vosdonk,99.4,3,1,unchanged
BU07770200,Etten-Leur Midden landelijk gebied,BU07770200,Midden landelijk gebied,99.4,5,1,unchanged
BU07771000,Noord 1,BU07771000,Noord 1,84.4,6,1,split
BU07771001,Noord 2,BU07771001,Noord 2,98.9,4,1,split
BU07771002,Noord 3,BU07771002,Noord 3,97.2,5,1,split
BU07771003,"Noord 4, Stichting Het Hooghuys",BU07771003,Noord 4,97.5,4,1,split
BU07771004,Baai 1,BU07771004,Baai 1,96.5,3,1,split
BU07771005,Baai 2,BU07771005,Baai 2,99.9,2,1,unchanged
BU07771006,Baai 3,BU07771006,Baai 3,100.0,2,1,unchanged
BU07771007,"Baai 4, Markenland",BU07771007,Baai 4,98.5,3,1,split
BU07771008,"Sander-Banken 1, Broeders Internaat",BU07771008,Sander-Banken 1,97.1,3,1,split
BU07771009,"Sander-Banken 2, Klein Sander",BU07771009,Sander-Banken 2,97.9,3,1,split
BU07771010,"Sander-Banken 3, Groot Sander",BU07771010,Sander-Banken 3,95.1,4,1,split
BU07771011,"Sander-Banken 4, Lage Banken",BU07771011,Sander-Banken 4,91.2,6,1,split
BU07771012,De Grient,BU07771012,De Grient,99.2,4,1,unchanged
BU07771013,De Keen,BU07771013,De Keen,96.5,6,1,split
BU07771014,Attelaken,BU07771014,Attelaken,97.0,3,1,split
BU07771015,Schoenmakershoek,BU07771015,Schoenmakershoek,98.7,4,1,split
BU07771100,Bedrijventerrein Vossendaal,BU07771100,Bedrijventerrein Vossendaal,99.9,4,1,unchanged
BU07771200,Landelijk gebied 1 (Noord),BU07771200,Noord landelijk gebied 1,99.4,3,1,unchanged
BU07771201,Landelijk gebied 2 (Noord),BU07771201,Noord landelijk gebied 2,93.2,3,1,split
BU07771202,Landelijk gebied 3 (Noord),BU07771202,Noord landelijk gebied 3,94.1,4,1,split
BU07771203,Landelijk gebied 4 (Noord),BU07771203,Noord landelijk gebied 4,99.4,6,1,unchanged
BU07772000,Banakkers 1,BU07772000,Banakkers 1,100.0,1,1,unchanged
BU07772001,Banakkers 2,BU07772001,Banakkers 2,100.0,1,1,unchanged
BU07772002,Banakkers 3,BU07772002,Banakkers 3,100.0,1,1,unchanged
BU07772003,"Banakkers 4, Achter de Molen",BU07772003,Banakkers 4,98.3,6,1,split
BU07772004,Grauwe Polder 1,BU07772004,Grauwe Polder 1,100.0,1,1,unchanged
BU07772005,Grauwe Polder 2,BU07772005,Grauwe Polder 2,100.0,1,1,unchanged
BU07772006,Grauwe Polder 3,BU07772006,Grauwe Polder 3,99.3,3,1,unchanged
BU07772007,Grauwe Polder 4,BU07772007,Grauwe Polder 4,99.9,2,1,unchanged
BU07772008,"Grauwe Polder 5, 't Winhof",BU07772011,De Streek,75.6,4,1,split
BU07772009,Hoge Neerstraat,BU07772009,Hoge Neerstraat,94.6,6,1,split
BU07772010,Centrumplan,BU07772010,Centrum Zuid,98.2,3,1,split
BU07772100,Bedrijventerrein Vosdonk-Zuid,BU07772100,Zuid bedrijventerrein Vosdonk,97.6,4,1,split
BU07772200,Bedrijventerrein Trivium,BU07772200,Bedrijventerrein Trivium,97.7,3,1,split
BU07772300,Landelijk gebied 1 (Zuid),BU07772300,Zuid landelijk gebied 1,99.8,4,1,unchanged
BU07772301,Landelijk gebied 2 (Zuid),BU07772301,Zuid landelijk gebied 2,99.1,5,1,unchanged
BU07772302,Landelijk gebied 3 (Zuid),BU07772302,Zuid landelijk gebied 3,98.3,5,1,split
BU07772303,Landelijk gebied 4 (Zuid),BU07772303,Zuid landelijk gebied 4,100.0,1,1,unchanged
BU07790000,Raamsdonksveer,BU07790000,Raamsdonksveer,100.0,1,1,unchanged
BU07790001,Hooipolder en De Hoeven,BU07790001,Hooipolder en De Hoeven,100.0,1,1,unchanged
BU07790002,Industrieterrein Dombosch,BU07790002,Industrieterrein Dombosch,100.0,1,1,unchanged
BU07790009,Verspreide huizen Raamsdonksveer,BU07790009,Verspreide huizen Raamsdonksveer,100.0,1,1,unchanged
BU07790100,Raamsdonk,BU07790100,Raamsdonk,100.0,1,1,unchanged
BU07790109,Verspreide huizen Raamsdonk,BU07790109,Verspreide huizen Raamsdonk,100.0,1,1,unchanged
BU07790200,Geertruidenberg-Kom,BU07790200,Geertruidenberg-Kom,100.0,1,1,unchanged
BU07790201,Geertruidenberg-West,BU07790201,Geertruidenberg-West,100.0,1,1,unchanged
BU07790202,Geertruidenberg-Noord,BU07790202,Geertruidenberg-Noord,100.0,1,1,unchanged
BU07790203,Industrieterrein Dongeoever Amerkant,BU07790203,Industrieterrein Dongeoever Amerkant,100.0,2,1,unchanged
BU07790209,Verspreide huizen Geertruidenberg,BU07790209,Verspreide huizen Geertruidenberg,100.0,1,1,unchanged
BU07840000,Rijen,BU07840102,Vijf Eiken,22.1,13,1,split
BU07840007,Bedrijventerrein Haansberg,BU07840108,Bedrijventerrein Haansberg,85.1,7,1,split
BU07840009,Verspreide huizen Rijen,BU07840113,Buitengebied Noord Rijen,46.4,11,1,split
BU07840100,Gilze,BU07840204,Steenakkers,32.5,7,1,split
BU07840107,Bedrijventerrein Broekakkers,BU07840205,Bedrijventerrein Broekakkers,85.4,5,1,split
BU07840109,Verspreide huizen Gilze,BU07840208,Buitengebied Gilze,94.9,10,1,split
BU07840200,Molenschot,BU07840402,Buitengebied Molenschot,51.3,2,2,merged
BU07840209,Verspreide huizen Molenschot,BU07840402,Buitengebied Molenschot,68.4,5,2,merged
BU07840300,Hulten,BU07840301,Kern Hulten,76.2,3,1,split
BU07840309,Verspreide huizen Hulten,BU07840302,Buitengebied Hulten,91.2,5,1,split
BU07850101,Goirle-Centrum,BU07850101,Goirle-Centrum,100.0,1,1,unchanged
BU07850202,Grobbendonck,BU07850202,Grobbendonck,100.0,1,1,unchanged
BU07850303,De Groote Akkers,BU07850303,De Groote Akkers,100.0,1,1,unchanged
BU07850304,De Leijzoom,BU07850304,De Leijzoom,100.0,1,1,unchanged
BU07850405,De Hoogte,BU07850405,De Hoogte,100.0,1,1,unchanged
BU07850406,De Vallei,BU07850406,De Vallei,100.0,1,1,unchanged
BU07850507,Abcoven,BU07850507,Abcoven,100.0,1,1,unchanged
BU07850608,Wildackers,BU07850608,Wildackers,100.0,1,1,unchanged
BU07850709,'t Ven,BU07850709,'t Ven,100.0,1,1,unchanged
BU07850710,Burgemeesters,BU07850710,Burgemeesters,100.0,1,1,unchanged
BU07850811,Tilburgseweg,BU07850811,Tilburgseweg,100.0,1,1,unchanged
BU07850812,De Boschkens-West,BU07850812,De Boschkens-West,100.0,1,1,unchanged
BU07850813,De Boschkens-Oost,BU07850813,De Boschkens-Oost,100.0,2,1,unchanged
BU07850914,Vennen,BU07850914,Vennen,100.0,1,1,unchanged
BU07850915,Bomen,BU07850915,Bomen,100.0,1,1,unchanged
BU07850916,De Villa,BU07850916,De Villa,100.0,1,1,unchanged
BU07850917,Rivieren,BU07850917,Rivieren,100.0,1,1,unchanged
BU07850918,Kruiden,BU07850918,Kruiden,100.0,1,1,unchanged
BU07851019,De Nieuwe Erven,BU07851019,De Nieuwe Erven,100.0,1,1,unchanged
BU07851120,Hoogeind,BU07851120,Hoogeind,100.0,1,1,unchanged
BU07851121,Geestelijken,BU07851121,Geestelijken,100.0,1,1,unchanged
BU07851122,Herstallen,BU07851122,Herstallen,100.0,1,1,unchanged
BU07851223,Sportpark Van den Wildenberg,BU07851223,Sportpark Van den Wildenberg,100.0,1,1,unchanged
BU07851324,Tijlvoort-Noort,BU07851324,Tijlvoort-Noort,100.0,1,1,unchanged
BU07851325,Tijlvoort-Zuid,BU07851325,Tijlvoort-Zuid,100.0,1,1,unchanged
BU07851426,Verspreide huizen Goirle,BU07851426,Verspreide huizen Goirle,100.0,1,2,unchanged
BU07852027,Riel-Dorp,BU07852027,Riel-Dorp,100.0,1,1,unchanged
BU07852028,Spaansehoek,BU07852028,Spaansehoek,100.0,1,1,unchanged
BU07852129,Bedrijventerrein Riel,BU07852129,Bedrijventerrein Riel,100.0,1,1,unchanged
BU07852230,Sportpark De Krim,BU07852230,Sportpark De Krim,100.0,1,1,unchanged
BU07852331,Verspreide huizen Riel,BU07852331,Verspreide huizen Riel,100.0,1,1,unchanged
BU07860000,Binnenstad-Grave,BU19820201,Binnenstad-Grave,99.9,2,1,recoded (gemeente change)
BU07860001,Mars,BU19820203,Mars,100.0,1,1,recoded (gemeente change)
BU07860002,Bikkelkamp,BU19820205,Bikkelkamp,99.9,2,1,recoded (gemeente change)
BU07860003,Esterveld,BU19820207,Esterveld,97.1,3,1,split
BU07860004,Zittert,BU19820209,Zittert,99.7,3,1,recoded (gemeente change)
BU07860005,De Stoof,BU19820211,De Stoof,98.9,4,1,split
BU07860006,Industrieterrein Wisseveld,BU19820213,Industrieterrein Wisseveld,84.7,3,1,split
BU07860100,Escharen kom,BU19820301,Escharen kom,98.9,3,1,split
BU07860101,Buitengebied West inclusief Raam,BU19820305,Escharen buitengebied West incl. Raam,96.2,7,1,split
BU07860102,Buitengebied-Oost,BU19820303,Escharen buitengebied-Oost,96.6,5,1,split
BU07860200,Oud Velp,BU19820101,Oud Velp,99.1,3,1,recoded (gemeente change)
BU07860201,Nieuw Veld,BU19820103,Nieuw Velp,98.8,3,1,split
BU07860202,Buitengebied-Noord inclusief rijksweg,BU19820107,Velp Buitengebied-Noord incl rijksweg,99.5,6,1,recoded (gemeente change)
BU07860203,Buitengebied Zuid,BU19820105,Velp Buitengebied Zuid,75.5,8,1,split
BU07860204,Industrieterrein De Eek,BU19820113,Industrieterrein De Eek,97.9,4,1,split
BU07860300,Gassel kom,BU19820401,Gassel kom,100.0,1,1,recoded (gemeente change)
BU07860301,Buitengebied Gassel,BU19820403,Gassel buitengebied,99.0,2,1,split
BU07880100,Haaren,BU08241601,Dorp Haaren,82.7,2,2,merged
BU07880101,'t Eind,BU08241601,Dorp Haaren,73.7,2,2,merged
BU07880108,Verspreide huizen in het Westen,BU08241701,Buitengebied Haaren,68.4,5,3,merged
BU07880109,Verspreide huizen in het Oosten,BU08241701,Buitengebied Haaren,95.6,5,3,merged
BU07880110,Noenes,BU08241701,Buitengebied Haaren,95.4,2,3,merged
BU07880200,Helvoirt,BU08650300,Helvoirt,100.0,1,1,recoded (gemeente change)
BU07880201,Distelberg,BU08650301,Distelberg,100.0,1,1,recoded (gemeente change)
BU07880207,Verspreide huizen Helvoirtse Heide,BU08650307,Verspr huizen Helvoirtse Heide,99.4,2,1,recoded (gemeente change)
BU07880208,Verspreide huizen Brokkenbroek en Laar,BU08650308,Verspr huizen Brokkenbroek en Laar,100.0,2,1,recoded (gemeente change)
BU07880209,"Verspreide huizen Gijzel, Raam en Molenstraat",BU08650309,Verspr huizen Gijzel Raam en Molenstr,97.3,3,1,split
BU07880300,Esch,BU07573000,Esch,100.0,1,1,recoded (gemeente change)
BU07880309,Verspreide huizen Esch,BU07573100,Verspr huizen Esch,84.8,4,1,split
BU07880400,Biezenmortel,BU08556801,Kern Biezenmortel,72.8,3,1,split
BU07880401,Huize Assisië,BU08556802,Huize Assisië,94.9,2,1,split
BU07880409,Verspreide huizen Biezenmortel,BU08556803,Buitengebied Biezenmortel,98.8,8,1,split
BU07941000,Centrum,BU07941000,Centrum,100.0,3,1,unchanged
BU07941002,Leonardus,BU07941002,Leonardus,100.0,1,1,unchanged
BU07941003,Heipoort,BU07941003,Heipoort,100.0,1,1,unchanged
BU07941004,Stationsgebied,BU07941004,Stationsgebied,100.0,1,1,unchanged
BU07941005,Vossenberg,BU07941005,Vossenberg,100.0,1,1,unchanged
BU07941006,Annabuurt en Suytkade,BU07941006,Annabuurt en Suytkade,100.0,1,1,unchanged
BU07941007,Steenweg en omgeving,BU07941007,Steenweg en omgeving,100.0,2,1,unchanged
BU07941100,Beisterveld,BU07941100,Beisterveld,100.0,2,1,unchanged
BU07941101,Beisterveldse Broek,BU07941101,Beisterveldse Broek,100.0,1,1,unchanged
BU07941102,Straakven,BU07941102,Straakven,100.0,1,1,unchanged
BU07941200,Bloemvelden,BU07941200,Bloemvelden,100.0,3,1,unchanged
BU07941201,Binderen,BU07941201,Binderen,100.0,2,1,unchanged
BU07941202,Eeuwsels,BU07941202,Eeuwsels,100.0,2,1,unchanged
BU07941300,'t Hout-Centrum,BU07941300,'t Hout-Centrum,100.0,3,1,unchanged
BU07941301,Kroon,BU07941301,Kroon,100.0,1,1,unchanged
BU07941302,Akkers,BU07941302,Akkers,100.0,2,1,unchanged
BU07941303,Gansenwinkel,BU07941303,Gansenwinkel,100.0,1,1,unchanged
BU07941309,Groot Goor,BU07941309,Groot Goor,100.0,1,1,unchanged
BU07941400,Brouwhuis-Dorp,BU07941400,Brouwhuis-Dorp,100.0,2,1,unchanged
BU07941401,Brouwhuis-West,BU07941401,Brouwhuis-West,100.0,1,1,unchanged
BU07941402,Brouwhuis-Oost,BU07941402,Brouwhuis-Oost,100.0,2,1,unchanged
BU07941404,Brouwhorst,BU07941404,Brouwhorst,100.0,2,1,unchanged
BU07941409,Kloostereind,BU07941409,Kloostereind,100.0,1,1,unchanged
BU07941500,West,BU07941500,West,100.0,2,1,unchanged
BU07941501,Houtsdonk,BU07941501,Houtsdonk,100.0,1,1,unchanged
BU07941600,Oranjebuurt,BU07941600,Oranjebuurt,100.0,1,1,unchanged
BU07941601,Zwanenbeemd,BU07941601,Zwanenbeemd,100.0,2,1,unchanged
BU07941609,Overbrug,BU07941609,Overbrug,100.0,2,1,unchanged
BU07941700,Stiphout-Dorp,BU07941700,Stiphout-Dorp,100.0,1,1,unchanged
BU07941701,Schooten,BU07941701,Schooten,100.0,1,1,unchanged
BU07941709,Geeneind,BU07941709,Geeneind,100.0,2,1,unchanged
BU07941801,Rijpelberg-Oost,BU07941801,Rijpelberg-Oost,100.0,1,1,unchanged
BU07941802,Rijpelberg-West,BU07941802,Rijpelberg-West,100.0,3,1,unchanged
BU07941809,Berkendonk,BU07941809,Berkendonk,100.0,3,1,unchanged
BU07941900,Kern Dierdonk,BU07941900,Kern Dierdonk,100.0,2,1,unchanged
BU07941909,Scheepstal,BU07941909,Scheepstal,100.0,1,1,unchanged
BU07942100,Brand,BU07942100,Brand,100.0,1,1,unchanged
BU07942101,De Veste,BU07942101,De Veste,100.0,2,1,unchanged
BU07942102,Schutsboom,BU07942102,Schutsboom,100.0,1,1,unchanged
BU07942103,Stepekolk,BU07942103,Stepekolk,100.0,2,1,unchanged
BU07942104,Berenbroek,BU07942104,Kranenbroek,100.0,1,1,unchanged
BU07942105,De marke,BU07942105,De Marke,100.0,1,1,unchanged
BU07942901,Hoogeind,BU07942901,Hoogeind,100.0,1,1,unchanged
BU07942902,B.Z.O.B.,BU07942902,B.Z.O.B.,100.0,1,1,unchanged
BU07960101,Binnenstad-Centrum,BU07960101,Binnenstad centrum,97.3,6,1,split
BU07960102,Binnenstad-Oost,BU07960102,Binnenstad oost,96.5,7,1,split
BU07960103,De Hofstad,BU07960103,De Hofstad,99.3,4,1,unchanged
BU07960104,Binnenstad-Noord,BU07960104,Binnenstad noord,93.7,5,1,split
BU07960105,Het Zand,BU07960105,Het Zand,84.7,9,1,split
BU07960106,Vughterpoort,BU07960106,Vughterpoort,42.5,6,1,split
BU07960201,Het Bossche Broek,BU07960201,Het Bossche Broek,96.4,4,1,split
BU07960202,Zuid,BU07960202,Zuid,98.3,6,1,split
BU07960203,Bazeldonk,BU07960203,Bazeldonk,92.9,6,1,split
BU07960204,Bedrijventerrein-Zuid,BU07960204,Bedrijventerrein Zuid,88.6,5,1,split
BU07960205,De Gestelse Buurt,BU07960205,De Gestelse Buurt,98.1,5,1,split
BU07960206,Pettelaarpark,BU07960206,Pettelaarpark,98.1,5,1,split
BU07960207,De Meerendonk,BU07960207,De Meerendonk,97.1,5,1,split
BU07960208,Eikendonk en Kloosterstraat,BU07960208,Kloosterstraat,98.9,5,1,split
BU07960209,De Bossche Pad,BU07960209,De Bossche Pad,91.3,5,1,split
BU07960210,Grevelingen,BU07960210,Grevelingen,95.7,4,1,split
BU07960211,Aawijk-Zuid,BU07960211,Aawijk Zuid,98.9,6,1,split
BU07960212,Bedrijvenpark De Brand,BU07960212,Bedrijvenpark De Brand,97.6,6,1,split
BU07960301,De Hinthamerpoort,BU07960301,De Hinthamerpoort,91.0,6,1,split
BU07960302,Graafsebuurt-Zuid,BU07960302,Graafsebuurt zuid,99.0,4,1,split
BU07960303,Aawijk-Noord,BU07960303,Aawijk noord,99.2,3,1,unchanged
BU07960304,Graafsebuurt-Noord,BU07960304,Graafsebuurt noord,96.9,9,1,split
BU07960305,Hintham-Zuid,BU07960305,Hintham zuid,99.3,6,1,unchanged
BU07960306,Hintham-Noord,BU07960306,Hintham noord,97.7,5,1,split
BU07960401,De Muntel,BU07960401,De Muntel,97.9,6,1,split
BU07960402,De Vliert,BU07960402,De Vliert,99.0,5,1,split
BU07960403,Orthenpoort,BU07960403,Orthenpoort,97.5,8,1,split
BU07960501,Maliskamp-West,BU07960501,Maliskamp west,94.3,4,1,split
BU07960502,Maliskamp-Oost,BU07960502,Maliskamp oost,98.3,3,1,split
BU07960503,Het Vinkel,BU07960503,Het Vinkel,99.2,4,1,unchanged
BU07960504,Binckhorst,BU07960504,Binckhorst,98.9,6,1,split
BU07960505,Sparrenburg,BU07960505,Sparrenburg,98.8,3,1,split
BU07960506,Molenhoek,BU07960506,Molenhoek,95.8,8,1,split
BU07960507,A2 zone Rosmalen-Zuid,BU07960507,A2 zone Rosmalen zuid,93.2,9,1,split
BU07960601,'t Ven,BU07960601,'t Ven,98.9,5,1,split
BU07960602,Rosmalen-Centrum,BU07960602,Rosmalen centrum,98.6,5,1,split
BU07960603,Hondsberg,BU07960603,Hondsberg,96.2,7,1,split
BU07960604,Kruisstraat,BU07960604,Kruisstraat,99.3,9,1,unchanged
BU07960605,Bedrijventerrein Kruisstraat,BU07960605,Bedrijventerrein Kruisstraat,92.1,3,1,split
BU07960606,De Overlaet-Oost,BU07960606,De Overlaet oost,97.7,3,1,split
BU07960607,De Overlaet-West,BU07960607,De Overlaet west,93.7,5,1,split
BU07960608,A2 zone Rosmalen Noord,BU07960608,A2 zone Rosmalen noord,99.0,5,1,split
BU07960609,Rosmalense Polder,BU07960609,Rosmalense Polder,99.7,5,1,unchanged
BU07960701,Brabantpoort,BU07960701,Brabantpoort,92.9,8,1,split
BU07960702,De Groote Vliet,BU07960702,De Groote Vliet,95.1,4,1,split
BU07960703,Vlietdijk,BU07960703,Vlietdijk,92.2,6,1,split
BU07960704,Broekland,BU07960704,Broekland,97.1,4,1,split
BU07960705,De Watertuinen,BU07960705,De Watertuinen,91.6,4,1,split
BU07960706,De Hoven,BU07960706,De Hoven,99.3,2,1,unchanged
BU07960799,Landelijk gebied De Groote Wielen,BU07960798,Overig landelijk gebied De Groote Wielen,26.3,13,1,split
BU07960801,Kom Empel,BU07960801,Kom Empel,91.3,4,1,split
BU07960802,Maasakker,BU07960802,Maasakker,96.4,6,1,split
BU07960803,Empel-Oost,BU07960803,Empel oost,98.9,9,1,split
BU07960804,De Koornwaard,BU07960804,De Koornwaard,98.2,9,1,split
BU07960901,De Buitenpepers,BU07960901,De Buitenpepers,95.8,4,1,split
BU07960902,De Herven,BU07960902,De Herven,99.4,3,1,unchanged
BU07960903,Bedrijventerrein De Herven,BU07960903,Bedrijventerrein De Herven,97.7,8,1,split
BU07960904,De Slagen,BU07960904,De Slagen,98.0,5,1,split
BU07960905,De Haren,BU07960905,De Haren,97.5,5,1,split
BU07960906,De Reit,BU07960906,De Reit,99.0,4,1,split
BU07960907,De Donk,BU07960907,De Donk,97.0,4,1,split
BU07960908,De Rompert,BU07960908,De Rompert,98.9,7,1,split
BU07960909,De Hambaken,BU07960909,De Hambaken,97.6,6,1,split
BU07960910,De Sprookjesbuurt,BU07960910,De Sprookjesbuurt,98.1,6,1,split
BU07960911,De Muziekinstrumentenbuurt,BU07960911,De Muziekinstrumentenbuurt,96.8,4,1,split
BU07960912,De Edelstenenbuurt,BU07960912,De Edelstenenbuurt,96.6,6,1,split
BU07960913,Orthen,BU07960913,Orthen,98.8,6,1,split
BU07960914,Orthen-West,BU07960914,Orthen west,95.6,6,1,split
BU07960915,Bedrijventerrein-Noord,BU07960915,Bedrijventerrein Noord,95.9,6,1,split
BU07961001,De Italiaanse buurt,BU07961001,De Italiaanse buurt,97.7,6,1,split
BU07961002,Maasdal,BU07961002,Maasdal,96.0,6,1,split
BU07961003,Abdijenbuurt,BU07961003,Abdijenbuurt,99.1,8,1,unchanged
BU07961004,Lokeren,BU07961004,Lokeren,92.5,4,1,split
BU07961005,Maasstroom,BU07961005,Maasstroom,95.0,6,1,split
BU07961006,De Staatsliedenbuurt,BU07961006,De Staatsliedenbuurt,97.2,3,1,split
BU07961007,Het Zilverpark,BU07961007,Het Zilverpark,98.2,4,1,split
BU07961008,Maasvallei,BU07961008,Maasvallei,96.2,5,1,split
BU07961009,Maasoever,BU07961009,Maasoever,95.8,3,1,split
BU07961010,Bedrijventerrein Maaspoort,BU07961010,Bedrijventerrein Maaspoort,97.8,5,1,split
BU07961011,Oud Empel,BU07961011,Oud Empel,99.1,6,1,unchanged
BU07961101,Boschveld,BU07961101,Boschveld,98.1,6,1,split
BU07961102,Paleiskwartier,BU07961102,Paleiskwartier,97.6,4,1,split
BU07961103,Willemspoort,BU07961103,Willemspoort,66.2,6,1,split
BU07961104,Deuteren,BU07961104,Deuteren,96.0,4,1,split
BU07961105,De Moerputten,BU07961105,De Moerputten,99.3,4,1,unchanged
BU07961106,De Schutskamp,BU07961106,De Schutskamp,97.5,7,1,split
BU07961107,De Kruiskamp,BU07961107,De Kruiskamp,99.7,4,1,unchanged
BU07961108,De Rietvelden-Oost,BU07961108,De Rietvelden oost,99.7,4,1,unchanged
BU07961109,De Rietvelden-West,BU07961109,De Rietvelden west,98.6,9,1,split
BU07961110,Veemarktkwartier,BU07961110,Veemarktkwartier,94.3,5,1,split
BU07961111,Ertveld,BU07961111,Ertveld,97.9,10,1,split
BU07961201,Kom Engelen,BU07961201,Kom Engelen,99.2,4,1,unchanged
BU07961202,De Vutter,BU07961202,De Vutter,94.8,3,1,split
BU07961203,Henriëttewaard,BU07961203,Henriëttewaard,98.5,5,1,split
BU07961204,De Haverleij,BU07961204,De Haverleij,98.7,5,1,split
BU07961205,Bokhoven,BU07961205,Bokhoven,99.7,3,1,unchanged
BU07961206,Engelermeer,BU07961206,Engelermeer,99.6,5,1,unchanged
BU07961301,Kom Nuland,BU07961301,Kom Nuland,95.5,5,1,split
BU07961302,Bedrijventerrein Nuland,BU07961302,Bedrijventerrein Nuland,98.6,3,1,split
BU07961303,De Lage Kant,BU07961303,De Lage Kant,98.9,3,1,split
BU07961304,Heeseind,BU07961304,Heeseind,98.0,4,1,split
BU07961399,Landelijk gebied Nuland,BU07961399,Landelijk gebied Nuland,99.0,5,1,split
BU07961401,Kom Vinkel,BU07961401,Kom Vinkel,93.0,2,1,split
BU07961402,Vinkeloord,BU07961402,Vinkeloord,95.7,5,1,split
BU07961499,Landelijk gebied Vinkel,BU07961499,Landelijk gebied Vinkel,97.7,7,1,split
BU07970101,Braken-West,BU07970101,Braken-West,100.0,1,1,unchanged
BU07970102,Braken-Oost,BU07970102,Braken-Oost,100.0,1,1,unchanged
BU07970103,Centrum Drunen,BU07970103,Centrum Drunen,100.0,1,1,unchanged
BU07970104,Venne-West,BU07970104,Venne-West,100.0,1,1,unchanged
BU07970105,Venne-Oost,BU07970105,Venne-Oost,100.0,1,1,unchanged
BU07970200,Elshout,BU07970200,Elshout,100.0,1,1,unchanged
BU07970300,Haarsteeg,BU07970300,Haarsteeg,100.0,1,1,unchanged
BU07970400,Nieuwkuijk,BU07970400,Nieuwkuijk,100.0,1,1,unchanged
BU07970501,Vijfhoeven,BU07970501,Vijfhoeven,100.0,1,1,unchanged
BU07970502,Vlijmen-Dorp,BU07970502,Vlijmen-Dorp,100.0,1,1,unchanged
BU07970503,Vliedberg,BU07970503,Vliedberg,100.0,1,1,unchanged
BU07970600,Doeveren,BU07970600,Doeveren,100.0,1,1,unchanged
BU07970700,Hedikhuizen,BU07970700,Hedikhuizen,100.0,2,1,unchanged
BU07970800,Heesbeen,BU07970800,Heesbeen,100.0,1,1,unchanged
BU07970900,Herpt,BU07970900,Herpt,100.0,1,1,unchanged
BU07971000,Heusden,BU07971000,Heusden,100.0,1,1,unchanged
BU07971100,Oudheusden,BU07971100,Oudheusden,100.0,1,1,unchanged
BU07980000,Hilvarenbeek,BU07980000,Hilvarenbeek,100.0,1,1,unchanged
BU07980009,Verspreide huizen Hilvarenbeek,BU07980009,Verspreide huizen Hilvarenbeek,100.0,1,1,unchanged
BU07980100,Esbeek,BU07980100,Esbeek,100.0,2,1,unchanged
BU07980109,Verspreide huizen Esbeek,BU07980109,Verspreide huizen Esbeek,100.0,2,1,unchanged
BU07980200,Biest-Houtakker,BU07980200,Biest-Houtakker,100.0,1,1,unchanged
BU07980209,Verspreide huizen Biest-Houtakker,BU07980209,Verspreide huizen Biest-Houtakker,100.0,1,1,unchanged
BU07980300,Diessen,BU07980300,Diessen,100.0,1,1,unchanged
BU07980301,Baarschot,BU07980301,Baarschot,100.0,1,1,unchanged
BU07980309,Verspreide huizen Baarschot,BU07980309,Verspreide huizen Baarschot,100.0,1,1,unchanged
BU07980400,Haghorst,BU07980400,Haghorst,100.0,1,1,unchanged
BU07980409,Verspreide huizen Haghorst,BU07980409,Verspreide huizen Haghorst,100.0,1,1,unchanged
BU08091001,Draaiboom,BU08091001,Draaiboom,100.0,1,1,unchanged
BU08091005,Hil (noord),BU08091005,Hil (noord),100.0,1,1,unchanged
BU08091006,Hil (zuid),BU08091006,Hil (zuid),100.0,1,1,unchanged
BU08091010,Pannenhoef (west),BU08091010,Pannenhoef (west),100.0,1,1,unchanged
BU08091011,Pannenhoef (oost),BU08091011,Pannenhoef (oost),100.0,1,1,unchanged
BU08091015,Bloemenbuurt,BU08091015,Bloemenbuurt,100.0,1,1,unchanged
BU08091020,Centrum,BU08091020,Centrum,100.0,2,1,unchanged
BU08091021,Schrijversbuurt,BU08091021,Schrijversbuurt,100.0,1,1,unchanged
BU08091025,Staatsliedenbuurt,BU08091025,Staatsliedenbuurt,100.0,1,1,unchanged
BU08091030,Vossenberg (west),BU08091030,Vossenberg (west),100.0,1,1,unchanged
BU08091031,Vossenberg (oost),BU08091031,Vossenberg (oost),100.0,1,1,unchanged
BU08091035,De Kets (industrieterrein),BU08091035,De Kets (industrieterrein),100.0,1,1,unchanged
BU08091040,De Zandschel,BU08091040,De Zandschel,100.0,1,1,unchanged
BU08091041,De Baan,BU08091041,De Baan,100.0,1,1,unchanged
BU08092045,Heikant,BU08092045,Heikant,100.0,1,1,unchanged
BU08092048,Els (west),BU08092048,Els (west),100.0,1,1,unchanged
BU08092049,Els (oost),BU08092049,Els (oost),100.0,1,1,unchanged
BU08092052,Rooi Dorp,BU08092052,Rooi Dorp,100.0,1,1,unchanged
BU08092055,Loonse Vaart,BU08092055,Loonse Vaart,100.0,1,1,unchanged
BU08092058,De Oude Omdraaier,BU08092058,De Oude Omdraaier,100.0,1,1,unchanged
BU08092061,Prinsessenbuurt,BU08092061,Prinsessenbuurt,100.0,1,1,unchanged
BU08092063,Het Hoekske,BU08092063,Het Hoekske,100.0,1,1,unchanged
BU08092066,De Klinkenpolder,BU08092066,De Klinkenpolder,100.0,1,1,unchanged
BU08093070,Oud-Loon,BU08093070,Oud-Loon,100.0,1,1,unchanged
BU08093071,Mussenhoek,BU08093071,Mussenhoek,100.0,1,1,unchanged
BU08093080,Molenwijk (noord),BU08093080,Molenwijk (noord),100.0,1,1,unchanged
BU08093081,Molenwijk (zuid),BU08093081,Molenwijk (zuid),100.0,1,1,unchanged
BU08093085,De Hoogt (Industrieterrein),BU08093085,De Hoogt (Industrieterrein),100.0,1,1,unchanged
BU08093090,Bergeind,BU08093090,Bergeind,100.0,1,1,unchanged
BU08093091,Oost-Loon,BU08093091,Oost-Loon,100.0,1,1,unchanged
BU08093092,De Plakken,BU08093092,De Plakken,100.0,1,1,unchanged
BU08094095,De Moer,BU08094095,De Moer,100.0,1,1,unchanged
BU08150000,Mill-Centrum,BU19821001,Mill-Centrum,94.2,6,1,split
BU08150001,Mill-West,BU19821003,Mill-West,99.7,3,1,recoded (gemeente change)
BU08150002,Brugse Berg,BU19821005,Brugse Berg,100.0,2,1,recoded (gemeente change)
BU08150003,Mill-Zuid,BU19821007,Mill-Zuid,90.4,7,1,split
BU08150004,Bedrijventerrein Het Spoor,BU19821009,Bedrijventerrein Het Spoor,97.3,2,1,split
BU08150005,Bedrijventerrein De Meeren,BU19821011,Bedrijventerrein De Meeren,100.0,1,1,recoded (gemeente change)
BU08150007,Verspreide huizen Groespeel,BU19821013,Groespeel buitengebied,98.8,4,1,split
BU08150008,Verspreide huizen Achterdijk-Roijendijk,BU19821017,Achterdijk-Roijendijk buitengebied,93.7,5,1,split
BU08150009,Verspreide huizen Meren-De Gagel,BU19821015,Meren-De Gagel buitengebied,86.9,7,1,split
BU08150100,Langenboom,BU19820903,Langenboom,100.0,1,1,recoded (gemeente change)
BU08150109,Verspreide huizen Langenboom,BU19820901,Langenboom buitengebied,95.4,4,1,split
BU08150200,Sint Hubert,BU19821501,Sint Hubert,100.0,1,1,recoded (gemeente change)
BU08150209,Verspreide huizen Sint Hubert,BU19821503,Sint Hubert buitengebied,95.9,4,1,split
BU08150300,Wilbertoord,BU19821601,Wilbertoord,95.7,2,1,split
BU08150309,Verspreide huizen Wilbertoord,BU19821603,Wilbertoord buitengebied,96.5,4,1,split
BU08200000,Nuenen-Noord,BU08200000,Nuenen-Noord,100.0,1,1,unchanged
BU08200001,Nuenen-Zuid,BU08200001,Nuenen-Zuid,100.0,1,1,unchanged
BU08200002,Nuenen-Oost,BU08200002,Nuenen-Oost,100.0,1,1,unchanged
BU08200003,Eeneind,BU08200003,Eeneind,100.0,1,1,unchanged
BU08200008,"Verspreide huizen Boord, Opwetten",BU08200008,"Verspreide huizen Boord, Opwetten",100.0,1,1,unchanged
BU08200009,Verspreide huizen ten zuidoosten van Nuenen,BU08200009,Verspreide huizen ten zuidoosten van Nuenen,100.0,1,1,unchanged
BU08200100,Gerwen,BU08200100,Gerwen,100.0,1,1,unchanged
BU08200109,Verspreide huizen Gerwen,BU08200109,Verspreide huizen Gerwen,100.0,1,1,unchanged
BU08200200,Nederwetten,BU08200200,Nederwetten,100.0,1,1,unchanged
BU08200209,Verspreide huizen Nederwetten,BU08200209,Verspreide huizen Nederwetten,100.0,1,1,unchanged
BU08230000,Oirschot-Centrum,BU08230000,Oirschot-Centrum,100.0,1,1,unchanged
BU08230001,Oirschot Noordoost,BU08230001,Oirschot Noordoost,100.0,1,1,unchanged
BU08230002,De Notel,BU08230002,De Notel,100.0,1,1,unchanged
BU08230003,Industrieterrein De Stad,BU08230003,Industrieterrein De Stad,100.0,1,1,unchanged
BU08230004,Snepseind en Bijsterveld,BU08230004,Snepseind en Bijsterveld,100.0,1,1,unchanged
BU08230005,Straten met Moleneind,BU08230005,Straten met Moleneind,100.0,1,1,unchanged
BU08230008,Verspreide huizen Zuid-Oirschotse Heide,BU08230008,Verspreide huizen Zuid-Oirschotse Heide,100.0,1,1,unchanged
BU08230009,Verspreide huizen Noord en De Mortelen,BU08230009,Verspreide huizen Noord en De Mortelen,100.0,1,1,unchanged
BU08230100,Spoordonk,BU08230100,Spoordonk,100.0,1,1,unchanged
BU08230109,Verspreide huizen Spoordonk,BU08230109,Verspreide huizen Spoordonk,100.0,2,1,unchanged
BU08230200,Middelbeers,BU08230200,Middelbeers,100.0,1,1,unchanged
BU08230208,Verspreide huizen Westelbeers,BU08230208,Verspreide huizen Westelbeers,100.0,1,1,unchanged
BU08230209,Verspreide huizen Middelbeers,BU08230209,Verspreide huizen Middelbeers,100.0,1,1,unchanged
BU08230300,Oostelbeers,BU08230300,Oostelbeers,100.0,1,1,unchanged
BU08230309,Verspreide huizen Oostelbeers,BU08230309,Verspreide huizen Oostelbeers,100.0,1,1,unchanged
BU08240101,Verspr.h. westen en noorden Moerg.,BU08240101,Buitengebied Moergestel Noord-West,98.4,7,1,split
BU08240201,Omg. Pannenschuur-Centrum,BU08240201,omg Pannenschuur Centrum,43.7,4,1,split
BU08240202,Omg. Bej.Centrum/Molen,BU08240202,omg. Bej.Centrum/Molen,99.5,3,1,unchanged
BU08240301,Heukelom,BU08240301,Heukelom,99.0,5,1,split
BU08240401,Buitengebied (Zuid),BU08240401,buitengebied Oisterwijk Zuid,95.5,13,1,split
BU08240402,Buitengebied (de Logt),BU08240402,buitengebied de Logt,99.9,3,1,unchanged
BU08240501,Omg. Vinkenberg/Heuvelstraat,BU08241401,Buitengebied Moergestel Zuid-Oost,51.6,3,3,merged
BU08240601,Omgeving George Perklaan,BU08240601,Omg. George Perklaan,99.9,2,1,unchanged
BU08240701,Centrum Moergestel,BU08240707,Omg. Achterbos/Papenakker,20.2,9,1,split
BU08240801,Omg. 't Seuverick,BU08240801,omg. 't Seuverick,99.7,3,1,unchanged
BU08240802,Omg. 't Westend,BU08240802,omg. 't Westend,99.9,2,1,unchanged
BU08240803,"Omg. ""Prinsessen""-wijk",BU08240803,omg. 'Prinsessen' wijk,99.9,3,1,unchanged
BU08240901,Omg. Europaln/Hondsbergseln,BU08240901,omg. Europaln/Hondsbergseln,94.7,4,1,split
BU08240902,Omg. Levenskerk/Boomgaard,BU08241002,Omg. Levenskerk/Boomgaard,84.9,5,1,split
BU08240903,Omg. Bunders,BU08240902,omg. Bunders,99.8,3,1,recoded
BU08240904,Omg. Dotterpln/Wildemanstr,BU08240903,omg. Dotterpln/Wildemanstraat,81.0,6,1,split
BU08241001,Buitengebied Kerkhoven,BU08241501,Buitengebied Oisterwijk Noord,99.4,4,2,recoded
BU08241102,"Omg. ""Burghtweide""",BU08241101,omg. Burghtweide,51.7,3,1,split
BU08241103,Omg. Klompven/Eikenven,BU08240501,omg. Klompven/Eikenven,77.0,5,1,split
BU08241104,Omg. Boxtelsebn/Waterhoef,BU08241102,omg. Waterhoef,97.4,3,1,split
BU08241201,Omgeving Industrieterrein,BU08241501,Buitengebied Oisterwijk Noord,40.3,7,2,merged
BU08241301,Omg. Petrus-Kerk,BU08241301,omg. Petrus Kerk,100.0,3,1,unchanged
BU08241302,Omg. De Lind/Kerkstr,BU08241302,omg. De Lind/Kerkstraat,97.3,3,1,split
BU08241402,Verspr.h. oosten en zuiden Moerg.,BU08241401,Buitengebied Moergestel Zuid-Oost,99.7,3,3,recoded
BU08241501,Omg. Broekzijde,BU08241401,Buitengebied Moergestel Zuid-Oost,100.0,1,3,recoded
BU08260000,Centrum,BU08260000,Centrum,100.0,1,1,unchanged
BU08260100,Slotjes-Oost,BU08260100,Slotjes-Oost,100.0,1,1,unchanged
BU08260101,Slotjes-Midden,BU08260101,Slotjes-Midden,100.0,1,1,unchanged
BU08260102,Slotjes-West,BU08260102,Slotjes-West,100.0,1,1,unchanged
BU08260200,Oud-West,BU08260200,Oud-West,100.0,1,1,unchanged
BU08260201,Kanaleneiland,BU08260201,Kanaleneiland,100.0,1,1,unchanged
BU08260300,Vogelbuurt,BU08260300,Vogelbuurt,100.0,1,1,unchanged
BU08260301,Kastelenbuurt,BU08260301,Kastelenbuurt,100.0,1,1,unchanged
BU08260400,Leijsenakkers,BU08260400,Leijsenakkers,100.0,1,1,unchanged
BU08260401,Molenbuurt,BU08260401,Molenbuurt,100.0,1,1,unchanged
BU08260500,Bloemenbuurt,BU08260500,Bloemenbuurt,100.0,1,1,unchanged
BU08260501,Schrijversbuurt,BU08260501,Schrijversbuurt,100.0,1,1,unchanged
BU08260502,Natuurkundigenbuurt,BU08260502,Natuurkundigenbuurt,100.0,1,1,unchanged
BU08260503,Componistenbuurt,BU08260503,Componistenbuurt,100.0,1,1,unchanged
BU08260504,De Warande,BU08260504,De Warande,100.0,1,1,unchanged
BU08260505,Paterserf,BU08260505,Paterserf,100.0,1,1,unchanged
BU08260600,Kruidenbuurt,BU08260600,Kruidenbuurt,100.0,1,1,unchanged
BU08260601,Sterrenbuurt,BU08260601,Sterrenbuurt,100.0,1,1,unchanged
BU08260602,Donkenbuurt,BU08260602,Donkenbuurt,100.0,1,1,unchanged
BU08260603,Larenbuurt,BU08260603,Larenbuurt,100.0,1,1,unchanged
BU08260604,Beemdenbuurt,BU08260604,Beemdenbuurt,100.0,1,1,unchanged
BU08260605,Schildersbuurt,BU08260605,Schildersbuurt,100.0,1,1,unchanged
BU08260606,Dammenbuurt,BU08260606,Dammenbuurt,100.0,1,1,unchanged
BU08260607,Staatsliedenbuurt,BU08260607,Staatsliedenbuurt,100.0,1,1,unchanged
BU08260700,Vrachelen-Zuidoost,BU08260700,Vrachelen-Zuidoost,100.0,1,1,unchanged
BU08260701,Vrachelen-Noord,BU08260701,Vrachelen-Noord,100.0,1,1,unchanged
BU08260702,Vrachelen-Zuidwest,BU08260702,Vrachelen-Zuidwest,100.0,1,1,unchanged
BU08260703,Vrachelen-Noordwest,BU08260703,Vrachelen-Noordwest,98.8,2,1,split
BU08260800,Industrieterrein Vijf Eiken,BU08260800,Industrieterrein Vijf Eiken,100.0,1,1,unchanged
BU08260801,Industrieterrein Heikant,BU08260801,Industrieterrein Heikant,100.0,1,1,unchanged
BU08260900,Industrieterrein Statendam,BU08260900,Industrieterrein Statendam,100.0,1,1,unchanged
BU08260901,Industrieterrein Weststad-Zuid,BU08260901,Industrieterrein Weststad-Zuid,100.0,1,1,unchanged
BU08260902,Industrieterrein Weststad-Noord,BU08260902,Industrieterrein Weststad-Noord,100.0,1,1,unchanged
BU08261000,Oranjepolder,BU08261000,Oranjepolder,100.0,1,1,unchanged
BU08261001,Bosgebied-Oosterhout,BU08261001,Bosgebied-Oosterhout,100.0,2,1,unchanged
BU08261100,Den Hout,BU08261100,Den Hout,100.0,1,1,unchanged
BU08261109,Buitengebied Den Hout,BU08261109,Buitengebied Den Hout,100.0,1,1,unchanged
BU08261200,Oosteind,BU08261200,Oosteind,100.0,1,1,unchanged
BU08261208,Buitengebied-Oosteind-Zuid,BU08261208,Buitengebied-Oosteind-Zuid,92.3,2,1,split
BU08261209,Willemspolder,BU08261209,Willemspolder,100.0,1,1,unchanged
BU08261300,Dorst,BU08261300,Dorst,100.0,1,1,unchanged
BU08261307,Buitengebied Dorst-Zuid,BU08261307,Buitengebied Dorst-Zuid,97.5,2,1,split
BU08261308,Bosgebied Dorst,BU08261308,Bosgebied Dorst,100.0,1,1,unchanged
BU08261309,Steenoven,BU08261309,Steenoven,100.0,1,1,unchanged
BU08280000,Centrum West,BU08280000,Centrum-West,92.8,9,1,split
BU08280001,Centrum Noord,BU08280001,Centrum-Noord,87.8,5,1,split
BU08280002,Centrum Zuid,BU08280002,Centrum-Zuid,94.6,7,1,split
BU08280100,Verzetsheldenbuurt I,BU08280100,Verzetsheldenbuurt I,98.8,4,1,split
BU08280101,Berghemseweg Zuid,BU08280101,Berghemseweg-Zuid,93.5,5,1,split
BU08280102,Verzetsheldenbuurt II,BU08280102,Verzetsheldenbuurt II,98.4,4,1,split
BU08280103,Vogelbuurt,BU08280103,Vogelbuurt,89.3,5,1,split
BU08280104,Roofvogelbuurt,BU08280104,Roofvogelbuurt,88.8,8,1,split
BU08280105,Schadewijk Noord-Oost,BU08280105,Schadewijk Noord-Oost,96.4,4,1,split
BU08280106,De Horzak,BU08280106,De Horzak,98.3,7,1,split
BU08280200,Moleneind,BU08280200,Moleneind,98.7,5,1,split
BU08280201,Landweer,BU08280201,Landweer,91.6,5,1,split
BU08280202,Danenhoef,BU08280202,Danenhoef,94.3,6,1,split
BU08280300,Kortfoort,BU08280300,Kortfoort,91.7,5,1,split
BU08280301,Oranjebuurt I en Ruivert,BU08280301,Oranjebuurt I en Ruivert,95.7,5,1,split
BU08280302,Zeeheldenbuurt I,BU08280302,Zeeheldenbuurt I,90.5,4,1,split
BU08280303,Zeeheldenbuurt II,BU08280303,Zeeheldenbuurt II,94.1,5,1,split
BU08280304,Bomenbuurt,BU08280304,Bomenbuurt,93.5,5,1,split
BU08280305,Oranjebuurt II,BU08280305,Oranjebuurt II,97.8,2,1,split
BU08280306,Willibrordusweg-Oost,BU08280306,Willibrordusweg-Oost,96.5,5,1,split
BU08280307,Willibrordusweg-West,BU08280307,Willibrordusweg-West,96.7,7,1,split
BU08280400,Oorlogsheldenbuurt,BU08280400,Oorlogsheldenbuurt,96.3,3,1,split
BU08280401,Hertogenbuurt,BU08280401,Hertogenbuurt,95.0,7,1,split
BU08280402,Mettegeupel,BU08280402,Mettegeupel,92.5,9,1,split
BU08280403,De Noord,BU08280403,De Noord,96.1,6,1,split
BU08280404,Rusheuvel,BU08280404,Rusheuvel,99.4,4,1,unchanged
BU08280500,Elzenburg,BU08280500,Elzenburg,95.7,7,2,merged
BU08280501,De Winkel,BU08280500,Elzenburg,50.6,6,2,merged
BU08280502,Hooimeer,BU08280502,Hooimeer,96.4,3,1,split
BU08280503,De Geer,BU08280503,De Geer,100.0,3,1,unchanged
BU08280600,Staatsliedenbuurt,BU08280600,Staatsliedenbuurt,91.3,7,1,split
BU08280601,Van Hogendorplaan-West,BU08280601,Van Hogendorplaan-West,95.4,5,1,split
BU08280602,Dichtersbuurt,BU08280602,Dichtersbuurt,94.5,5,1,split
BU08280603,Wagenaarstraat en omgeving,BU08280603,Wagenaarstraat en omgeving,96.1,4,1,split
BU08280604,Vondellaan-Zuid,BU08280604,Vondellaan-Zuid,98.7,2,1,split
BU08280605,Euterpelaan-Noord,BU08280605,Euterpelaan-Noord,100.0,2,1,unchanged
BU08280606,Beethovengaarde en Lisztgaarde,BU08280606,Beethovengaarde en Lisztgaarde,94.3,4,1,split
BU08280607,Witte Hoef,BU08280607,Witte Hoef,49.7,5,1,split
BU08280608,Het Woud,BU08280608,Het Woud,97.4,2,1,split
BU08280609,De Elzen,BU08280906,De Tillaard en De Elzen,82.9,5,2,merged
BU08280700,Vlashoek,BU08280700,Vlashoek,98.6,4,1,split
BU08280701,Heihoek,BU08280701,Heihoek,96.1,4,1,split
BU08280702,Hoefeind,BU08280702,Hoefeind,99.1,3,1,unchanged
BU08280703,Amsteleind,BU08280703,Amsteleind,88.8,7,1,split
BU08280704,Hazenkamp,BU08280704,Hazenkamp,94.2,4,1,split
BU08280705,Loovelt,BU08280705,Loovelt,95.7,6,1,split
BU08280706,Lockaert,BU08280706,Lockaert,95.4,5,1,split
BU08280707,Westerveld,BU08280707,Westerveld,91.1,4,1,split
BU08280708,Klein Mikkeldonk,BU08280708,Klein Mikkeldonk,93.9,4,1,split
BU08280709,Schalkskamp,BU08280709,Schalkskamp,97.3,4,1,split
BU08280806,Meerdijk,BU08280806,Meerdijk,96.5,6,1,split
BU08280807,Frankenbeemd,BU08280807,Frankenbeemd,98.1,7,1,split
BU08280808,Langendonk,BU08280808,Langendonk,94.1,7,1,split
BU08280809,Buitengebied-West,BU08280809,Buitengebied-West,99.1,6,1,unchanged
BU08280905,Geffense Bosjes,BU08280905,Geffense Bosjes,99.0,3,1,split
BU08280906,De Tillaard,BU08280906,De Tillaard en De Elzen,97.6,2,2,merged
BU08280907,De Haag,BU08280907,De Haag,97.3,5,1,split
BU08280908,Vierwinden,BU08280908,Vierwinden,96.9,9,1,split
BU08280909,Vorstengraf,BU08280909,Vorstengraf,97.6,5,1,split
BU08281000,Berghem-Noord,BU08281000,Berghem-Noord,96.6,7,1,split
BU08281001,Berghem-Zuid,BU08281001,Berghem-Zuid,98.6,5,1,split
BU08281007,Verspreide huizen Duurendseind,BU08281007,Buitengebied Duurendseind,92.4,6,1,split
BU08281008,Verspreide huizen Voorste en Achterste Heide,BU08281008,Buitengebied Voorste en Achterste Heide,97.4,6,1,split
BU08281009,Verspreide huizen Gement,BU08281009,Buitengebied Gement,92.5,7,1,split
BU08281100,Haren,BU08281100,Haren,97.3,7,1,split
BU08281108,Verspreide huizen Stijbeemden,BU08281108,Buitengebied Stijbeemden,97.4,5,1,split
BU08281109,Verspreide huizen Ossekampen,BU08281109,Buitengebied Ossekampen,97.8,4,1,split
BU08281200,Macharen,BU08281200,Macharen,99.4,5,1,unchanged
BU08281208,Verspreide huizen Harense Broek,BU08281208,Buitengebied Harense Broek,93.6,9,1,split
BU08281209,Verspreide huizen De Tuinlangel,BU08281209,Buitengebied De Tuinlangel,97.1,7,1,split
BU08281300,Megen,BU08281300,Megen,97.1,3,1,split
BU08281308,Verspreide huizen Maasakker,BU08281308,Buitengebied Maasakker,95.0,5,1,split
BU08281309,Verspreide huizen De Waarden,BU08281309,Buitengebied De Waarden,96.4,4,1,split
BU08281400,Ravenstein,BU08281400,Ravenstein,99.9,2,1,unchanged
BU08281401,Ravenstein De Kolk en Schonenberg,BU08281401,"De Kolk, Schonenberg en De Weem",50.7,3,2,merged
BU08281402,De Weem,BU08281401,"De Kolk, Schonenberg en De Weem",90.6,4,2,merged
BU08281403,Huisseling,BU08281403,Huisseling,95.4,5,1,split
BU08281409,Verspreide huizen Ravenstein en Huisseling,BU08281409,Buitengebied Ravenstein en Huisseling,60.1,8,1,split
BU08281500,Herpen,BU08281500,Herpen,96.5,4,1,split
BU08281508,Koolwijk en Bossen,BU08281508,Koolwijk en Bossen,96.7,8,1,split
BU08281509,Verspreide huizen Herpen,BU08281509,Buitengebied Herpen,99.8,2,1,unchanged
BU08281600,Overlangel,BU08281600,Overlangel,85.2,5,1,split
BU08281601,Neerloon,BU08281601,Neerloon,90.8,5,1,split
BU08281609,Verspreide huizen Keent,BU08281609,Keent,95.1,3,1,split
BU08281700,Deursen en Dennenburg,BU08281700,Deursen en Dennenburg,88.1,6,1,split
BU08281701,Dieden,BU08281701,Dieden,99.1,4,1,unchanged
BU08281702,Demen,BU08281702,Demen,83.6,3,1,split
BU08281703,Neerlangel,BU08281703,Neerlangel,78.0,4,1,split
BU08281709,Verspreide huizen Deursen en Dennenburg,BU08281709,Buitengebied Deursen en Dennenburg,65.4,11,1,split
BU08281800,Lith,BU08281800,Lith,76.6,3,1,split
BU08281809,Verspreide huizen Polder van Lith,BU08281809,Buitengebied Lith,90.7,6,1,split
BU08281900,Lithoijen,BU08281900,Lithoijen,81.1,3,1,split
BU08281901,Teeffelen,BU08281901,Teeffelen,100.0,1,1,unchanged
BU08281908,Verspreide huizen Polder van Teeffelen,BU08281908,Buitengebied Teeffelen,41.3,9,1,split
BU08281909,Verspreide huizen Polder van Lithoijen,BU08281909,Buitengebied Lithoijen,94.8,7,1,split
BU08282000,Oijen,BU08282000,Oijen,85.2,2,1,split
BU08282009,Verspreide huizen Polder Oijen,BU08282009,Buitengebied Oijen,96.3,4,1,split
BU08282100,Maren-Kessel,BU08282100,Maren-Kessel,97.9,4,1,split
BU08282101,Maren,BU08282101,Maren,44.7,5,1,split
BU08282102,Kessel,BU08281808,De Lithse Ham,76.2,5,1,split
BU08282103,'t Wild,BU08282103,'t Wild,95.2,2,1,split
BU08282109,Verspreide huizen Polder van het Laag Heemaal,BU08282109,Buitengebied het Laag Heemaal,96.4,6,1,split
BU08282200,Geffen,BU08282200,Geffen,89.2,4,1,split
BU08282201,Runrot en Papendijk,BU08282201,Runrot en Papendijk,96.0,3,1,split
BU08282208,Verspreide huizen ten oosten van Geffen,BU08282208,Buitengebied ten oosten van Geffen,96.8,7,1,split
BU08282209,Verspreide huizen ten noorden van Geffen,BU08282209,Buitengebied ten noorden van Geffen,93.7,4,1,split
BU08400000,Rucphen,BU08400000,Rucphen,100.0,1,1,unchanged
BU08400009,Verspreide huizen Rucphen,BU08400009,Verspreide huizen Rucphen,100.0,1,1,unchanged
BU08400100,Sint Willebrord,BU08400100,Sint Willebrord,100.0,1,1,unchanged
BU08400109,Verspreide huizen Sint Willebrord,BU08400109,Verspreide huizen Sint Willebrord,100.0,1,1,unchanged
BU08400200,Sprundel,BU08400200,Sprundel,100.0,1,1,unchanged
BU08400201,Bedrijventerrein De Nijverhei,BU08400201,Bedrijventerrein De Nijverhei,100.0,1,1,unchanged
BU08400209,Verspreide huizen Sprundel,BU08400209,Verspreide huizen Sprundel,100.0,1,1,unchanged
BU08400300,Schijf,BU08400300,Schijf,100.0,1,1,unchanged
BU08400309,Verspreide huizen Schijf,BU08400309,Verspreide huizen Schijf,100.0,1,1,unchanged
BU08400400,Zegge,BU08400400,Zegge,100.0,1,1,unchanged
BU08400409,Verspreide huizen Zegge,BU08400409,Verspreide huizen Zegge,100.0,1,1,unchanged
BU08440000,Boschweg Noordoost,BU19480201,Boschweg Noordoost,99.6,2,1,recoded (gemeente change)
BU08440010,Boschweg Zuidwest,BU19480202,Boschweg Zuidwest,100.0,1,1,recoded (gemeente change)
BU08440020,Grevekeur,BU19480216,Grevekeur,99.9,2,1,recoded (gemeente change)
BU08440030,Molendijk,BU19480220,Molendijk,100.0,2,1,recoded (gemeente change)
BU08440091,Buitengebied Noordwest 1,BU19480205,Buitengebied Molendijk,100.0,1,1,recoded (gemeente change)
BU08440092,Buitengebied Noordwest 2,BU19480208,Buitengebied Steeg,100.0,1,1,recoded (gemeente change)
BU08440093,Buitengebied Zuidwest,BU19480206,Buitengebied Oetelaar,99.1,2,1,recoded (gemeente change)
BU08440101,Centrum 1,BU19480225,Schijndel Centrum 1,100.0,1,1,recoded (gemeente change)
BU08440102,Centrum 2,BU19480226,Schijndel Centrum 2,99.8,2,1,recoded (gemeente change)
BU08440103,Centrum 3,BU19480227,Schijndel Centrum 3,100.0,1,1,recoded (gemeente change)
BU08440104,Centrum 4,BU19480228,Schijndel Centrum 4,100.0,1,1,recoded (gemeente change)
BU08440111,De Borne 1,BU19480212,De Borne 1,100.0,1,2,recoded (gemeente change)
BU08440112,De Borne 2,BU19480213,De Borne 2,100.0,1,1,recoded (gemeente change)
BU08440113,De Borne 3,BU19480212,De Borne 1,100.0,1,2,recoded (gemeente change)
BU08440120,Hopstraat,BU19480218,Hopstraat,100.0,1,1,recoded (gemeente change)
BU08440191,Buitengebeid Zuid 1,BU19480203,Buitengebied Elderbroek,100.0,1,1,recoded (gemeente change)
BU08440192,Buitengebied Zuid 2,BU19480207,Buitengebied Rooiseheide,100.0,1,1,recoded (gemeente change)
BU08440201,De Beemd 1,BU19480210,De Beemd 1,100.0,2,2,recoded (gemeente change)
BU08440202,De Beemd 2,BU19480210,De Beemd 1,100.0,1,2,recoded (gemeente change)
BU08440203,De Beemd 3,BU19480211,De Beemd 3,100.0,2,1,recoded (gemeente change)
BU08440210,Hoevenbraak,BU19480217,Hoevenbraak,100.0,1,1,recoded (gemeente change)
BU08440221,Plein 1,BU19480221,Plein 1,100.0,1,1,recoded (gemeente change)
BU08440222,Plein 2,BU19480222,Plein 2,100.0,1,1,recoded (gemeente change)
BU08440223,Plein 3,BU19480223,Plein 3,100.0,1,1,recoded (gemeente change)
BU08440230,Hulzebraak,BU19480219,Hulzebraak,100.0,1,1,recoded (gemeente change)
BU08440240,Rooiseheide,BU19480224,Rooiseheide,100.0,1,1,recoded (gemeente change)
BU08440251,Duin 1,BU19480214,Duin 1,99.9,2,2,recoded (gemeente change)
BU08440252,Duin 2,BU19480215,Duin 2,100.0,1,1,recoded (gemeente change)
BU08440253,Duin Noord,BU19480214,Duin 1,84.8,2,2,merged
BU08440291,Buitengebied Noordoost,BU19480204,Buitengebied Broekkant,100.0,1,1,recoded (gemeente change)
BU08440292,Buitengebied Zuidoost,BU19480209,Buitengebied Vlagheide,100.0,1,1,recoded (gemeente change)
BU08440300,Wijbosch,BU19480229,Wijbosch,100.0,2,1,recoded (gemeente change)
BU08450000,Sint-Michielsgestel,BU08450000,Sint-Michielsgestel,100.0,1,1,unchanged
BU08450001,Theereheide,BU08450001,Theereheide,100.0,1,1,unchanged
BU08450002,"Venkant, Beekkant en Beekvliet",BU08450002,"Venkant, Beekkant en Beekvliet",100.0,1,1,unchanged
BU08450003,Halder,BU08450003,Halder,100.0,1,1,unchanged
BU08450007,Verspreide huizen Theereheide en Zegenwerp,BU08450007,Verspreide huizen Theereheide en Zegenwerp,100.0,1,1,unchanged
BU08450008,Verspreide huizen Genenberg,BU08450008,Verspreide huizen Genenberg,100.0,1,1,unchanged
BU08450009,Verspreide huizen Sint-Michielsgestelse polders,BU08450009,Verspreide huizen Sint-Michielsgestelse polders,100.0,1,1,unchanged
BU08450100,Gemonde,BU08450100,Gemonde,100.0,1,1,unchanged
BU08450108,Verspreide huizen ten oosten van Gemonde,BU08450108,Verspreide huizen ten oosten van Gemonde,100.0,1,1,unchanged
BU08450109,Verspreide huizen ten westen van Gemonde,BU08450109,Verspreide huizen ten westen van Gemonde,100.0,1,1,unchanged
BU08450200,Den Dungen,BU08450200,Den Dungen,100.0,1,1,unchanged
BU08450201,Maaskantje,BU08450201,Maaskantje,100.0,1,1,unchanged
BU08450207,Verspreide huizen Spurk en 't Woud,BU08450207,Verspreide huizen Spurk en 't Woud,100.0,1,1,unchanged
BU08450208,Verspreide huizen Poeldonk,BU08450208,Verspreide huizen Poeldonk,100.0,2,1,unchanged
BU08450209,Verspreide huizen Maaskantje,BU08450209,Verspreide huizen Maaskantje,100.0,1,1,unchanged
BU08450300,Berlicum,BU08450300,Berlicum,100.0,1,1,unchanged
BU08450301,Westakkers,BU08450301,Westakkers,100.0,1,1,unchanged
BU08450302,Westerbroek en Beekveld,BU08450302,Westerbroek en Beekveld,100.0,1,1,unchanged
BU08450308,Verspreide huizen Beekveld-Hersend,BU08450308,Verspreide huizen Beekveld-Hersend,100.0,1,1,unchanged
BU08450309,Verspreide huizen ten noorden van Berlicum,BU08450309,Verspreide huizen ten noorden van Berlicum,100.0,2,1,unchanged
BU08450400,Middelrode,BU08450400,Middelrode,100.0,1,1,unchanged
BU08450408,Verspreide huizen Middelrode,BU08450408,Verspreide huizen Middelrode,100.0,1,1,unchanged
BU08450409,Verspreide huizen Heikantse Hoeve,BU08450409,Verspreide huizen Heikantse Hoeve,100.0,1,1,unchanged
BU08460000,Sint-Oedenrode Centrum,BU19480318,Sint-Oedenrode Centrum Zuid,43.0,9,2,merged
BU08460001,Eerschot,BU19480311,Eerschot,71.2,6,1,split
BU08460002,Kienehoef en Armenhoef,BU19480314,Kienehoef Zuid,54.4,8,1,split
BU08460003,Cathalijne-Kinderbos,BU19480310,Cathalijne en Kinderbos,97.3,6,1,split
BU08460004,Vogelenzang,BU19480318,Sint-Oedenrode Centrum Zuid,82.4,3,2,merged
BU08460005,Everse en Koevering,BU19480312,Heikant en Sluitappel,100.0,1,1,recoded (gemeente change)
BU08460006,Sloef,BU19480303,Buitengebied Boskant,92.3,2,2,merged
BU08460007,Verspreide huizen Rijsingen en Heide,BU19480307,Buitengebied Rijsingen en Schijndelse Heide,95.4,9,1,split
BU08460008,Verspreide huizen Veerse Heide en Heikant,BU19480308,Buitengebied Veerse Heide en Koevering,68.2,6,1,split
BU08460009,Verspreide huizen Jekschot,BU19480304,Buitengebied Jekschotse Heide en Everse,99.9,2,1,recoded (gemeente change)
BU08460100,Nijnsel,BU19480315,Nijnsel,83.2,3,1,split
BU08460107,"Verspreide huizen Hoogstraat, Laar en Zandhoef",BU19480305,Buitengebied Nijnsel,57.5,5,1,split
BU08460108,Verspreide huizen Vressel en Zwijnsbergen,BU19480309,Buitengebied Vressel en Zwijnsbergen,100.0,1,2,recoded (gemeente change)
BU08460109,Verspreide huizen Vresselse Heide,BU19480309,Buitengebied Vressel en Zwijnsbergen,75.7,2,2,merged
BU08460200,Boskant,BU19480302,Boskant,93.2,2,1,split
BU08460209,Verspreide huizen Boskant,BU19480303,Buitengebied Boskant,96.4,5,2,merged
BU08460300,Olland,BU19480316,Olland,75.3,2,1,split
BU08460309,Verspreide huizen Olland,BU19480306,Buitengebied Olland,98.5,4,1,split
BU08470000,Someren,BU08470001,Someren centrum,24.7,15,1,split
BU08470008,Verspreide huizen Hoeven,BU08470405,'t Ven,47.2,9,1,split
BU08470009,Verspreide huizen Slieven,BU08470403,Slieven,46.5,10,1,split
BU08470100,Lierop,BU08470101,Lierop centrum,40.2,7,1,split
BU08470108,Verspreide huizen Meerven,BU08470503,Lieropse Heide,66.9,9,1,split
BU08470109,Verspreide huizen Hersel,BU08470506,Gebergte,42.0,5,1,split
BU08470200,Someren-Eind,BU08470601,Blank Water,27.8,9,1,split
BU08470208,Verspreide huizen Sluis 12/13,BU08470604,Sluis 12 / 13,100.0,1,1,recoded
BU08470209,Verspreide huizen Diepenhoek,BU08470605,Diepenhoek,42.9,9,1,split
BU08470300,Somerense Heide,BU08470301,Someren-Heide centrum,67.7,2,1,split
BU08470309,Verspreide huizen Somerense Heide,BU08470701,Verspreide huizen Someren-Heide,50.2,8,1,split
BU08470909,Verspreide huizen Lungendonk,BU08470505,Lungendonk,99.9,2,1,recoded
BU08480000,Son,BU08480000,Son,100.0,1,1,unchanged
BU08480001,De Gentiaan,BU08480001,De Gentiaan,100.0,1,1,unchanged
BU08480002,Industrieterrein Ekkersrijt,BU08480002,Industrieterrein Ekkersrijt,100.0,1,1,unchanged
BU08480003,'t Zand,BU08480003,'t Zand,100.0,1,1,unchanged
BU08480009,Verspreide huizen Son,BU08480009,Verspreide huizen Son,100.0,1,1,unchanged
BU08480100,Breugel,BU08480100,Breugel,100.0,1,1,unchanged
BU08480101,'t Eigen en Hoogstraat,BU08480101,'t Eigen en Hoogstraat,100.0,1,1,unchanged
BU08480109,Verspreide huizen Breugel,BU08480109,Verspreide huizen Breugel,100.0,1,1,unchanged
BU08510000,Steenbergen-Centrum,BU08510000,Steenbergen-Centrum,100.0,1,1,unchanged
BU08510001,Welberg,BU08510001,Welberg,100.0,1,1,unchanged
BU08510002,Steenbergen-Zuid,BU08510002,Steenbergen-Zuid,100.0,1,1,unchanged
BU08510003,Steenbergen-Noord,BU08510003,Steenbergen-Noord,100.0,1,1,unchanged
BU08510004,Industrieterrein Reinierpolder,BU08510004,Industrieterrein Reinierpolder,100.0,1,1,unchanged
BU08510007,Graaf Hendrik- en Triangelpolder,BU08510007,Graaf Hendrik- en Triangelpolder,100.0,1,1,unchanged
BU08510008,Westelijke polders,BU08510008,Westelijke polders,100.0,1,1,unchanged
BU08510009,Het Oudland,BU08510009,Het Oudland,100.0,1,1,unchanged
BU08510100,Kruisland,BU08510100,Kruisland,100.0,1,1,unchanged
BU08510109,Kruislandse polders,BU08510109,Kruislandse polders,100.0,1,1,unchanged
BU08510200,De Heen,BU08510200,De Heen,100.0,1,1,unchanged
BU08510209,Heense polders,BU08510209,Heense polders,100.0,2,1,unchanged
BU08510300,Dinteloord,BU08510300,Dinteloord,100.0,1,1,unchanged
BU08510301,Boompjesdijk,BU08510301,Boompjesdijk,100.0,1,1,unchanged
BU08510308,Verspreide huizen in het Oosten,BU08510308,Verspreide huizen in het Oosten,100.0,1,1,unchanged
BU08510309,Verspreide huizen in het Westen,BU08510309,Verspreide huizen in het Westen,99.7,2,1,unchanged
BU08510400,Nieuw-Vossemeer,BU08510400,Nieuw-Vossemeer,100.0,1,1,unchanged
BU08510409,Verspreide huizen waaronder Pelsendijk en Rolaf,BU08510409,Verspreide huizen waaronder Pelsendijk en Rolaf,100.0,1,1,unchanged
BU08519997,,BU08519997,Groot binnenwater,99.7,3,1,unchanged
BU08520000,Monnickendam,BU08520000,Monnickendam,99.6,2,1,unchanged
BU08520001,Oranjewijk,BU08520001,Oranjewijk,100.0,1,1,unchanged
BU08520002,Markgouw,BU08520002,Markgouw,100.0,1,1,unchanged
BU08520003,Ringshemmen,BU08520003,Ringshemmen,100.0,1,1,unchanged
BU08520004,Ooster Ee,BU08520004,Ooster Ee,100.0,1,1,unchanged
BU08520005,'t Spil,BU08520005,'t Spil,100.0,1,1,unchanged
BU08520006,Binnengouw,BU08520006,Binnengouw,100.0,1,1,unchanged
BU08520007,Buitengouw,BU08520007,Buitengouw,100.0,1,1,unchanged
BU08520009,Verspreide huizen,BU08520009,Verspreide huizen,100.0,1,1,unchanged
BU08520010,De Purmer (gedeeltelijk),BU08520010,De Purmer (gedeeltelijk),100.0,1,1,unchanged
BU08520100,Katwoude,BU08520100,Katwoude,100.0,2,1,unchanged
BU08520200,Havenbuurt en Kerkbuurt,BU08520200,Havenbuurt en Kerkbuurt,99.5,2,1,unchanged
BU08520201,Verspreide huizen Op de Werven ten zuiden van kanaal,BU08520201,Verspreide huizen Op de Werven ten zuiden van kanaal,99.2,2,1,unchanged
BU08520300,Broek in Waterland,BU08520300,Broek in Waterland,100.0,1,1,unchanged
BU08520301,Zuiderwoude,BU08520301,Zuiderwoude,100.0,2,1,unchanged
BU08520302,Uitdam,BU08520302,Uitdam,99.9,2,1,unchanged
BU08520400,Ilpendam,BU08520400,Ilpendam,100.0,1,1,unchanged
BU08520401,De Purmer (gedeeltelijk),BU08520401,De Purmer (gedeeltelijk),100.0,1,1,unchanged
BU08520500,Watergang,BU08520500,Watergang,100.0,1,1,unchanged
BU08529997,,BU08529997,Groot binnenwater,100.0,7,1,unchanged
BU08550000,Centrum,BU08551002,Binnenstad Oost,34.5,13,1,split
BU08550100,Tivoli,BU08551102,Tivoli,37.6,14,1,split
BU08550101,Armhoef,BU08551203,Armhoef Zuid,41.8,6,1,split
BU08550102,Jeruzalem,BU08551302,Jeruzalem Zuid,51.0,5,1,split
BU08550103,Hoevenseweg,BU08551404,Bedrijventerrein AaBe,45.7,6,1,split
BU08550104,Broekhoven,BU08551504,Broekhoven II West,23.5,15,1,split
BU08550105,Oude Dijk,BU08551004,Oude Dijk,64.0,4,1,split
BU08550106,Trouwlaan,BU08551604,Zeeheldenbuurt,41.9,12,1,split
BU08550107,Korvel,BU08551706,Staatsliedenbuurt Oost,18.7,19,1,split
BU08550108,Rooi Harten,BU08551901,Sint Anna Noord,51.2,7,1,split
BU08550109,Hagelkruis,BU08552002,Bomenbuurt Midden,37.1,14,1,split
BU08550200,Besterd,BU08552702,Theresia Midden,41.4,8,1,split
BU08550201,Gasthuisstraat,BU08552201,Bouwmeestersbuurt Noord,35.9,11,1,split
BU08550202,De Hasselt,BU08552304,Kasteel West,28.3,10,1,split
BU08550203,Het Goirke,BU08552402,Pastorieklamp West,42.9,11,1,split
BU08550204,Groeseind,BU08552501,Sint Pieterspark,44.6,5,1,split
BU08550205,Hoefstraat,BU08552504,Hoefstraat Zuid,32.6,9,1,split
BU08550206,Koestraat,BU08552601,Besterd,80.6,6,1,split
BU08550207,Loven,BU08552604,Loven Zuid,30.4,11,1,split
BU08550208,Industriestrook GoirkeKanaaldijk,BU08552902,Ind.terrein Kanaalzone Noord,63.5,12,1,split
BU08550209,Industriestrook LovenseKanaaldijk,BU08552905,Ind.terrein Kanaalzone Oost,37.9,12,1,split
BU08550300,Zorgvlied,BU08553602,Burgemeestersbuurt,43.7,11,1,split
BU08550301,De Reit,BU08553707,Notre Dame,18.6,16,1,split
BU08550302,TweeSteden Ziekenhuis - De Rooi Pannen,BU08553801,Tweestedenziekenhuis,60.6,12,1,split
BU08550303,Het Zand,BU08553804,Jagersbuurt West,12.3,20,1,split
BU08550304,Wandelbos-Noord,BU08553901,Wandelbos Noord-West,25.4,14,1,split
BU08550305,De Oude Warande,BU08554101,De Oude Warande,99.6,7,1,recoded
BU08550306,Wandelbos-Zuid,BU08554001,Het Wandelbos / Drijflanen,64.8,10,1,split
BU08550400,Industrieterrein Vossenberg,BU08556004,Bedrijventerrein Vossenberg,31.9,17,1,split
BU08550401,Industrieterrein Kraaiven,BU08555904,Bedrijventerrein Kraaiven,84.1,12,1,split
BU08550402,Stokhasselt-Noord,BU08554202,Stokhasselt Noord-Oost,27.3,11,1,split
BU08550403,Vlashof,BU08554305,Heikant Zuid-West,35.6,11,1,split
BU08550404,De Schans,BU08554304,Heikant Oost,43.2,8,1,split
BU08550405,De Lijnse Hoek,BU08554307,Lijnse Hoek West,61.0,6,1,split
BU08550406,Quirijnstok,BU08554405,Quirijnstok Zuid-Oost,25.2,13,1,split
BU08550407,Stokhasselt-Zuid,BU08554207,Stokhasselt Zuid,99.7,7,1,recoded
BU08550408,Buitengebied Noordoost,BU08556401,Buitengebied Noord-Oost,75.4,17,1,split
BU08550409,Buitengebied Noordwest,BU08556501,Buitengebied Noord-West,82.7,10,1,split
BU08550500,Industrieterrein-Oost,BU08554501,Ind.terrein Loven Noord,90.6,7,1,split
BU08550501,Industrieterrein Loven,BU08554502,Ind.terrein Loven Zuid,85.5,7,1,split
BU08550502,Bosscheweg,BU08554601,Bosscheweg,97.3,6,1,split
BU08550503,Moerenburg,BU08553001,Moerenburg,95.1,12,1,split
BU08550600,Koningshoeven,BU08553102,Koningshoeven,99.6,5,1,recoded
BU08550601,Groenewoud,BU08553101,Leijpark,15.4,19,1,split
BU08550602,Het Laar,BU08553401,Bedrijventerrein Het Laar,43.1,8,1,split
BU08550603,De Blaak,BU08553503,De Blaak Zuid-West,28.7,11,1,split
BU08550604,Katsbogten - Bakerland,BU07851426,Verspreide huizen Goirle,38.4,15,2,merged
BU08550609,Buitengebied Zuidwest,BU08556302,Buitengebied Gilzerbaan West,48.8,10,1,split
BU08550700,Berkel,BU08556606,Berkel Noord,44.1,7,1,split
BU08550701,Enschot,BU08556617,Enschot Zuid,20.7,15,1,split
BU08550702,Eikenbosch,BU08556609,Eikenbosch,87.4,4,1,split
BU08550703,Ruiven,BU08556608,Ruiven,99.7,5,1,recoded
BU08550704,Berkelse Akkers,BU08556607,Berkelse Akkers,61.7,4,1,split
BU08550708,Verspreide huizen ten noorden van Berkel-Enschot,BU08556604,Buitengebied B-E Noord-Oost,55.4,14,1,split
BU08550709,Verspreide huizen ten zuiden van Berkel-Enschot,BU08556620,Buitengebied B-E Zuid,40.0,6,1,split
BU08550800,Heyhoef,BU08555001,Heyhoef,99.8,7,1,recoded
BU08550801,Gesworen Hoek,BU08554701,Moerse Dreef,42.7,11,1,split
BU08550802,Huibeven,BU08554804,Huibeven Zuid,33.5,13,1,split
BU08550803,Heerevelden,BU08555101,Heerevelden West,64.2,8,1,split
BU08550804,Campenhoef,BU08554902,Campenhoef Midden,51.9,7,1,split
BU08550805,Tuindorp de Kievit,BU08555401,Lange Rekken,22.5,19,1,split
BU08550806,Dongewijk,BU08555201,Dongewijk Noord,79.4,9,1,split
BU08550807,Dalem,BU08555602,Dalem Zuid II,23.6,14,1,split
BU08550808,Koolhoven,BU08555704,Buitengebied Koolhoven,32.5,12,1,split
BU08550809,Witbrant,BU08555803,Buitengebied Witbrant,56.9,8,1,split
BU08550900,Udenhout,BU08556706,Zeshoeven,28.1,11,1,split
BU08550909,Verspreide huizen Udenhout,BU08556710,Buitengebied Udenhout Noord,79.4,14,1,split
BU08560101,Centrum,BU19910101,Centrum,93.0,9,1,split
BU08560102,Bogerd-Vijfhuis,BU19910102,Bogerd-Vijfhuis,98.7,4,1,split
BU08560103,Moleneind-Groenewoud,BU19910103,Moleneind-Groenewoud,96.5,6,1,split
BU08560104,Flatwijk,BU19910104,Flatwijk,88.2,3,1,split
BU08560105,Bitswijk,BU19910105,Bitswijk,92.7,5,1,split
BU08560106,Hoevenseveld,BU19910106,Hoevenseveld,96.7,2,1,split
BU08560107,Schutveld,BU19910107,Schutveld,92.3,4,1,split
BU08560108,Buurtschap Hoeven,BU19910108,Buurtschap Hoeven,85.8,6,1,split
BU08560109,Hoeven,BU19910109,Hoeven,91.3,6,1,split
BU08560110,Melle,BU19910110,Melle,95.7,5,1,split
BU08560111,Raam,BU19910111,Raam,89.8,6,1,split
BU08560112,Sportpark Volkelseweg,BU19910112,Sportpark Volkelseweg,96.0,4,1,split
BU08560113,Zoggel,BU19910113,Zoggel,94.7,8,1,split
BU08560114,Vluchtoord,BU19910114,Vluchtoord,87.5,3,1,split
BU08560115,Loopkant-Liessent-Goorkens,BU19910115,Loopkant-Liessent-Goorkens,91.1,10,1,split
BU08560116,Hoenderbos-Velmolen,BU19910116,Hoenderbos-Velmolen,99.0,5,1,split
BU08560117,Eikenheuvel,BU19910117,Eikenheuvel,93.7,6,1,split
BU08560196,Buitengebied Uden-Oost,BU19910196,Buitengebied Uden-Oost,98.1,5,1,split
BU08560197,Buitengebied Uden-Zuid,BU19910197,Buitengebied Uden-Zuid,94.8,5,1,split
BU08560198,Buitengebied Uden-West,BU19910198,Buitengebied Uden-West,99.2,4,1,recoded (gemeente change)
BU08560199,Buitengebied Maashorst,BU19910199,Buitengebied Maashorst,99.5,4,1,recoded (gemeente change)
BU08560201,Kom Volkel,BU19910201,Kom Volkel,97.1,3,1,split
BU08560298,Vliegbasis Volkel,BU19910298,Vliegbasis Volkel,98.8,4,1,split
BU08560299,Buitengebied-Volkel,BU19910299,Buitengebied-Volkel,92.0,8,1,split
BU08560301,Odiliapeel,BU19910301,Odiliapeel,96.4,2,1,split
BU08560399,Buitengebied-Odiliapeel,BU19910399,Buitengebied-Odiliapeel,98.6,4,1,split
BU08580000,Centrum,BU08580000,Centrum,82.5,5,1,split
BU08580001,Geenhoven,BU08580001,Geenhoven,97.9,3,1,split
BU08580002,Turfberg-Noord,BU08580002,Turfberg-Noord,52.9,4,1,split
BU08580003,Turfberg-Zuid,BU08580003,Turfberg-Zuid,59.1,5,1,split
BU08580004,Hoge Akkers,BU08580004,Hoge Akkers,62.6,6,1,split
BU08580005,Kerkakkers,BU08580005,Kerkakkers,100.0,2,1,unchanged
BU08580006,Het Gegraaf,BU08580006,Het Gegraaf,69.7,4,1,split
BU08580007,Industrieterrein Schaapsloop,BU08580007,Industrieterrein Schaapsloop,77.7,3,1,split
BU08580009,Verspreide huizen Turfbergse Heide Nederheide,BU08580009,Turfbergse Heide & Nederheide,96.7,5,1,split
BU08580100,De Belleman,BU08580101,Agnetendal,100.0,2,2,recoded
BU08580101,Agnetendal,BU08580101,Agnetendal,99.7,3,2,unchanged
BU08580102,Schepelweijen,BU08580102,Schepelweijen,100.0,3,1,unchanged
BU08580103,Brouwershof,BU08580103,Brouwershof,91.0,3,1,split
BU08580104,Keersop,BU08580105,Keersopperbeemden,58.7,3,2,merged
BU08580105,Keersopperbeemden,BU08580105,Keersopperbeemden,80.3,3,2,merged
BU08580106,Dommelen,BU08580106,Oud-Dommelen & Lage Heide,83.1,4,1,split
BU08580200,Borkel,BU08580200,Borkel en Schaft,100.0,1,4,unchanged
BU08580201,Schaft,BU08580200,Borkel en Schaft,100.0,1,4,recoded
BU08580208,Verspreide huizen Klein Borkel en Achterste Brug,BU08580200,Borkel en Schaft,100.0,1,4,recoded
BU08580209,Verspreide huizen Malpiebergse- en Opperheide,BU08580200,Borkel en Schaft,100.0,1,4,recoded
BU08600000,Centrum,BU19480429,Veghel Centrum,55.3,10,1,split
BU08600001,West,BU19480404,Bloemenwijk,53.7,9,1,split
BU08600002,Leest,BU19480424,Leest,72.4,2,1,split
BU08600003,Veghel-Zuid,BU19480415,De Scheifelaar,40.7,7,1,split
BU08600004,Bunders,BU19480423,Laarbunders,31.4,10,1,split
BU08600005,Amert-Dorshout,BU19480403,Amert en Binnenveld,94.6,4,1,split
BU08600006,Dubbelen,BU19480417,Dubbelen,89.2,7,1,split
BU08600007,Ven,BU19480402,'t Ven West,54.2,4,1,split
BU08600008,Noord,BU19480405,Buitengebied Driehuizen en Hazelberg,95.3,5,1,split
BU08600009,Heuvel-Havelt,BU19480407,Buitengebied Heuvel en Havelt,70.6,10,1,split
BU08600010,Sportpark-Knokert,BU19480410,Buitengebied Sportpark en Dorshout,97.2,3,1,split
BU08600011,Doornhoek-Kempkens,BU19480416,Doornhoek en Kempkens,94.9,5,1,split
BU08600100,Mariaheide,BU19480426,Mariaheide,98.6,2,1,split
BU08600101,Verspreide huizen Mariaheide,BU19480409,Buitengebied Mariaheide,95.6,3,1,split
BU08600200,Zijtaart,BU19480411,Buitengebied Zijtaart,73.7,4,2,merged
BU08600201,Zondveld,BU19480411,Buitengebied Zijtaart,99.1,4,2,recoded (gemeente change)
BU08600202,Jekschot,BU19480408,Buitengebied Jekschot,99.6,2,1,recoded (gemeente change)
BU08600300,Eerde,BU19480418,Eerde,99.6,2,1,recoded (gemeente change)
BU08600301,Verspreide huizen Eerde,BU19480406,Buitengebied Eerde,99.5,2,1,recoded (gemeente change)
BU08600400,Erp,BU19480110,Erp Centrum,28.8,8,1,split
BU08600401,Erp-Zuid,BU19480106,Buitengebied Hurkske en Hoek,52.7,3,2,merged
BU08600402,Bolst-Ham,BU19480104,Buitengebied Erp,98.9,7,1,split
BU08600403,Kraanmeer-Veluwe,BU19480108,Buitengebied Kraanmeer en Veluwe,98.9,5,1,split
BU08600404,Bossen,BU19480106,Buitengebied Hurkske en Hoek,99.7,3,2,recoded (gemeente change)
BU08600500,Keldonk,BU19480107,Buitengebied Keldonk,60.7,3,2,merged
BU08600501,Verspreide huizen Keldonk,BU19480107,Buitengebied Keldonk,99.5,2,2,recoded (gemeente change)
BU08600502,Geregt,BU19480105,Buitengebied Geregt,97.8,4,1,split
BU08600600,Boerdonk,BU19480101,Boerdonk,54.8,2,1,split
BU08600601,Verspreide huizen Boerdonk,BU19480103,Buitengebied Boerdonk,99.8,2,1,recoded (gemeente change)
BU08610000,Veldhoven,BU08610000,Veldhoven,100.0,1,1,unchanged
BU08610001,Meerveldhoven,BU08610001,Meerveldhoven,97.6,3,1,split
BU08610002,Zeelst,BU08610002,Zeelst,97.4,4,1,split
BU08610003,D'Ekker,BU08610003,D'Ekker,100.0,1,1,unchanged
BU08610004,Zonderwijk,BU08610004,Zonderwijk,100.0,1,1,unchanged
BU08610005,'t Look,BU08610005,'t Look,100.0,1,1,unchanged
BU08610006,Cobbeek en Centrum,BU08610006,Cobbeek en Centrum,100.0,1,1,unchanged
BU08610009,Verspreide huizen ten zuiden van de E3-weg,BU08610009,Verspreide huizen ten zuiden van de E3-weg,99.9,2,1,unchanged
BU08610100,Heikant-West,BU08610100,Heikant-West,100.0,1,1,unchanged
BU08610101,Heikant-Oost,BU08610101,Heikant-Oost,100.0,1,1,unchanged
BU08610102,De Kelen,BU08610102,De Kelen,100.0,2,1,unchanged
BU08610103,De Polders,BU08610103,De Polders,99.8,4,1,unchanged
BU08610200,Oerle,BU08610200,Oerle,100.0,1,1,unchanged
BU08610201,Zandoerle,BU08610201,Zandoerle,100.0,1,1,unchanged
BU08610207,Verspreide huizen Zittard,BU08610207,Verspreide huizen Zittard,100.0,1,1,unchanged
BU08610208,Verspreide huizen Groote Aard en Vliet,BU08610208,Verspreide huizen Groote Aard en Vliet,100.0,1,1,unchanged
BU08610209,Verspreide huizen Scherpenering en Landsaard,BU08610209,Verspreide huizen Scherpenering en Landsaard,99.4,3,1,unchanged
BU08650000,Centrum,BU08650000,Centrum,100.0,1,1,unchanged
BU08650001,Taalstraat en omgeving,BU08650001,Taalstraat en omgeving,94.4,2,1,split
BU08650002,Loyola en omgeving,BU08650002,Loyolaan en omgeving,99.9,3,1,unchanged
BU08650003,Loonsebaan,BU08650003,Loonsebaan,100.0,1,1,unchanged
BU08650004,Villapark,BU08650004,Villapark,100.0,1,1,unchanged
BU08650005,Schoonveld,BU08650005,Schoonveld,100.0,1,1,unchanged
BU08650008,Vughtse Heide en Lunetten,BU08650008,Vughtse Heide en Lunetten,100.0,1,1,unchanged
BU08650009,Gement,BU08650009,Gement,100.0,1,1,unchanged
BU08650100,Voorburg en omgeving,BU08650100,Voorburg en omgeving,100.0,1,1,unchanged
BU08650101,Molenstraat en omgeving,BU08650101,Molenstraat en omgeving,100.0,1,1,unchanged
BU08650102,De Baarzen,BU08650102,De Baarzen,100.0,1,1,unchanged
BU08650103,Vijverhof,BU08650103,Vijverhof,100.0,1,1,unchanged
BU08650104,De Vughtse Hoeven,BU08650104,De Vughtse Hoeven,100.0,1,1,unchanged
BU08650108,Bleijendijk,BU08650108,Bleijendijk,100.0,1,1,unchanged
BU08650109,Bergenshuizen,BU08650109,Bergenshuizen,100.0,1,1,unchanged
BU08650200,Cromvoirt,BU08650200,Cromvoirt,100.0,1,1,unchanged
BU08650209,Verspreide huizen Cromvoirt,BU08650209,Verspreide huizen Cromvoirt,100.0,1,1,unchanged
BU08660000,Waalre,BU08660000,Waalre,100.0,1,1,unchanged
BU08660001,Aalst,BU08660001,Aalst,100.0,1,1,unchanged
BU08660002,Voldijn,BU08660002,Voldijn,100.0,1,1,unchanged
BU08660003,Ekenrooi,BU08660003,Ekenrooi,100.0,1,1,unchanged
BU08660009,Verspreide huizen,BU08660009,Verspreide huizen,100.0,2,1,unchanged
BU08670000,Centrum,BU08670000,Centrum,100.0,3,1,unchanged
BU08670001,Besoijen,BU08670001,Besoyen,100.0,2,1,unchanged
BU08670002,Baardwijk,BU08670002,Baardwijk,100.0,1,1,unchanged
BU08670003,Laageinde,BU08670003,Laageinde,100.0,1,1,unchanged
BU08670004,Antoniusparochie,BU08670004,Antoniusparochie,100.0,2,1,unchanged
BU08670005,Bloemenoord,BU08670005,Bloemenoord,96.3,2,1,split
BU08670006,Zanddonk,BU08670006,Zanddonk,100.0,1,1,unchanged
BU08670007,Meerdijk,BU08670007,Meerdijk,100.0,2,1,unchanged
BU08670008,De Hoef,BU08670008,De Hoef,100.0,2,1,unchanged
BU08670009,Industrieterrein Zanddonk,BU08670009,Industrieterrein Zanddonk,100.0,1,1,unchanged
BU08670010,Industrieterrein Haven,BU08670010,Industrieterrein Haven,100.0,2,1,unchanged
BU08670011,Buitengebied Waalwijk Noord,BU08670011,Buitengebied Waalwijk Noord,63.8,3,1,split
BU08670012,Eikendonk,BU08670012,Eikendonk,95.9,3,1,split
BU08670013,Recreatieoord,BU08670013,Recreatieoord,88.1,3,1,split
BU08670100,Sprang,BU08670100,Sprang,99.9,2,1,unchanged
BU08670101,Vrijhoeve,BU08670101,Vrijhoeve,100.0,1,1,unchanged
BU08670102,Capelle / Nieuwe Vaart,BU08670102,Capelle / Nieuwe Vaart,100.0,1,1,unchanged
BU08670103,Buitengebeid Capelle,BU08670103,Buitengebied Capelle,100.0,1,1,unchanged
BU08670104,Landgoed Driessen,BU08670104,Landgoed Driessen,100.0,2,1,unchanged
BU08670200,Waspik Beneden,BU08670200,Waspik beneden,100.0,1,1,unchanged
BU08670201,Waspik Boven,BU08670201,Waspik boven,100.0,1,1,unchanged
BU08670202,Industrieterrein Waspik,BU08670202,Industrieterrein Waspik,100.0,1,1,unchanged
BU08670203,Buitengebied Waspik,BU08670203,Buitengebied Waspik,100.0,1,1,unchanged
BU08700101,Centrum Werkendam,BU19590101,Centrum Werkendam,94.2,4,1,split
BU08700102,Burchtpolder,BU19590102,Burchtpolder,91.6,6,1,split
BU08700103,Welgelegen,BU19590103,Welgelegen,87.7,4,1,split
BU08700104,Vervoornepolder,BU19590106,Vervoornepolder zuid,56.0,7,1,split
BU08700105,Werkensepolder,BU19590104,Werkense polder,88.8,4,1,split
BU08700106,Bedrijventerreinen Werkendam,BU19590107,Bedrijventerrein Werkendam,75.7,8,1,split
BU08700191,Binnenvliet,BU19590191,Buitengebied Werkendam noord,79.7,4,1,split
BU08700192,Zevenban,BU19590192,Buitengebied Werkendam zuid,54.5,8,1,split
BU08700193,Grote Waard,BU19590193,Buitengebied Oostwaard,94.2,6,1,split
BU08700194,Noordwaard,BU19590194,Buitengebied Biesbosch,97.7,3,3,merged
BU08700195,Oude Hardenhoek,BU19590194,Buitengebied Biesbosch,100.0,1,3,recoded (gemeente change)
BU08700196,Spie Deen,BU19590194,Buitengebied Biesbosch,100.0,1,3,recoded (gemeente change)
BU08700201,Kern Sleeuwijk,BU19590201,Sleeuwijk west,50.2,4,1,split
BU08700202,Bedrijventerrein Sleeuwijk,BU19590202,Sleeuwijk oost,99.8,2,1,recoded (gemeente change)
BU08700291,Sleeuwijksepolder,BU19590291,Buitengebied Sleeuwijk,98.2,7,2,merged
BU08700292,Nieuwe Ban,BU19590291,Buitengebied Sleeuwijk,92.5,4,2,merged
BU08700301,Kern Nieuwendijk,BU19590301,Nieuwendijk,82.5,5,2,merged
BU08700302,Bedrijventerrein Nieuwendijk,BU19590301,Nieuwendijk,99.7,2,2,recoded (gemeente change)
BU08700391,Karnemelkpolder,BU19590392,Buitengebied Nieuwendijk zuid,96.0,5,1,split
BU08700392,Gantel,BU19590391,Buitengebied Nieuwendijk noordoost,99.2,5,1,recoded (gemeente change)
BU08700401,Kern Hank,BU19590401,Hank,91.2,4,2,merged
BU08700402,Bedrijventerrein Hank,BU19590401,Hank,64.5,2,2,merged
BU08700491,Vierbannen,BU19590491,Buitengebied Hank oost,63.6,5,2,merged
BU08700492,Jannezand,BU19590492,Buitengebied Hank west,97.4,5,2,merged
BU08700493,Aakvlaai,BU19590492,Buitengebied Hank west,99.8,2,2,recoded (gemeente change)
BU08700494,Kurenpolder,BU19590402,Kurenpolder,82.1,3,1,split
BU08700495,Zuidhollandschepolder,BU19590491,Buitengebied Hank oost,97.5,5,2,merged
BU08700501,Kern Dussen,BU19590501,Dussen,91.5,3,2,merged
BU08700502,Bedrijventerrein Dussen,BU19590501,Dussen,92.9,2,2,merged
BU08700591,Noordeveld,BU19590592,Buitengebied Dussen zuid,44.4,6,1,split
BU08730000,Hoogerheide,BU08730000,Hoogerheide,100.0,1,1,unchanged
BU08730001,Woensdrecht,BU08730001,Woensdrecht,100.0,1,1,unchanged
BU08730002,Hoogerheide-Noord,BU08730002,Hoogerheide-Noord,100.0,1,1,unchanged
BU08730003,Industrieterrein De Kooy,BU08730003,Industrieterrein De Kooy,100.0,1,1,unchanged
BU08730008,Verspreide huizen Woensdrecht,BU08730008,Verspreide huizen Woensdrecht,100.0,1,1,unchanged
BU08730009,Verspreide huizen Hoogerheide,BU08730009,Verspreide huizen Hoogerheide,100.0,2,1,unchanged
BU08730100,Huijbergen,BU08730100,Huijbergen,100.0,1,1,unchanged
BU08730101,Eiland,BU08730101,Eiland,100.0,1,1,unchanged
BU08730108,Verspreide huizen ten zuiden van Huijbergen,BU08730108,Verspreide huizen ten zuiden van Huijbergen,100.0,1,1,unchanged
BU08730109,Verspreide huizen ten noorden van Huijbergen,BU08730109,Verspreide huizen ten noorden van Huijbergen,100.0,2,1,unchanged
BU08730200,Ossendrecht,BU08730200,Ossendrecht,100.0,1,1,unchanged
BU08730201,Calfven,BU08730201,Calfven,100.0,1,1,unchanged
BU08730208,Verspreide huizen ten westen van Ossendrecht,BU08730208,Verspreide huizen ten westen van Ossendrecht,100.0,1,1,unchanged
BU08730209,Verspreide huizen ten oosten van Ossendrecht,BU08730209,Verspreide huizen ten oosten van Ossendrecht,100.0,1,1,unchanged
BU08730300,Putte,BU08730300,Putte,100.0,1,1,unchanged
BU08730309,Verspreide huizen Putte,BU08730309,Verspreide huizen Putte,100.0,1,1,unchanged
BU08740000,Woudrichem binnen de vesting,BU19590601,Woudrichem noord,89.9,2,1,split
BU08740001,Woudrichem buiten de vesting,BU19590602,Woudrichem zuid,59.2,3,1,split
BU08740002,Oudendijk,BU19590691,Buitengebied Woudrichem,87.0,5,2,merged
BU08740009,Verspreide huizen in buitengebied,BU19590691,Buitengebied Woudrichem,89.8,5,2,merged
BU08740100,Almkerk,BU19591201,Almkerk west,49.3,4,1,split
BU08740107,Verspreide huizen Zandwijk en omgeving,BU19591291,Buitengebied Almkerk noord,48.4,3,2,merged
BU08740108,Verspreide huizen Provincialeweg-Noord en omgeving,BU19591291,Buitengebied Almkerk noord,96.2,7,2,merged
BU08740109,Verspreide huizen Provincialeweg-Zuid en omgeving,BU19591292,Buitengebied Almkerk zuid,99.4,9,2,recoded (gemeente change)
BU08740200,Rijswijk,BU19590791,Buitengebied Rijswijk (NB),49.6,4,2,merged
BU08740209,Verspreide huizen in buitengebied,BU19590791,Buitengebied Rijswijk (NB),84.1,5,2,merged
BU08740300,Giessen,BU19591091,Buitengebied Giessen,53.7,5,2,merged
BU08740309,Verspreide huizen in buitengebied,BU19591091,Buitengebied Giessen,77.6,8,2,merged
BU08740400,Andel,BU19591101,Andel,71.8,2,1,split
BU08740409,Verspreide huizen in buitengebied,BU19591191,Buitengebied Andel,91.1,10,1,split
BU08740500,Uitwijk,BU19590891,Buitengebied Uitwijk,73.7,2,2,merged
BU08740501,Waardhuizen,BU19590891,Buitengebied Uitwijk,47.8,5,2,merged
BU08740509,Verspreide huizen in buitengebied,BU19591292,Buitengebied Almkerk zuid,49.3,9,2,merged
BU08790000,Zundert,BU08790000,Zundert,100.0,1,1,unchanged
BU08790009,Verspreide huizen Zundert,BU08790009,Verspreide huizen Zundert,100.0,1,1,unchanged
BU08790100,Klein-Zundert,BU08790100,Klein-Zundert,100.0,1,1,unchanged
BU08790109,Verspreide huizen Klein-Zundert,BU08790109,Verspreide huizen Klein-Zundert,100.0,1,1,unchanged
BU08790200,Wernhout,BU08790200,Wernhout,100.0,1,1,unchanged
BU08790209,Verspreide huizen Wernhout,BU08790209,Verspreide huizen Wernhout,100.0,1,1,unchanged
BU08790300,Achtmaal,BU08790300,Achtmaal,100.0,1,1,unchanged
BU08790309,Verspreide huizen Achtmaal,BU08790309,Verspreide huizen Achtmaal,100.0,1,1,unchanged
BU08790400,Rijsbergen,BU08790400,Rijsbergen,100.0,1,1,unchanged
BU08790408,Verspreide huizen in het Oosten,BU08790408,Verspreide huizen in het Oosten,100.0,1,1,unchanged
BU08790409,Verspreide huizen in het Westen,BU08790409,Verspreide huizen in het Westen,100.0,1,1,unchanged
BU08800000,Oosteinde,BU08800000,Oosteinde,100.0,1,1,unchanged
BU08800001,Westeinde,BU08800001,Westeinde,100.0,1,1,unchanged
BU08800002,Oost-Knollendam,BU08800002,Oost-Knollendam,100.0,1,1,unchanged
BU08800003,Molenbuurt,BU08800003,Molenbuurt,100.0,1,1,unchanged
BU08800004,Plaszoom,BU08800004,Plaszoom,100.0,1,1,unchanged
BU08800005,Middentil,BU08800005,Middentil,100.0,1,1,unchanged
BU08800009,Verspreide huizen in de polder Engewormer,BU08800009,Verspreide huizen in de polder Engewormer,100.0,1,1,unchanged
BU08800100,Neck (gedeeltelijk),BU08800100,Neck (gedeeltelijk),100.0,1,1,unchanged
BU08800108,Verspreide huizen ten zuiden van De Middentocht,BU08800108,Verspreide huizen ten zuiden van De Middentocht,100.0,1,1,unchanged
BU08800109,Verspreide huizen ten noorden van De Middentocht,BU08800109,Verspreide huizen ten noorden van De Middentocht,100.0,1,1,unchanged
BU08800200,Jisp,BU08800200,Jisp,100.0,1,1,unchanged
BU08800201,Uitbreiding-Jisp,BU08800201,Uitbreiding-Jisp,100.0,1,1,unchanged
BU08800208,Spijkerboor,BU08800208,Spijkerboor,100.0,1,1,unchanged
BU08800209,Verspreide huizen Kanaal- en Oudelandsdijk,BU08800209,Verspreide huizen Kanaal- en Oudelandsdijk,100.0,1,1,unchanged
BU08810000,Schinveld,BU19540000,Schinveld,100.0,1,1,recoded (gemeente change)
BU08810001,Jabeek,BU19540001,Jabeek,100.0,1,1,recoded (gemeente change)
BU08810002,Bingelrade,BU19540002,Bingelrade,100.0,1,1,recoded (gemeente change)
BU08810003,Merkelbeek-Douvergenhout,BU19540003,Merkelbeek-Douvergenhout,100.0,1,1,recoded (gemeente change)
BU08810009,Verspreide huizen,BU19540009,Verspreide huizen,100.0,1,1,recoded (gemeente change)
BU08820001,Kakert,BU08820001,Kakert,100.0,1,1,unchanged
BU08820002,Lichtenberg,BU08820002,Lichtenberg,100.0,1,1,unchanged
BU08820003,De Dormig,BU08820003,De Dormig,100.0,1,1,unchanged
BU08820004,De Streep,BU08820004,De Streep,100.0,1,1,unchanged
BU08820005,Klinkerkwartier,BU08820005,Klinkerkwartier,100.0,1,1,unchanged
BU08820006,Achter de Haesen,BU08820006,Achter de Haesen,100.0,1,1,unchanged
BU08820007,Leenhof,BU08820007,Leenhof,100.0,1,1,unchanged
BU08820008,Schaesberg Centrum,BU08820008,Schaesberg Centrum,100.0,1,1,unchanged
BU08820009,Achter den Winkel,BU08820009,Achter den Winkel,100.0,1,1,unchanged
BU08820010,Mijnbuurt,BU08820010,Mijnbuurt,100.0,1,1,unchanged
BU08820011,Eiske,BU08820011,Eiske,100.0,1,1,unchanged
BU08820012,Heistraat,BU08820012,Heistraat,100.0,1,1,unchanged
BU08820020,Gravenrode,BU08820020,Gravenrode,100.0,1,1,unchanged
BU08820101,Nieuwenhagerheide,BU08820101,Nieuwenhagerheide,100.0,1,1,unchanged
BU08820102,Oud Nieuwenhagen,BU08820102,Oud Nieuwenhagen,100.0,1,1,unchanged
BU08820103,Hoefveld,BU08820103,Hoefveld,100.0,1,1,unchanged
BU08820104,Op de Kamp,BU08820104,Op de Kamp,100.0,1,1,unchanged
BU08820105,Exdel,BU08820105,Exdel,100.0,1,1,unchanged
BU08820120,Buitengebied Brunssumerheide (2),BU08820120,Buitengebied Brunssumerheide (2),100.0,1,1,unchanged
BU08820201,Abdissenbosch,BU08820201,Abdissenbosch,100.0,1,1,unchanged
BU08820202,Parkheide,BU08820202,Parkheide,100.0,1,1,unchanged
BU08820203,Namiddagsche Driessen,BU08820203,Namiddagsche Driessen,100.0,1,1,unchanged
BU08820204,Lauradorp,BU08820204,Lauradorp,100.0,1,1,unchanged
BU08820205,Waubach,BU08820205,Waubach,100.0,1,1,unchanged
BU08820206,Groenstraat,BU08820206,Groenstraat,100.0,1,1,unchanged
BU08820207,Rimburg,BU08820207,Rimburg,100.0,1,1,unchanged
BU08820220,Brunssumerheide (1),BU08820220,Brunssumerheide (1),100.0,1,1,unchanged
BU08880000,Beek,BU08880000,Beek,100.0,1,1,unchanged
BU08880001,Neerbeek,BU08880001,Neerbeek,100.0,1,1,unchanged
BU08880002,Spaubeek,BU08880002,Spaubeek,100.0,1,1,unchanged
BU08880100,Geverik,BU08880100,Geverik,100.0,1,1,unchanged
BU08880101,Grootgenhout,BU08880101,Grootgenhout,100.0,2,1,unchanged
BU08880102,Kleingenhout,BU08880102,Kleingenhout,100.0,1,1,unchanged
BU08880103,Kelmond,BU08880103,Kelmond,100.0,1,1,unchanged
BU08880109,Verspreide huizen Vliegbasis Zuid-Limburg,BU08880109,Verspreide huizen Vliegbasis Zuid-Limburg,98.4,6,1,split
BU08890000,Reuver,BU08890000,Reuver,100.0,1,1,unchanged
BU08890001,Offenbeek,BU08890001,Offenbeek,100.0,1,1,unchanged
BU08890008,Verspreide huizen ten oosten en zuiden van de spoorlijn,BU08890008,Verspreide huizen ten oosten en zuiden van de spoorlijn,100.0,1,1,unchanged
BU08890009,Overige verspreide huizen,BU08890009,Overige verspreide huizen,100.0,1,1,unchanged
BU08890100,Beesel,BU08890100,Beesel,100.0,1,1,unchanged
BU08890101,Bussereind,BU08890101,Bussereind,100.0,1,1,unchanged
BU08890102,Rijkel,BU08890102,Rijkel,100.0,1,1,unchanged
BU08890109,Verspreide huizen,BU08890109,Verspreide huizen,100.0,1,1,unchanged
BU08930110,Aijen Kern,BU08930110,Aijen Kern,100.0,1,1,unchanged
BU08930111,Aijen Buitengebied,BU08930111,Aijen Buitengebied,100.0,1,1,unchanged
BU08930220,Oud-Bergen Kern,BU08930220,Oud-Bergen Kern,100.0,1,1,unchanged
BU08930221,Oud-Bergen Buitengebied,BU08930221,Oud-Bergen Buitengebied,100.0,1,1,unchanged
BU08930330,Nieuw-Bergen Kern,BU08930330,Nieuw-Bergen Kern,100.0,1,1,unchanged
BU08930331,Nieuw-Bergen Buitengebied,BU08930331,Nieuw-Bergen Buitengebied,100.0,2,1,unchanged
BU08930332,Nieuw-Bergen De Flammert,BU08930332,Nieuw-Bergen De Flammert,100.0,1,1,unchanged
BU08930440,Afferden Kern,BU08930440,Afferden Kern,100.0,1,1,unchanged
BU08930441,Afferden Buitengebied,BU08930441,Afferden Buitengebied,100.0,1,1,unchanged
BU08930550,Siebengewald Kern,BU08930550,Siebengewald Kern,100.0,1,1,unchanged
BU08930551,Siebengewald Buitengebied,BU08930551,Siebengewald Buitengebied,100.0,1,1,unchanged
BU08930660,Well-Oost,BU08930660,Well-Oost,100.0,1,1,unchanged
BU08930661,Well-West,BU08930661,Well-West,100.0,1,1,unchanged
BU08930662,Well Buitengebied,BU08930662,Well Buitengebied,100.0,1,1,unchanged
BU08930770,Wellerlooi Kern,BU08930770,Wellerlooi Kern,100.0,2,1,unchanged
BU08930771,Wellerlooi Buitengebied,BU08930771,Wellerlooi Buitengebied,100.0,2,1,unchanged
BU08990124,Klingelsberg,BU08990124,Klingelsberg,100.0,1,1,unchanged
BU08990126,Op de Vos,BU08990126,Op de Vos,100.0,1,1,unchanged
BU08990134,Treebeek-Zuid,BU08990134,Treebeek-Zuid,100.0,1,1,unchanged
BU08990135,Emma,BU08990135,Emma,100.0,1,1,unchanged
BU08990136,Amstenraderveld,BU08990136,Amstenraderveld,100.0,1,1,unchanged
BU08990144,Treebeek-Noord,BU08990144,Treebeek-Noord,100.0,1,1,unchanged
BU08990201,Houserveld,BU08990201,Houserveld,100.0,1,1,unchanged
BU08990202,Klingbemden,BU08990202,Klingbemden,100.0,1,1,unchanged
BU08990203,Rozengaard,BU08990203,Rozengaard,100.0,1,1,unchanged
BU08990204,De Kling,BU08990204,De Kling,100.0,1,1,unchanged
BU08990205,Op den Haan,BU08990205,Op den Haan,100.0,1,1,unchanged
BU08990207,Lemmender,BU08990207,Lemmender,100.0,1,1,unchanged
BU08990208,De Streek,BU08990208,De Streek,100.0,1,1,unchanged
BU08990209,Het Heufken,BU08990209,Het Heufken,100.0,1,1,unchanged
BU08990225,Bexdelle,BU08990225,Bexdelle,100.0,1,1,unchanged
BU08990242,Merkelbeekerdal,BU08990242,Merkelbeekerdal,100.0,1,1,unchanged
BU08990243,Buitengebied,BU08990243,Buitengebied,100.0,1,1,unchanged
BU08990314,Rode Beek,BU08990314,Rode Beek,100.0,1,1,unchanged
BU08990315,Op gen Hoes,BU08990315,Op gen Hoes,100.0,1,1,unchanged
BU08990316,Oeloven,BU08990316,Oeloven,100.0,1,1,unchanged
BU08990317,De Eggen,BU08990317,De Eggen,100.0,1,1,unchanged
BU08990318,Schuttersveld,BU08990318,Schuttersveld,100.0,1,1,unchanged
BU08990332,De Kattekoelen,BU08990332,De Kattekoelen,100.0,1,1,unchanged
BU08990333,Bouwberg,BU08990333,Bouwberg,100.0,1,1,unchanged
BU08990337,Ora et Labora,BU08990337,Ora et Labora,100.0,1,1,unchanged
BU08990339,Hendrik en omgeving,BU08990339,Hendrik en omgeving,100.0,1,1,unchanged
BU08990340,De Heide,BU08990340,De Heide,100.0,1,1,unchanged
BU08990345,Kleikoelen,BU08990345,Kleikoelen,100.0,1,1,unchanged
BU08990428,Vondelstraat,BU08990428,Vondelstraat,100.0,1,1,unchanged
BU08990429,Langenberg,BU08990429,Langenberg,100.0,1,1,unchanged
BU08990430,De Struiken,BU08990430,De Struiken,100.0,1,1,unchanged
BU08990431,Douvenberg,BU08990431,Douvenberg,100.0,1,1,unchanged
BU08990438,Brandenberg,BU08990438,Brandenberg,100.0,1,1,unchanged
BU08990441,Brunssumer Heide,BU08990441,Brunssumer Heide,100.0,1,1,unchanged
BU08990506,Hofpoel,BU08990506,Hofpoel,100.0,1,1,unchanged
BU08990510,Op de Vaard,BU08990510,Op de Vaard,100.0,1,1,unchanged
BU08990511,Koutenveld,BU08990511,Koutenveld,100.0,1,1,unchanged
BU08990512,Centrum,BU08990512,Centrum,100.0,1,1,unchanged
BU08990513,Kerkeveld,BU08990513,Kerkeveld,100.0,1,1,unchanged
BU08990519,Kruisberg,BU08990519,Kruisberg,100.0,1,1,unchanged
BU08990520,Achter de Put,BU08990520,Achter de Put,100.0,1,1,unchanged
BU08990521,Haansberg,BU08990521,Haansberg,100.0,1,1,unchanged
BU08990522,Vijverpark,BU08990522,Vijverpark,100.0,1,1,unchanged
BU08990523,Rumpener Beemden,BU08990523,Rumpener Beemden,100.0,1,1,unchanged
BU08990527,De Hemelder,BU08990527,De Hemelder,100.0,1,1,unchanged
BU09070000,Milsbeek,BU09070000,Milsbeek,100.0,1,1,unchanged
BU09070001,Sprokkelveld,BU09070001,Sprokkelveld,100.0,1,1,unchanged
BU09070009,Bloemenstraat-Zwarteweg,BU09070009,Bloemenstraat-Zwarteweg,100.0,1,1,unchanged
BU09070100,Ottersum,BU09070100,Ottersum,100.0,1,1,unchanged
BU09070108,Aaldonk-Violenberg,BU09070108,Aaldonk-Violenberg,100.0,1,1,unchanged
BU09070109,Looierheide,BU09070109,Looierheide,100.0,1,1,unchanged
BU09070200,Ven-Zelderheide,BU09070200,Ven-Zelderheide,100.0,1,1,unchanged
BU09070209,Langehorst-Zelder,BU09070209,Langehorst-Zelder,100.0,1,1,unchanged
BU09070300,Oude Stadskern,BU09070300,Oude Stadskern,100.0,1,1,unchanged
BU09070301,Noord,BU09070301,Noord,100.0,1,1,unchanged
BU09070302,Midden,BU09070302,Midden,100.0,1,1,unchanged
BU09070303,Zuid,BU09070303,Zuid,100.0,1,1,unchanged
BU09070309,Panoven-Maaskemp,BU09070309,Panoven-Maaskemp,100.0,1,1,unchanged
BU09070400,Heijen,BU09070400,Heijen,100.0,1,1,unchanged
BU09070408,Heijensebos,BU09070408,Heijensebos,100.0,1,1,unchanged
BU09070409,Diekendaal-Nieuwerf,BU09070409,Diekendaal-Nieuwerf,100.0,1,1,unchanged
BU09171000,Maria Gewanden,BU09171000,Maria Gewanden,99.9,5,1,unchanged
BU09171001,Terschuren,BU09171001,Terschuren,99.8,3,1,unchanged
BU09171100,Mariarade-Noord,BU09171100,Mariarade-Noord,94.3,3,1,split
BU09171101,Mariarade-Zuid,BU09171101,Mariarade-Zuid,99.9,5,1,unchanged
BU09171200,Hoensbroek-Centrum,BU09171200,Hoensbroek-Centrum,99.3,5,1,unchanged
BU09171201,De Dem en omgeving,BU09171201,De Dem en omgeving,95.5,7,1,split
BU09171300,Nieuw Lotbroek-Noord,BU09171300,Nieuw Lotbroek-Noord,94.7,7,1,split
BU09171301,Nieuw Lotbroek-Zuid,BU09171301,Nieuw Lotbroek-Zuid,99.9,2,1,unchanged
BU09171400,De Koumen,BU09171400,De Koumen,84.2,8,1,split
BU09172000,Weggebekker,BU09172000,Weggebekker,100.0,4,1,unchanged
BU09172001,Uterweg,BU09172001,Uterweg,99.5,4,1,unchanged
BU09172002,Nieuw-Einde,BU09172002,Nieuw-Einde,99.7,5,1,unchanged
BU09172003,Versiliënbosch,BU09172003,Versiliënbosch,96.9,5,1,split
BU09172004,Vrieheide,BU09172004,Vrieheide,99.9,3,1,unchanged
BU09172100,Passart,BU09172100,Passart,99.7,5,1,unchanged
BU09172101,Heerlerheide Kom,BU09172101,Heerlerheide-Kom,98.4,8,1,split
BU09172200,Heksenberg,BU09172200,Heksenberg,98.9,6,1,split
BU09172201,Pronsebroek,BU09172201,Pronsebroek,93.5,4,1,split
BU09172300,Verspreide huizen,BU09172300,Schrieversheide,97.6,8,1,split
BU09172400,Groot Rennemig,BU09172400,Rennemig,99.7,5,1,unchanged
BU09172401,Beersdal,BU09172401,Beersdal,99.1,8,1,unchanged
BU09172402,Schelsberg,BU09172402,Schelsberg,99.7,7,1,unchanged
BU09173000,Husken,BU09173000,Husken,85.7,3,1,split
BU09173001,Zeswegen,BU09173001,Zeswegen,94.3,3,1,split
BU09173002,In de Cramer,BU09173002,In de Cramer,84.3,6,1,split
BU09173100,Musschemig,BU09173100,Musschemig,95.1,6,1,split
BU09173101,Grasbroek,BU09173101,Grasbroek,99.7,5,1,unchanged
BU09173102,Schandelen,BU09173102,Schandelen,99.7,7,1,unchanged
BU09173103,Hoppersgraaf,BU09173103,Hoppersgraaf,87.2,4,1,split
BU09173200,Palemig,BU09173200,Palemig,96.8,4,1,split
BU09173201,Burettestraat en omgeving,BU09173201,Burettestraat en omgeving,99.6,4,1,unchanged
BU09173202,Meezenbroek,BU09173202,Meezenbroek,99.9,4,1,unchanged
BU09173203,Schaesbergerveld,BU09173203,Schaesbergerveld,92.8,4,1,split
BU09173300,Heerlen-Centrum,BU09173300,Heerlen-Centrum,88.1,6,1,split
BU09173301,Op de Nobel,BU09173301,Op de Nobel,99.5,5,1,unchanged
BU09173302,'t Loon,BU09173302,'t Loon,93.0,4,1,split
BU09173303,Lindeveld,BU09173303,Lindeveld,99.5,6,1,unchanged
BU09173400,Eikenderveld,BU09173400,Eikenderveld,99.7,5,1,unchanged
BU09173500,Ten Esschen,BU09173500,Ten Esschen,94.6,4,1,split
BU09173600,Terworm,BU09173600,Terworm,99.2,5,1,unchanged
BU09173601,Welten-Dorp,BU09173601,Welten-Dorp,99.9,6,1,unchanged
BU09173602,Ziekenhuis,BU09173602,Ziekenhuis,99.8,3,1,unchanged
BU09173603,Benzenrade,BU09173603,Benzenrade,95.1,4,1,split
BU09173700,Bekkerveld,BU09173700,Bekkerveld,99.6,7,1,unchanged
BU09173701,Aarveld,BU09173701,Aarveld,95.3,5,1,split
BU09173800,Caumerveld,BU09173800,Caumerveld,94.0,6,1,split
BU09173801,Douve Weien,BU09173801,Douve Weien,99.6,6,1,unchanged
BU09173900,Molenbergpark,BU09173900,Molenbergpark,99.6,7,1,unchanged
BU09173901,Dr. Nolensplein en omgeving,BU09173901,Dr Nolensplein en omgeving,90.2,3,1,split
BU09173902,Dr. Schaepmanplein en omgeving,BU09173902,Dr Schaepmanplein en omgeving,99.8,4,1,unchanged
BU09173903,Schiffelerveld,BU09173903,Schiffelerveld,94.2,5,1,split
BU09174000,Heerlerbaan-Oost,BU09174000,Heerlerbaan-Oost,99.9,2,1,unchanged
BU09174100,Egstraat en omgeving,BU09174100,Egstraat en omgeving,98.7,3,1,split
BU09174101,Giezenveld,BU09174101,Giesenveld,98.1,5,1,split
BU09174102,Heerlerbaan-West,BU09174102,Heerlerbaan-West,99.7,5,1,unchanged
BU09174103,Imstenrade,BU09174103,Imstenrade,89.2,3,1,split
BU09174200,Beitel,BU09174200,De Beitel,100.0,2,1,unchanged
BU09280000,Spekholzerheide,BU09280000,Spekholzerheide,100.0,1,1,unchanged
BU09280001,Heilust,BU09280001,Heilust,100.0,1,1,unchanged
BU09280002,Terwinselen,BU09280002,Terwinselen,100.0,1,1,unchanged
BU09280003,Kaalheide,BU09280003,Kaalheide,100.0,1,1,unchanged
BU09280004,Gracht,BU09280004,Gracht,100.0,1,1,unchanged
BU09280009,Verspreide huizen Dentgenbach,BU09280009,Verspreide huizen Dentgenbach,100.0,1,1,unchanged
BU09280100,Kerkrade-Centrum,BU09280100,Kerkrade-Centrum,100.0,1,1,unchanged
BU09280101,Erenstein,BU09280101,Erenstein,100.0,1,1,unchanged
BU09280102,Rolduckerveld,BU09280102,Rolduckerveld,100.0,1,1,unchanged
BU09280103,Holz,BU09280103,Holz,100.0,1,1,unchanged
BU09280104,Nulland,BU09280104,Nulland,100.0,1,1,unchanged
BU09280105,Bleijerheide,BU09280105,Bleijerheide,100.0,1,1,unchanged
BU09280200,Eygelshoven-Kom,BU09280200,Eygelshoven-Kom,100.0,1,1,unchanged
BU09280201,Hopel,BU09280201,Hopel,100.0,1,1,unchanged
BU09280202,Waubacherveld,BU09280202,Waubacherveld,100.0,1,1,unchanged
BU09280203,Vink,BU09280203,Vink,100.0,1,1,unchanged
BU09280204,Chevremont,BU09280204,Chevremont,100.0,1,1,unchanged
BU09280205,Haanrade,BU09280205,Haanrade,100.0,1,1,unchanged
BU09350000,Binnenstad,BU09350000,Binnenstad,100.0,3,1,unchanged
BU09350001,Jekerkwartier,BU09350001,Jekerkwartier,100.0,1,1,unchanged
BU09350002,Kommelkwartier,BU09350002,Kommelkwartier,100.0,1,1,unchanged
BU09350003,Statenkwartier,BU09350003,Statenkwartier,100.0,2,1,unchanged
BU09350004,Boschstraatkwartier,BU09350004,Boschstraatkwartier,100.0,1,1,unchanged
BU09350005,Sint Maartenspoort,BU09350005,Sint Maartenspoort,100.0,1,1,unchanged
BU09350006,Wyck,BU09350006,Wyck,100.0,1,1,unchanged
BU09350100,Villapark,BU09350100,Villapark,100.0,1,1,unchanged
BU09350101,Jekerdal,BU09350101,Jekerdal,100.0,1,1,unchanged
BU09350102,Biesland,BU09350102,Biesland,100.0,1,1,unchanged
BU09350103,Campagne,BU09350103,Campagne,100.0,1,1,unchanged
BU09350104,Wolder,BU09350104,Wolder,100.0,1,1,unchanged
BU09350105,Sint Pieter,BU09350105,Sint Pieter,99.8,3,1,unchanged
BU09350200,Brusselsepoort,BU09350200,Brusselsepoort,100.0,2,1,unchanged
BU09350201,Mariaberg,BU09350201,Mariaberg,100.0,2,1,unchanged
BU09350202,Belfort,BU09350202,Belfort,100.0,1,1,unchanged
BU09350203,Pottenberg,BU09350203,Pottenberg,100.0,1,1,unchanged
BU09350204,Malpertuis,BU09350204,Malpertuis,100.0,1,1,unchanged
BU09350205,Caberg,BU09350205,Caberg,100.0,1,1,unchanged
BU09350206,Oud-Caberg,BU09350206,Oud-Caberg,100.0,1,1,unchanged
BU09350207,Malberg,BU09350207,Malberg,100.0,2,1,unchanged
BU09350208,Dousberg-Hazendans,BU09350208,Dousberg-Hazendans,100.0,1,1,unchanged
BU09350209,Daalhof,BU09350209,Daalhof,100.0,1,1,unchanged
BU09350300,Boschpoort,BU09350300,Boschpoort,100.0,1,1,unchanged
BU09350301,Bosscherveld,BU09350301,Bosscherveld,100.0,2,1,unchanged
BU09350302,Frontenkwartier,BU09350302,Frontenkwartier,100.0,1,1,unchanged
BU09350303,Belvédère,BU09350303,Belvédère,100.0,2,1,unchanged
BU09350304,Lanakerveld,BU09350304,Lanakerveld,100.0,1,1,unchanged
BU09350400,Wyckerpoort,BU09350400,Wyckerpoort,100.0,1,1,unchanged
BU09350401,Heugemerveld,BU09350401,Heugemerveld,100.0,1,1,unchanged
BU09350402,Wittevrouwenveld,BU09350402,Wittevrouwenveld,100.0,2,1,unchanged
BU09350403,Nazareth,BU09350403,Nazareth,100.0,1,1,unchanged
BU09350404,Limmel,BU09350404,Limmel,100.0,1,1,unchanged
BU09350405,Scharn,BU09350405,Scharn,100.0,2,1,unchanged
BU09350406,Amby,BU09350406,Amby,100.0,1,1,unchanged
BU09350500,Beatrixhaven,BU09350500,Beatrixhaven,100.0,1,1,unchanged
BU09350501,Borgharen,BU09350501,Borgharen,100.0,1,1,unchanged
BU09350502,Itteren,BU09350502,Itteren,100.0,1,1,unchanged
BU09350503,Meerssenhoven,BU09350503,Meerssenhoven,100.0,1,1,unchanged
BU09350600,Randwyck,BU09350600,Randwyck,100.0,1,1,unchanged
BU09350601,Heugem,BU09350601,Heugem,99.8,2,1,unchanged
BU09350602,Heer,BU09350602,Heer,100.0,2,1,unchanged
BU09350603,De Heeg,BU09350603,De Heeg,100.0,1,1,unchanged
BU09350604,Vroendaal,BU09350604,Vroendaal,100.0,3,1,unchanged
BU09380000,Meerssen,BU09380000,Meerssen,100.0,1,1,unchanged
BU09380001,Rothem,BU09380001,Rothem,100.0,1,1,unchanged
BU09380002,Weert,BU09380002,Weert,100.0,1,1,unchanged
BU09380003,Raar,BU09380003,Raar,100.0,1,1,unchanged
BU09380009,Verspreide huizen,BU09380009,Verspreide huizen,100.0,1,1,unchanged
BU09380100,Ulestraten,BU09380100,Ulestraten,100.0,2,1,unchanged
BU09380109,Verspreide huizen,BU09380109,Verspreide huizen,96.9,2,1,split
BU09380200,Bunde,BU09380200,Bunde,100.0,1,1,unchanged
BU09380201,Kasen,BU09380201,Kasen,100.0,1,1,unchanged
BU09380202,Geulle,BU09380202,Geulle,100.0,1,1,unchanged
BU09380203,Hussenberg met Snijdersberg,BU09380203,Hussenberg met Snijdersberg,98.0,2,1,split
BU09380204,Hulsen-Oostbroek,BU09380204,Hulsen-Oostbroek,100.0,1,1,unchanged
BU09380205,Moorveld,BU09380205,Moorveld,100.0,1,1,unchanged
BU09380206,Brommelen-Westbroek,BU09380206,Brommelen-Westbroek,100.0,1,1,unchanged
BU09440000,Molenhoek,BU09440000,Molenhoek,100.0,2,1,unchanged
BU09440001,Mook,BU09440001,Mook,100.0,1,1,unchanged
BU09440009,Verspreide huizen Bisselt,BU09440009,Verspreide huizen Bisselt,100.0,1,1,unchanged
BU09440100,Riethorst-Plasmolen,BU09440100,Riethorst-Plasmolen,99.9,2,1,unchanged
BU09440101,Middelaar Katerbosch en Heikant,BU09440101,Middelaar Katerbosch en Heikant,100.0,1,1,unchanged
BU09460101,Nederweert,BU09460101,Nederweert,100.0,2,1,unchanged
BU09460102,Boeket-Hoogbosweg,BU09460102,Boeket-Hoogbosweg,100.0,1,1,unchanged
BU09460103,Bosserstraat-Lage Kuilen,BU09460103,Bosserstraat-Lage Kuilen,100.0,1,1,unchanged
BU09460104,Schoor-Mildert,BU09460104,Schoor-Mildert,100.0,1,1,unchanged
BU09460201,Budschop,BU09460201,Budschop,100.0,1,1,unchanged
BU09460202,Winnerstraat-Eindhovensebaan,BU09460202,Winnerstraat-Eindhovensebaan,100.0,1,1,unchanged
BU09460301,Ospel,BU09460301,Ospel,100.0,1,1,unchanged
BU09460302,Ospeldijk,BU09460302,Ospeldijk,100.0,1,1,unchanged
BU09460303,Nieuwstraat-Horick-Kampersweg,BU09460303,Nieuwstraat-Horick-Kampersweg,100.0,2,1,unchanged
BU09460304,Waatskamp-Bientjesweg,BU09460304,Waatskamp-Bientjesweg,100.0,1,1,unchanged
BU09460305,Moostdijk-Kruisvennendijk,BU09460305,Moostdijk-Kruisvennendijk,100.0,1,1,unchanged
BU09460401,Nederweert-Eind,BU09460401,Nederweert-Eind,100.0,1,1,unchanged
BU09460402,Wellenstein-Aan 't Kruis,BU09460402,Wellenstein-Aan 't Kruis,100.0,2,1,unchanged
BU09460501,Leveroy,BU09460501,Leveroy,100.0,1,1,unchanged
BU09460502,Deckerstraat-Bergdijk,BU09460502,Deckerstraat-Bergdijk,100.0,1,1,unchanged
BU09510000,Nuth,BU19540100,Nuth,100.0,1,1,recoded (gemeente change)
BU09510001,Tervoorst en omgeving,BU19540101,Tervoorst en omgeving,100.0,1,1,recoded (gemeente change)
BU09510002,Industrieterrein De Horsel,BU19540102,Industrieterrein De Horsel,100.0,1,1,recoded (gemeente change)
BU09510003,Vaesrade,BU19540103,Vaesrade,100.0,1,1,recoded (gemeente change)
BU09510004,Hommert (gedeeltelijk),BU19540104,Hommert (gedeeltelijk),100.0,1,1,recoded (gemeente change)
BU09510100,Wijnandsrade,BU19540200,Wijnandsrade,100.0,1,1,recoded (gemeente change)
BU09510101,Swier,BU19540201,Swier,100.0,1,1,recoded (gemeente change)
BU09510200,Hulsberg,BU19540300,Hulsberg,100.0,1,1,recoded (gemeente change)
BU09510201,Aalbeek,BU19540301,Aalbeek,100.0,1,1,recoded (gemeente change)
BU09510202,Arensgenhout,BU19540302,Arensgenhout,100.0,1,1,recoded (gemeente change)
BU09510300,Schimmert,BU19540400,Schimmert,100.0,1,1,recoded (gemeente change)
BU09510301,Haasdal,BU19540401,Haasdal,100.0,1,1,recoded (gemeente change)
BU09510302,Oensel,BU19540402,Oensel,100.0,1,1,recoded (gemeente change)
BU09570000,Binnenstad,BU09570000,Binnenstad,100.0,1,1,unchanged
BU09570001,Roerzicht-Voorstad,BU09570001,Voorstad,63.6,2,1,split
BU09570002,Roer-Roer-Zuid,BU09570002,Roer-Zuid,100.0,1,1,unchanged
BU09570004,Willem-Alexander,BU09570004,Willem-Alexander,100.0,1,1,unchanged
BU09570100,Roermondse Veld,BU09570100,Roermondse Veld,100.0,1,1,unchanged
BU09570101,Vrijveld,BU09570101,Vrijveld,100.0,1,1,unchanged
BU09570200,Kapel-Muggenbroek,BU09570200,Kapel-Muggenbroek,100.0,1,1,unchanged
BU09570201,De Kemp,BU09570201,De Kemp,100.0,1,1,unchanged
BU09570202,Roerstreek,BU09570202,Roerstreek,100.0,1,1,unchanged
BU09570203,Kitskensdal,BU09570203,Kitskensdal,100.0,1,1,unchanged
BU09570204,Kitskensberg,BU09570204,Kitskensberg,100.0,1,1,unchanged
BU09570300,Kern Maasniel,BU09570300,Kern Maasniel,100.0,1,1,unchanged
BU09570301,Leeuwen,BU09570301,Leeuwen,100.0,1,1,unchanged
BU09570302,Tegelarijeveld-Broekhin,BU09570302,Tegelarijeveld-Broekhin,100.0,1,1,unchanged
BU09570303,De Wijher en omgeving,BU09570303,De Wijher en omgeving,100.0,1,1,unchanged
BU09570304,Stasrandzone-Noord,BU09570304,Stadsrandzone-Noord,100.0,1,1,unchanged
BU09570400,Componistenbuurt,BU09570400,Componistenbuurt,100.0,1,1,unchanged
BU09570401,Vliegeniersbuurt,BU09570401,Vliegeniersbuurt,100.0,1,1,unchanged
BU09570402,Kastelenbuurt,BU09570402,Kastelenbuurt,100.0,1,1,unchanged
BU09570500,Sterrenberg,BU09570403,Sterrenberg,100.0,1,1,recoded
BU09570501,Hoogvonderen,BU09570501,Hoogvonderen,100.0,1,1,unchanged
BU09570600,Asenray buitengebied,BU09570600,Asenray buitengebied,100.0,1,1,unchanged
BU09570601,Asenray,BU09570601,Asenray,100.0,1,1,unchanged
BU09570700,Ool,BU09570700,Ool,100.0,1,1,unchanged
BU09570701,Herten,BU09570701,Herten,100.0,1,1,unchanged
BU09570702,Merum,BU09570702,Merum,100.0,1,1,unchanged
BU09570703,Oolderplas,BU09570703,Oolder Veste,100.0,1,1,unchanged
BU09570800,Swalmen-Centrum,BU09570800,Swalmen-Centrum,100.0,1,1,unchanged
BU09570801,Groenekruisgebied,BU09570801,Groenekruisgebied,100.0,1,1,unchanged
BU09570802,Heide,BU09570802,Heide,100.0,1,1,unchanged
BU09570804,Asselt,BU09570804,Asselt,100.0,1,1,unchanged
BU09570805,Martin Giessen-Bosstraat,BU09570805,Martin Giessen-Bosstraat,100.0,1,1,unchanged
BU09570806,Boukoul,BU09570806,Boukoul,100.0,1,1,unchanged
BU09570809,Verspreide huizen Swalmen,BU09570809,Verspreide huizen Swalmen,100.0,1,1,unchanged
BU09570900,Maasplassen,BU09570900,Maasplassen,100.0,1,1,unchanged
BU09620000,Schinnen,BU19540500,Schinnen,100.0,1,1,recoded (gemeente change)
BU09620001,Puth,BU19540501,Puth,100.0,1,1,recoded (gemeente change)
BU09620002,Nagelbeek-Hegge,BU19540502,Nagelbeek-Hegge,100.0,1,1,recoded (gemeente change)
BU09620003,Sweikhuizen,BU19540503,Sweikhuizen,100.0,1,1,recoded (gemeente change)
BU09620004,Thull,BU19540504,Thull,100.0,1,1,recoded (gemeente change)
BU09620005,Hommert (gedeeltelijk),BU19540505,Hommert (gedeeltelijk),100.0,1,1,recoded (gemeente change)
BU09620009,Verspreide huizen,BU19540509,Verspreide huizen,100.0,2,1,recoded (gemeente change)
BU09620100,Amstenrade,BU19540600,Amstenrade,100.0,1,1,recoded (gemeente change)
BU09620101,Oirsbeek,BU19540601,Oirsbeek,100.0,1,1,recoded (gemeente change)
BU09620102,Klein-Doenrade,BU19540602,Klein-Doenrade,100.0,1,1,recoded (gemeente change)
BU09620103,Groot-Doenrade,BU19540603,Groot-Doenrade,100.0,1,1,recoded (gemeente change)
BU09650000,Simpelveld,BU09650000,Simpelveld,100.0,1,1,unchanged
BU09650001,Hulsveld,BU09650001,Hulsveld,100.0,1,1,unchanged
BU09650002,Huls,BU09650002,Huls,100.0,1,1,unchanged
BU09650003,Molsberg-Rodeput,BU09650003,Molsberg-Rodeput,100.0,1,1,unchanged
BU09650009,Verspreide huizen,BU09650009,Verspreide huizen,100.0,1,1,unchanged
BU09650100,Bocholtz,BU09650100,Bocholtz,100.0,1,1,unchanged
BU09650101,Bocholtzerheide,BU09650101,Bocholtzerheide,100.0,1,1,unchanged
BU09650102,Prickart-Broek,BU09650102,Prickart-Broek,100.0,1,1,unchanged
BU09650103,Baneheide,BU09650103,Baneheide,100.0,1,1,unchanged
BU09710000,Oud-Stein,BU09710000,Oud-Stein,100.0,1,1,unchanged
BU09710001,Kerensheide,BU09710001,Kerensheide,100.0,1,1,unchanged
BU09710002,Nieuwdorp,BU09710002,Nieuwdorp,100.0,1,1,unchanged
BU09710003,Kleine Meers en Veldschuur,BU09710003,Kleine Meers en Veldschuur,100.0,1,1,unchanged
BU09710004,Maasband,BU09710004,Maasband,100.0,1,1,unchanged
BU09710005,Centrum,BU09710005,Centrum,100.0,1,1,unchanged
BU09710100,Elsloo,BU09710100,Elsloo,100.0,1,1,unchanged
BU09710101,Meers,BU09710101,Meers,100.0,1,1,unchanged
BU09710102,Catsop,BU09710102,Catsop,100.0,1,1,unchanged
BU09710200,Berg,BU09710200,Berg,100.0,1,1,unchanged
BU09710201,Urmond ten westen van Julianakanaal,BU09710201,Urmond ten westen van Julianakanaal,100.0,1,1,unchanged
BU09710202,Urmond ten oosten van Julianakanaal,BU09710202,Urmond ten oosten van Julianakanaal,100.0,1,1,unchanged
BU09710203,Nattenhoven,BU09710203,Nattenhoven,100.0,1,1,unchanged
BU09810000,Vijlen,BU09810000,Vijlen,100.0,1,1,unchanged
BU09810001,Mamelis,BU09810001,Mamelis,100.0,1,1,unchanged
BU09810003,Harles,BU09810003,Harles,100.0,1,1,unchanged
BU09810005,Lemiers,BU09810005,Lemiers,100.0,1,1,unchanged
BU09810006,Holset,BU09810006,Holset,100.0,1,1,unchanged
BU09810007,Raren,BU09810007,Raren,100.0,1,1,unchanged
BU09810008,Wolfhaag,BU09810008,Wolfhaag,100.0,1,1,unchanged
BU09810009,Verspreide huizen Cottessen-Camerig,BU09810009,Verspreide huizen Cottessen-Camerig,100.0,1,1,unchanged
BU09810100,Vaals,BU09810100,Vaals,100.0,1,1,unchanged
BU09831101,Winkelcentrum,BU09831101,Winkelcentrum,98.8,6,1,split
BU09831102,Q4,BU09831102,Q4,96.8,4,1,split
BU09831103,Rosarium,BU09831103,Rosarium e.o.,91.7,6,1,split
BU09831104,Binnenstad-Noord,BU09831104,Binnenstad-Noord,95.5,5,1,split
BU09831201,Sinselveld,BU09831201,Sinselveld,98.2,6,1,split
BU09831202,Maaswaard,BU09831202,Maaswaard,98.8,4,1,split
BU09831203,Spoorsingel,BU09831203,Spoorsingel,96.3,7,1,split
BU09831204,Hagerbroek,BU09831204,Hagerbroek,97.9,8,1,split
BU09831205,Hagerhof-oost,BU09831205,Hagerhof-Oost,99.2,5,1,unchanged
BU09831206,Hagerhof-West,BU09831206,Hagerhof-West,96.0,5,1,split
BU09831207,Wylrehof,BU09831207,Wylrehof,98.2,8,1,split
BU09831208,bedrijventerrein Hagerhof,BU09831208,bedrijventerrein Hagerhof,96.7,3,1,split
BU09831209,Onderste en Bovenste Molen,BU09831209,Onderste en Bovenste Molen,94.8,6,1,split
BU09831210,Krekelveld,BU09831210,Krekelveld,98.8,4,1,split
BU09831301,De Tichelarij,BU09831301,De Tichelarij,99.5,4,1,unchanged
BU09831302,Rijnbeek,BU09831302,Rijnbeek,98.2,6,1,split
BU09831303,Groenstraat-Noord,BU09831303,Groenstraat-Noord,98.7,4,1,split
BU09831304,Groenstraat-Zuid,BU09831304,Groenstraat-Zuid,95.0,4,1,split
BU09831305,Stalberg-West,BU09831305,Stalberg-West,96.0,8,1,split
BU09831306,Groeneveld,BU09831306,Groeneveld,97.0,6,1,split
BU09831307,Hogekamp,BU09831307,Hogekamp,99.1,8,1,unchanged
BU09831308,Stalberg-Noord,BU09831308,Stalberg-Noord,99.5,9,1,unchanged
BU09831401,Craneveld,BU09831401,Craneveld,97.4,6,1,split
BU09831402,Withuis,BU09831402,Withuis,97.5,6,1,split
BU09831403,'t Zand,BU09831403,'t Zand,98.0,6,1,split
BU09831404,Genooybergen,BU09831404,Genooybergen,95.7,7,1,split
BU09831405,Genooy,BU09831405,Genooy,96.6,5,1,split
BU09831501,Vierpaardjes,BU09831501,Vierpaardjes,94.3,5,1,split
BU09831502,Dr. Poelsplein e.o.,BU09831502,Dr. Poelsplein e.o.,97.7,6,1,split
BU09831503,Jezuïtenbuurt,BU09831503,Jezuïtenbuurt,96.2,5,1,split
BU09831504,Vogelbuurt,BU09831504,Vogelbuurt,99.2,5,1,unchanged
BU09831505,Bloemenbuurt,BU09831505,Bloemenbuurt,94.5,6,1,split
BU09831506,Casinoflat,BU09831506,Casinoflat,68.1,4,1,split
BU09831507,Postwegflat,BU09831507,Postwegflat,90.3,4,1,split
BU09831508,Stalberg (midden),BU09831508,Stalberg (midden),94.3,8,1,split
BU09831509,Stalberg-oost,BU09831509,Stalberg-Oost,87.6,3,1,split
BU09831510,Grote Hei,BU09831510,Grote Hei,97.9,6,1,split
BU09831511,Keulse Barriére,BU09831511,Keulse Barriére,95.3,2,1,split
BU09831512,Auxillatrix,BU09831512,Auxillatrix,97.6,5,1,split
BU09831601,Kern 't Ven,BU09831601,Kern 't Ven,98.3,5,1,split
BU09831602,Arenborg,BU09831602,Arenborg,98.6,5,1,split
BU09831603,Herungerberg,BU09831603,Herungerberg,88.0,4,1,split
BU09831604,Veegtes,BU09831604,Veegtes,98.0,5,1,split
BU09831605,Noorderpoort,BU09831605,Noorderpoort,99.4,2,1,unchanged
BU09831606,Venkoelen,BU09831606,Venkoelen,99.3,5,2,unchanged
BU09831607,AZC,BU09831606,Venkoelen,100.0,1,2,recoded
BU09832101,Blerick-Centrum,BU09832101,Blerick-Centrum,94.0,8,1,split
BU09832102,gazenkamp,BU09832102,Hazenkamp,98.1,7,1,split
BU09832201,Smeliënkamp,BU09832201,Smeliënkamp,95.1,7,1,split
BU09832202,Vastenavondkamp-Noord,BU09832202,Vastenavondkamp-Noord,99.1,4,1,unchanged
BU09832203,Vastenavondkamp-Zuid,BU09832203,Vastenavondkamp-Zuid,96.4,5,1,split
BU09832301,Molenbossen,BU09832301,Molenbossen,93.5,5,1,split
BU09832302,Annakamp-Oost,BU09832302,Annakamp-Oost,97.5,7,1,split
BU09832303,Annakamp-West,BU09832303,Annakamp-West,94.9,4,1,split
BU09832304,Zonneveld,BU09832304,Zonneveld,97.9,2,1,split
BU09832401,Vossener-Centrum,BU09832401,Vossener-Centrum,95.6,6,1,split
BU09832402,Vossener-Noord,BU09832402,Vossener-Noord,97.3,6,1,split
BU09832403,Vossener-West,BU09832403,Vossener-West,90.8,4,1,split
BU09832404,Vossener-Zuid,BU09832404,Vossener-Zuid,92.8,6,1,split
BU09832501,Klingerberg-Zuid,BU09832501,Klingerberg-Zuid,94.6,7,1,split
BU09832502,Klingerberg-Noord,BU09832502,Klingerberg-Noord,93.8,6,1,split
BU09832601,Kern Hout-Blerick,BU09832601,Kern Hout-Blerick,97.7,5,1,split
BU09832602,Verspreide huizen Hout-Blerick,BU09832602,Verspreide huizen Hout-Blerick,95.3,5,1,split
BU09832603,Meuleveld,BU09832603,Meuleveld,98.4,6,1,split
BU09832701,Kern Boekend,BU09832701,Kern Boekend,96.5,5,1,split
BU09832702,Verspreide huizen Boekend,BU09832702,Verspreide huizen Boekend,97.1,8,1,split
BU09832801,Horsterweg,BU09832801,Horsterweg,98.0,6,1,split
BU09832802,Kazerneterrein,BU09832802,Kazerneterrein,98.2,9,1,split
BU09832803,Ubroek,BU09832803,Ubroek,98.3,8,1,split
BU09832804,Groot Boller,BU09832804,Groot Boller,98.7,7,1,split
BU09832805,Havengebied,BU09832805,Havengebied,98.2,5,1,split
BU09832806,Ecopark,BU09832806,Ecopark,96.8,4,1,split
BU09832807,Heierhoeve,BU09832807,Heierhoeve,99.1,3,1,unchanged
BU09832808,Fresh Park,BU09832808,Fresh Park,99.2,6,1,unchanged
BU09832809,Trade-Port-Oost,BU09832809,Trade-Port-Oost,95.3,5,1,split
BU09832810,Trade-Port-Noord,BU09832810,Trade-Port-Noord,98.9,2,1,split
BU09832811,Floriade Park,BU09832811,Floriade Park,98.6,3,1,split
BU09832812,Zaarderheiken,BU09832812,Zaarderheiken,75.4,4,1,split
BU09833101,Bosserhof,BU09833101,Bosserhof,96.3,6,1,split
BU09833102,Tegelen-Centrum,BU09833102,Tegelen-Centrum,97.1,9,1,split
BU09833103,Krekelsberg,BU09833103,Krekelsberg,93.5,4,1,split
BU09833104,Maasveld I,BU09833104,Maasveld I,92.0,5,1,split
BU09833105,Maasveld II,BU09833105,Maasveld II,96.9,4,1,split
BU09833201,Lage Heide,BU09833201,Lage Heide,96.6,7,1,split
BU09833202,Bedrijventerrein Windhond,BU09833202,Bedr.terr. Windhond,99.2,3,1,unchanged
BU09833203,Kaldenkerkerweg-West,BU09833203,Kaldenkerkerweg-West,96.6,5,1,split
BU09833204,Op de Heide,BU09833204,Op de Heide,95.4,4,1,split
BU09833205,Kaldenkerkerweg-Oost,BU09833205,Kaldenkerkerweg-Oost,93.7,6,1,split
BU09833206,Ulingsheid,BU09833206,Ulingshei,99.4,4,1,unchanged
BU09833207,Snelle Sprong,BU09833207,Snelle Sprong,97.2,6,1,split
BU09833501,Kloosterdorp,BU09833501,Kloosterdorp,99.3,5,1,unchanged
BU09833502,Nieuw-Steyl,BU09833502,Nieuw-Steyl,98.2,7,1,split
BU09834101,Velden-West,BU09834101,Velden-West,96.1,3,1,split
BU09834102,Velden-Oost,BU09834102,Velden-Oost,98.7,4,1,split
BU09834103,Hasselderheide,BU09834103,Hasselderheide,79.7,5,1,split
BU09834104,Schandelo,BU09834104,Schandelo,89.9,4,1,split
BU09834105,Hasselt en Het Vorst,BU09834105,Hasselt en Het Vorst,97.3,8,1,split
BU09834106,De Krosselt,BU09834106,De Krosselt,93.3,5,1,split
BU09834107,Verspreide huizen Velden,BU09834107,Verspreide huizen Velden,92.5,8,1,split
BU09834301,Kern Lomm,BU09834301,Kern Lomm,97.5,3,1,split
BU09834302,Spikweinen,BU09834302,Spikweien,96.9,3,1,split
BU09834303,Verspreide huizen Lomm,BU09834303,Verspreide huizen Lomm,95.4,7,1,split
BU09834401,Kern Arcen,BU09834401,Kern Arcen,95.1,3,1,split
BU09834402,Lingsfort,BU09834402,Lingsfort,93.5,3,1,split
BU09834403,Brandemolen en Veld,BU09834403,Brandemolen en Veld,96.2,3,1,split
BU09834404,Verspreide huizen arcen,BU09834404,Verspreide huizen Arcen,75.2,5,1,split
BU09835101,Kern Belfeld,BU09835101,Kern Belfeld,98.7,7,1,split
BU09835102,Gebied patersweg,BU09835102,Gebied Patersweg,98.8,4,1,split
BU09835103,Bolenberg,BU09835103,Bolenberg,90.1,2,1,split
BU09835104,Aan de Stuw,BU09835104,Aan de Stuw,89.6,7,1,split
BU09835105,Witveld,BU09835105,Witveld,95.6,4,1,split
BU09835106,Geloérveld / Pannenberg,BU09835106,Geloérveld / Pannenberg,99.2,2,1,unchanged
BU09835107,Geloö,BU09835107,Geloö,98.5,4,1,split
BU09835108,Maalbeek,BU09835108,Maalbeek,98.4,6,1,split
BU09841011,Venray-Centrum,BU09841101,Centrum,94.9,4,1,split
BU09841012,Venray-Oost,BU09841202,Oranjebuurt,42.5,9,1,split
BU09841013,Venray-West,BU09841301,Noordwest,37.6,8,1,split
BU09841014,Vlakwater,BU09841401,Vlakwater,92.3,3,1,split
BU09841015,Veltum,BU09841502,Veltum 2,49.8,4,1,split
BU09841016,Brukske,BU09841601,Brukske 1,46.9,5,1,split
BU09841017,Landweert,BU09841704,Keizersveld,26.7,5,1,split
BU09841018,Smakterheide,BU09841801,Smakterheide,96.8,5,1,split
BU09841019,Brabander,BU09841901,Brabander,96.7,3,1,split
BU09841020,Sint Antoniusveld,BU09842001,St. Antoniusveld,100.0,1,1,recoded
BU09842001,Heide,BU09840101,Heide,99.4,3,1,recoded
BU09842002,Ysselsteyn,BU09840201,Ysselsteyn,100.0,2,1,recoded
BU09842003,Merselo,BU09840301,Merselo,97.8,6,1,split
BU09842004,Vredepeel,BU09840401,Vredepeel,100.0,1,1,recoded
BU09842005,Smakt,BU09840501,Smakt,98.2,3,1,split
BU09842006,Oostrum,BU09840601,Oostrum,100.0,4,1,recoded
BU09842007,Oirlo,BU09840701,Oirlo,98.5,2,1,split
BU09842008,Castenray,BU09840801,Castenray,100.0,1,1,recoded
BU09842009,Veulen,BU09840901,Veulen,100.0,1,1,recoded
BU09842010,Leunen,BU09841001,Leunen,99.9,3,1,recoded
BU09842021,Wanssum,BU09842101,Wanssum,99.9,4,1,recoded
BU09842022,Geysteren,BU09842201,Geijsteren,100.0,2,1,recoded
BU09842023,Blitterswijck,BU09842301,Blitterswijck,100.0,1,1,recoded
BU09860101,Voerendaal,BU09860101,Voerendaal,100.0,1,1,unchanged
BU09860102,Fromberg,BU09860102,Fromberg,100.0,1,1,unchanged
BU09860201,Kunrade,BU09860201,Kunrade,100.0,1,1,unchanged
BU09860202,Kunderberg,BU09860202,Kunderberg,100.0,1,1,unchanged
BU09860203,Winthagen,BU09860203,Winthagen,100.0,1,1,unchanged
BU09860301,Ubachsberg,BU09860301,Ubachsberg,100.0,1,1,unchanged
BU09860302,Colmont,BU09860302,Colmont,100.0,1,1,unchanged
BU09860303,Mingersborg,BU09860303,Mingersborg,100.0,1,1,unchanged
BU09860401,Klimmen,BU09860401,Klimmen,100.0,1,1,unchanged
BU09860402,Craubeek,BU09860402,Craubeek,100.0,1,1,unchanged
BU09860403,Hellebeuk,BU09860403,Hellebeuk,100.0,1,1,unchanged
BU09860404,Retersbeek,BU09860404,Retersbeek,100.0,1,1,unchanged
BU09860405,Termaar,BU09860405,Termaar,100.0,1,1,unchanged
BU09860406,Weustenrade,BU09860406,Weustenrade,100.0,1,1,unchanged
BU09860501,Ransdaal,BU09860501,Ransdaal,100.0,1,1,unchanged
BU09860900,Verspreide huizen Voerendaal,BU09860900,Verspreide huizen Voerendaal,100.0,1,1,unchanged
BU09880101,Boshoven-Vrakker,BU09880101,Boshoven-Vrakker,100.0,1,1,unchanged
BU09880102,Oud-Boshoven,BU09880102,Oud-Boshoven,100.0,1,1,unchanged
BU09880103,Centrum-Noord,BU09880103,Centrum-Noord,100.0,1,1,unchanged
BU09880104,Boshoven buitengebied,BU09880104,Boshoven buitengebied,100.0,1,1,unchanged
BU09880105,Industrieterrein Boshoverheide,BU09880105,Industrieterrein Boshoverheide,100.0,1,1,unchanged
BU09880201,Laar,BU09880201,Laar,100.0,1,1,unchanged
BU09880202,Hushoven,BU09880202,Hushoven,100.0,1,1,unchanged
BU09880203,Laar buitengebied,BU09880203,Laar buitengebied,100.0,1,1,unchanged
BU09880204,Hulshoven buitengebied,BU09880204,Hulshoven buitengebied,100.0,1,1,unchanged
BU09880205,Laarveld,BU09880205,Laarveld,100.0,1,1,unchanged
BU09880301,Molenakker,BU09880301,Molenakker,100.0,1,1,unchanged
BU09880302,Kampershoek,BU09880302,Kampershoek,100.0,1,1,unchanged
BU09880303,Kampershoek-Noord,BU09880303,Kampershoek-Noord,100.0,1,1,unchanged
BU09881101,Weert-Centrum,BU09881101,Weert-Centrum,100.0,1,1,unchanged
BU09881102,Maaspoort,BU09881102,Maaspoort,100.0,1,1,unchanged
BU09881201,Biest,BU09881201,Biest,100.0,1,1,unchanged
BU09881301,Groenewoud-Noord,BU09881301,Groenewoud-Noord,100.0,1,1,unchanged
BU09881302,Groenewoud-Zuid,BU09881302,Groenewoud-Zuid,100.0,1,1,unchanged
BU09881401,Fatima,BU09881401,Fatima,100.0,1,1,unchanged
BU09881402,Industrieterrein Fatima,BU09881402,Industrieterrein Fatima,100.0,1,1,unchanged
BU09882101,Keent,BU09882101,Keent,100.0,1,1,unchanged
BU09882102,Keent buitengebied,BU09882102,Keent buitengebied,100.0,1,1,unchanged
BU09882201,Moesel,BU09882201,Moesel,100.0,2,1,unchanged
BU09882202,Moesel buitengebied,BU09882202,Moesel buitengebied,100.0,1,1,unchanged
BU09882301,Graswinkel,BU09882301,Graswinkel,100.0,1,1,unchanged
BU09882401,Leuken,BU09882401,Leuken,100.0,1,1,unchanged
BU09882402,Industrieterrein Leuken,BU09882402,Industrieterrein Leuken,100.0,1,1,unchanged
BU09882403,Leuken buitengebied,BU09882403,Leuken buitengebied,100.0,1,1,unchanged
BU09882501,Kazernelaan,BU09882501,Kazernelaan,100.0,1,1,unchanged
BU09882502,Industrieterrein Boshoverbeek-Lozerweg,BU09882502,Industrieterrein Boshoverbeek-Lozerweg,100.0,1,1,unchanged
BU09883101,Altweerterheide,BU09883101,Altweerterheide,100.0,1,1,unchanged
BU09883102,Altweerterheide buitengebied,BU09883102,Altweerterheide buitengebied,100.0,2,1,unchanged
BU09883201,Tungelroy,BU09883201,Tungelroy,100.0,1,1,unchanged
BU09883202,Tungelroy buitengebied,BU09883202,Tungelroy buitengebied,100.0,1,1,unchanged
BU09883301,Swartbroek,BU09883301,Swartbroek,100.0,1,1,unchanged
BU09883302,Swartbroek buitengebied,BU09883302,Swartbroek buitengebied,100.0,1,1,unchanged
BU09883401,Stramproy,BU09883401,Stramproy,100.0,1,1,unchanged
BU09883402,Stramproy buitengebied,BU09883402,Stramproy buitengebied,100.0,1,1,unchanged
BU09940000,Valkenburg,BU09940000,Valkenburg,62.4,11,1,split
BU09940001,Broekhem-Plenkert,BU09940007,Plenkert,49.6,7,1,split
BU09940002,Stoepert,BU09940002,Broekhem Noord,75.2,4,1,split
BU09940003,Emmaberg,BU09940003,Emmaberg,72.6,5,1,split
BU09940004,De Heek (gedeeltelijk),BU09940004,De Heek,96.1,5,1,split
BU09940100,Sint Gerlach,BU09940100,Sint Gerlach,87.1,5,1,split
BU09940101,Vroenhof,BU09940101,Vroenhof,91.9,4,1,split
BU09940102,Strabeek,BU09940102,Strabeek,56.5,6,1,split
BU09940109,Verspreide huizen,BU09940103,Houthemerveld,60.9,6,1,split
BU09940200,Schin op Geul-Strucht,BU09940200,Schin op Geul,47.6,8,1,split
BU09940201,Schoonbron,BU09940201,Schoonbron,98.0,3,1,split
BU09940202,Oud-Valkenburg,BU09940202,Oud-Valkenburg,95.9,4,1,split
BU09940203,Walem,BU09940500,Walem,98.1,4,1,split
BU09940209,Verspreide huizen,BU09940204,Gerendal,44.6,11,1,split
BU09940300,Sibbe,BU09940300,Sibbe,56.4,8,1,split
BU09940301,IJzeren en Heerstraat,BU09940301,IJzeren,69.6,3,1,split
BU09940400,Berg,BU09940400,Berg,27.2,10,1,split
BU09940401,Terblijt,BU09940401,Terblijt,75.9,4,1,split
BU09940402,Vilt,BU09940402,Vilt,81.5,3,1,split
BU09951111,"Zuiderzeelaan, Waddenlaan",BU09950111,"Zuiderzeelaan, Waddenlaan",100.0,1,1,recoded
BU09951112,Ijssellaan,BU09950112,IJssellaan,100.0,1,1,recoded
BU09951113,Langezand,BU09950113,Langezand,100.0,1,1,recoded
BU09951114,Jagersveld,BU09950119,Jagersveld,100.0,1,1,recoded
BU09951115,Groene Velden,BU09950115,Groene Velden,100.0,1,1,recoded
BU09951117,Overijsselse Hout,BU09950117,Overijsselse Hout,100.0,1,1,recoded
BU09951118,Bedrijventerrein Gildenhof,BU09950118,Bedrijventerrein Gildenhof,100.0,1,1,recoded
BU09951221,Atol,BU09950221,Atol,100.0,1,1,recoded
BU09951222,"Damrif, Kustrif, Gors, Zandbank",BU09950222,"Damrif, Kustrif, Gors, Zandbank",100.0,1,1,recoded
BU09951223,"Bongerd, Buitenplaats",BU09950223,"Bongerd, Buitenplaats",100.0,1,1,recoded
BU09951225,"Hofstede, Plantage, Wijngaard",BU09950225,"Hofstede, Plantage, Wijngaard",100.0,1,1,recoded
BU09951226,Oostrandpark,BU09950226,Oostrandpark,100.0,1,1,recoded
BU09951331,"Beginweg, Bronsweg, Jupiterweg",BU09951031,"Beginweg, Bronsweg, Jupiterweg",100.0,1,1,recoded
BU09951337,"Sportveld Beginweg, Overijsselsehout",BU09951037,"Sportveld Beginweg, Overijsselse Hout",100.0,1,1,recoded
BU09951661,Bastion,BU09950161,Bastion,100.0,1,1,recoded
BU09951662,"Stadspark, Badweg, Langevelderslag",BU09950162,"Stadspark, Badweg, Langevelderslag",100.0,1,1,recoded
BU09951666,"Lelycentre, Maerlant",BU09950166,"Lelycentre, Maerlant",100.0,1,1,recoded
BU09951772,Sportpark Langezand,BU09950172,Sportpark Langezand,100.0,1,1,recoded
BU09951773,"Overijsselse Hout, Hoefslag, Hondsdraf",BU09951073,"Overijsselse Hout, Hoefslag, Hondsdraf",100.0,1,1,recoded
BU09951774,"Stilte bos, Camping de Houtrib",BU09950174,"Stiltebos, Camping de Houtrib",100.0,1,1,recoded
BU09951775,"Overijsselse Hout, Jagersbos",BU09951075,"Overijsselse Hout, Jagersbos",100.0,1,1,recoded
BU09951777,Gelderse Hout,BU09951070,Gelderse Hout,53.9,3,1,split
BU09951881,Industrieterrein Oostervaart West,BU09951085,Industrieterrein Oostervaart West,100.0,1,1,recoded
BU09951882,Industrieterrein Oostervaart Midden,BU09951084,Industrieterrein Oostervaart Midden,100.0,1,1,recoded
BU09951883,Industrieterrein Oostervaart Oost,BU09951083,Industrieterrein Oostervaart Oost,100.0,1,1,recoded
BU09952111,Karveel Oost,BU09950611,Karveel Oost,100.0,1,1,recoded
BU09952112,Karveel West,BU09950612,Karveel West,100.0,1,1,recoded
BU09952113,Boeier,BU09950613,Boeier,100.0,1,1,recoded
BU09952114,Noordzoom Oost,BU09950614,Noordzoom Oost,100.0,1,1,recoded
BU09952115,"Golfpark, Lommerrijk",BU09950615,"Golfpark, Lommerrijk",100.0,1,1,recoded
BU09952221,Kempenaar Oost,BU09950521,Kempenaar Oost,100.0,1,1,recoded
BU09952222,Kempenaar West,BU09950522,Kempenaar West,100.0,1,1,recoded
BU09952223,Kogge,BU09950523,Kogge,100.0,1,1,recoded
BU09952224,Hanzepark,BU09950524,Hanzepark,100.0,1,1,recoded
BU09952225,Schouw,BU09950525,Schouw,100.0,1,1,recoded
BU09952226,Gondel,BU09950526,Gondel,100.0,1,1,recoded
BU09952227,Sportpark Schouw,BU09950527,Sportpark Schouw,100.0,1,1,recoded
BU09952228,Bedrijventerrein Kempenaar,BU09950528,Bedrijventerrein Kempenaar,100.0,1,1,recoded
BU09952331,"Saerdam, Vliegent Hert, Fortuijn",BU09950631,"Saerdam, Vliegend Hert, Fortuijn",99.1,3,1,recoded
BU09952332,Punter,BU09950632,Punter,100.0,1,1,recoded
BU09952333,Jol,BU09950633,Jol,100.0,1,1,recoded
BU09952334,Galjoen,BU09950634,Galjoen,100.0,1,1,recoded
BU09952335,"Park, Jol, Galjoen",BU09950635,"Park, Jol, Gajoen",100.0,1,1,recoded
BU09952336,"Oostvaardersdijk, Meerdijkhaven",BU09950836,"Oostvaardersdijk, Meerdijkhaven",100.0,1,1,recoded
BU09952337,Galjoen zuid,BU09950637,Galjoen Zuid,100.0,1,1,recoded
BU09952338,Bedrijventerrein Jol,BU09950638,Bedrijventerrein Jol,100.0,1,1,recoded
BU09952441,Botter Oost,BU09950741,Botter Oost,100.0,1,1,recoded
BU09952442,Botter West,BU09950742,Botter West,100.0,1,1,recoded
BU09952443,Tjalk,BU09950743,Tjalk,100.0,1,1,recoded
BU09952444,Schoener,BU09950744,Schoener,100.0,1,1,recoded
BU09952447,Park Schoener,BU09950747,Park Schoener,100.0,1,1,recoded
BU09952448,Bedrijventerrein Tjalk,BU09950748,Bedrijventerrein Tjalk,100.0,1,1,recoded
BU09952551,Houtribhoogte Zuid,BU09950651,Houtribhoogte Zuid,99.8,3,3,recoded
BU09952552,Houtribhoogte Noord,BU09950652,Houtribhoogte Noord,99.3,4,1,recoded
BU09952553,"Houtribsluizen, Oostvaardersdiep",BU09950651,Houtribhoogte Zuid,90.2,3,3,merged
BU09952771,Volkstuinen Bosweg,BU09950671,Volkstuinen Bosweg,100.0,1,1,recoded
BU09952772,Golfresort,BU09950672,Golfresort,100.0,2,2,recoded
BU09952773,Zuigerplaspark,BU09951076,Zuigerplaspark,100.0,1,1,recoded
BU09952774,"Strand Houtribhoek, Ijsselmeer",BU09950672,Golfresort,98.0,3,2,merged
BU09952775,"Overstag, Houtribbos",BU09951074,"Strand Houtribhoek, Houtribbos",99.9,2,2,recoded
BU09952778,"Houtribbos, Ijsselmeer",BU09951074,"Strand Houtribhoek, Houtribbos",100.0,2,2,recoded
BU09953111,Landstrekenwijk Oost,BU09950711,Landstrekenwijk Oost,100.0,1,1,recoded
BU09953112,Landstrekenwijk Midden,BU09950712,Landstrekenwijk Midden,100.0,1,1,recoded
BU09953113,Landstrekenwijk West,BU09950713,Landstrekenwijk West,100.0,1,1,recoded
BU09953222,Hollandse Hout (Villapark),BU09950822,Hollandse Hout (Villapark),100.0,1,1,recoded
BU09953551,Lelystad-Haven West,BU09950851,Lelystad-Haven West,100.0,1,1,recoded
BU09953552,Lelystad-Haven Oost,BU09950852,Lelystad-Haven Oost,100.0,1,1,recoded
BU09953553,Lelystad-Haven Werkeiland,BU09950853,Lelystad-Haven Werkeiland,100.0,2,1,recoded
BU09953771,'t Bovenwater,BU09950871,'t Bovenwater,100.0,1,1,recoded
BU09953772,Uilenweg,BU09950872,Uilenweg,100.0,1,1,recoded
BU09953881,Industrieterrein Noordersluis Oost,BU09950881,Industrieterrein Noordersluis Oost,100.0,1,1,recoded
BU09953882,Industrieterrein Noordersluis West,BU09950882,Industrieterrein Noordersluis West,100.0,1,1,recoded
BU09954110,Wijkcentrum,BU09950310,Wijkcentrum,100.0,1,1,recoded
BU09954111,Kamp,BU09950311,Kamp,100.0,1,1,recoded
BU09954112,Horst,BU09950312,Horst,100.0,1,1,recoded
BU09954113,Griend,BU09950313,Griend,100.0,1,1,recoded
BU09954114,Zoom,BU09950314,Zoom,100.0,1,1,recoded
BU09954115,Wold,BU09950315,Wold,100.0,1,1,recoded
BU09954116,"Archipel, Beukenhof, Rozengaard",BU09950316,"Archipel, Beukenhof, Rozengaard",100.0,1,1,recoded
BU09954117,"Woldpark, Houttuinen, Gelderse Hout",BU09950317,"Woldpark, Houttuinen, Gelderse Hout",100.0,1,1,recoded
BU09954220,"Wijkcentrum, Voorstraat",BU09950420,"Wijkcentrum, Voorstraat",100.0,1,1,recoded
BU09954221,"Getijdenbuurt, Sportpark Doggersbank",BU09950421,"Getijdenbuurt, Sportpark Doggersbank",100.0,1,1,recoded
BU09954222,Zeeenbuurt,BU09950422,Zeeenbuurt,100.0,1,1,recoded
BU09954223,Zeestromen en Slotenbuurt,BU09950423,Zeestromen en Slotenbuurt,100.0,1,1,recoded
BU09954224,Merenbuurt,BU09950424,Merenbuurt,100.0,1,1,recoded
BU09954225,Rivierenbuurt,BU09950425,Rivierenbuurt,88.7,2,1,split
BU09954228,Bedrijventerrein Ketelmeerstraat,BU09950428,Bedrijventerrein Ketelmeerstraat,100.0,1,1,recoded
BU09954331,Landerijen Noord/West,BU09950431,Landerijen Noord/West,100.0,1,1,recoded
BU09954332,Landerijen Zuid/West,BU09950432,Landerijen Zuid/West,100.0,1,1,recoded
BU09954333,Landerijen Noord/Oost,BU09950433,Landerijen Noord/Oost,100.0,1,1,recoded
BU09954334,Landerijen Zuid/Oost,BU09950434,Landerijen Zuid/Oost,100.0,1,1,recoded
BU09954771,Flevobos,BU09951071,Flevobos,100.0,1,1,recoded
BU09954778,Larserplein,BU09951078,Larserplein,100.0,1,1,recoded
BU09955111,Flora West,BU09951111,Flora West,100.0,1,1,recoded
BU09955112,Flora Midden,BU09951112,Flora Midden,100.0,1,1,recoded
BU09955113,Flora Oost PIL,BU09951113,Flora Oost PIL,100.0,1,1,recoded
BU09955221,Woonhavenpad,BU09951121,Woonhavenpad,100.0,1,1,recoded
BU09955222,Warande West,BU09951122,Warande West,100.0,1,1,recoded
BU09955331,Biomassa,BU09951131,Biomassa,100.0,1,1,recoded
BU09955332,"Fauna, Bosvalkweg, Zuiderpoort",BU09951132,"Fauna, Bosvalkweg, Zuiderpoort",100.0,1,1,recoded
BU09955333,Warande Oost,BU09951133,Warande Oost,100.0,1,1,recoded
BU09955334,Warande Oost/Midden,BU09951134,Warande Oost/Midden,100.0,1,1,recoded
BU09955449,Warande Zuid,BU09951149,Warande Zuid,100.0,1,1,recoded
BU09955661,Warande Midden,BU09951161,Warande Midden,100.0,1,1,recoded
BU09955779,Hollandse Hout,BU09951097,Hollandse Hout,100.0,1,1,recoded
BU09955881,Flevopoort II,BU09951081,Flevopoort II,98.5,2,1,split
BU09955882,Flevopoort I,BU09951082,Flevopoort I,100.0,1,1,recoded
BU09956111,"Kofschip, SGL",BU09950110,"Kofschip, SGL",100.0,1,1,recoded
BU09956112,Kofschip Noord,BU09950114,Kofschip Noord,100.0,1,1,recoded
BU09956221,De Veste,BU09950220,De Veste,100.0,1,1,recoded
BU09956224,De Schans,BU09950224,De Schans,100.0,1,1,recoded
BU09956225,De Meent,BU09950228,De Meent,100.0,1,1,recoded
BU09956331,Grietenij,BU09950731,Grietenij,100.0,1,1,recoded
BU09956332,"De Doelen, De Marken",BU09950732,"De Doelen, De Marken",100.0,1,1,recoded
BU09956333,"De Meierij, Kerspel",BU09950733,"De Meierij, Kerspel",100.0,1,1,recoded
BU09956334,Middendreef Bedrijventerrein,BU09950734,Bedrijventerrein Middendreef,100.0,1,1,recoded
BU09956661,Waagpassage,BU09950961,Waagpassage,100.0,1,1,recoded
BU09956662,Neringpassage,BU09950962,Neringpassage,100.0,1,1,recoded
BU09956663,Stationsplein,BU09950963,Stationsplein,100.0,1,1,recoded
BU09956664,Stadhuisstraat,BU09950964,Stadhuisstraat,100.0,1,1,recoded
BU09956665,Lindenlaan,BU09950965,Lindenlaan,100.0,1,1,recoded
BU09956666,"Het Ravelijn, Ziekenhuisweg",BU09950766,"Het Ravelijn, Ziekenhuisweg",100.0,1,1,recoded
BU09957117,Visvijverbos,BU09951017,Visvijverbos,100.0,1,1,recoded
BU09957118,"Karperweg, Ijsselmeerdijk",BU09951018,"Karperweg, IJsselmeerdijk",88.7,2,1,split
BU09957119,"Visvijver-,Bijl-,Klokbeker-,Plavuizen-wg",BU09951019,"Visvijver-, Bijl-, Klokbeker-, Plavuizenweg",100.0,1,1,recoded
BU09957229,"Edelhertwg, Runderwg, Wisentwg, Elandwg",BU09951029,"Edelhert-, Runder-, Wisent-, Elandweg",100.0,1,1,recoded
BU09957339,"Lisdoddewg,Dronterwg,Zeeasterwg - pad",BU09951039,"Lisdodde-, Dronter-, Zeeasterweg, -pad",100.0,1,1,recoded
BU09957441,Natuurpark Lelystad,BU09951041,Natuurpark Lelystad,100.0,1,1,recoded
BU09957447,"Larserbos, Rietweg",BU09951047,"Larserbos, Rietweg",100.0,1,1,recoded
BU09957449,Vlotgrasweg,BU09951049,Vlotgrasweg,100.0,1,1,recoded
BU09957558,Airport Lelystad,BU09951058,Airport Lelystad,100.0,1,1,recoded
BU09957559,"Meerkoetenweg, Eendenweg, Larserpad",BU09951059,"Meerkoetenweg, Eendenweg, Larserpad",76.4,3,1,split
BU09957669,"Vogelweg, Meeuwenweg, Pijlstaartweg",BU09951069,"Vogelweg, Meeuwenweg, Pijlstaartweg",100.0,1,1,recoded
BU09957777,Knarbos,BU09951067,Knarbos,100.0,1,1,recoded
BU09957779,"Pijlstaartweg, Vleetweg, Larserweg",BU09951068,"Pijlstaartweg, Vleetweg, Larserweg",100.0,1,1,recoded
BU09957881,Bedrijvenpark Larserpoort,BU09951088,Bedrijvenpark Larserpoort,100.0,1,1,recoded
BU09957887,Larservaartbos,BU09951087,Larservaartbos,100.0,1,1,recoded
BU09957999,Oostvaardersplassen,BU09951098,Oostvaardersplassen,100.0,2,1,recoded
BU09959000,Markerwaarddijk,BU09950651,Houtribhoogte Zuid,99.3,2,3,recoded
BU09959997,,BU09959997,Groot binnenwater,99.5,7,1,unchanged
BU15070000,Griendtsveen,BU15070000,Griendtsveen,100.0,1,1,unchanged
BU15070009,Verspreide huizen Griendtsveen,BU15070009,Verspreide huizen Griendtsveen,100.0,1,1,unchanged
BU15070100,America,BU15070100,America,100.0,1,1,unchanged
BU15070101,Meerdal,BU15070101,Meerdal,100.0,1,1,unchanged
BU15070102,Loohorst,BU15070102,Loohorst,100.0,1,1,unchanged
BU15070109,Verspreide huizen America,BU15070109,Verspreide huizen America,100.0,1,1,unchanged
BU15070200,Meterik,BU15070200,Meterik,100.0,1,1,unchanged
BU15070209,Verspreide huizen Meterik,BU15070209,Verspreide huizen Meterik,100.0,1,1,unchanged
BU15070300,Hegelsom,BU15070300,Hegelsom,100.0,1,1,unchanged
BU15070309,Verspreide huizen Hegelsom,BU15070309,Verspreide huizen Hegelsom,100.0,1,1,unchanged
BU15070400,Horst-Centrum,BU15070400,Horst-Centrum,100.0,1,1,unchanged
BU15070401,Molenveld,BU15070401,Molenveld,100.0,1,1,unchanged
BU15070402,De Riet,BU15070402,De Riet,100.0,1,1,unchanged
BU15070403,Weisterbeek,BU15070403,Weisterbeek,100.0,1,1,unchanged
BU15070404,Nieuwstraat,BU15070404,Nieuwstraat,100.0,2,1,unchanged
BU15070405,Kapellerhof,BU15070405,Kappellerhof,100.0,1,1,unchanged
BU15070406,Berkelsbroek,BU15070406,Berkelsbroek,100.0,1,1,unchanged
BU15070407,Stuksbeemden,BU15070407,Stuksbeemden,100.0,1,1,unchanged
BU15070408,De Risselt,BU15070408,De Risselt,100.0,1,1,unchanged
BU15070409,De Afhang,BU15070409,De Afhang,100.0,1,1,unchanged
BU15070410,Hoogveld,BU15070410,Hoogveld,100.0,1,1,unchanged
BU15070419,Verspreide huizen Horst,BU15070419,Verspreide huizen Horst,100.0,1,1,unchanged
BU15070500,Melderslo,BU15070500,Melderslo,100.0,1,1,unchanged
BU15070509,Verspreide huizen Melderslo,BU15070509,Verspreide huizen Melderslo,100.0,1,1,unchanged
BU15070600,Broekhuizenvorst,BU15070600,Broekhuizenvorst,100.0,1,1,unchanged
BU15070609,Verspreide huizen Broekhuizenvorst,BU15070609,Verspreide huizen Broekhuizenvorst,100.0,1,1,unchanged
BU15070700,Lottum,BU15070700,Lottum,100.0,1,1,unchanged
BU15070709,Verspreide huizen Lottum,BU15070709,Verspreide huizen Lottum,100.0,1,1,unchanged
BU15070800,Grubbenvorst-Centrum,BU15070800,Grubbenvorst-Centrum,100.0,1,1,unchanged
BU15070801,De Comert,BU15070801,De Comert,100.0,1,1,unchanged
BU15070802,'t Reuvelt,BU15070802,Reuvelt,100.0,1,1,unchanged
BU15070803,Middelreuvelt,BU15070803,Middelreuvelt,100.0,1,1,unchanged
BU15070804,Tuinhaversveld,BU15070804,Tuinhaversveld,100.0,1,1,unchanged
BU15070809,Verspreide huizen Grubbenvorst,BU15070809,Verspreide huizen Grubbenvorst,100.0,1,1,unchanged
BU15070900,Broekhuizen,BU15070900,Broekhuizen,100.0,1,1,unchanged
BU15070909,Verspreide huizen Broekhuizen,BU15070909,Verspreide huizen Broekhuizen,100.0,1,1,unchanged
BU15071000,Sevenum,BU15071000,Sevenum,100.0,1,1,unchanged
BU15071001,De Schatberg,BU15071001,De Schatberg,100.0,1,1,unchanged
BU15071009,Verspreide huizen Sevenum,BU15071009,Verspreide huizen Sevenum,100.0,2,1,unchanged
BU15071100,Kronenberg,BU15071100,Kronenberg,100.0,2,1,unchanged
BU15071109,Verspreide huizen Kronenberg,BU15071109,Verspreide huizen Kronenberg,100.0,2,1,unchanged
BU15071200,Everstoord,BU15071200,Evertsoord,100.0,1,1,unchanged
BU15071209,Verspreide huizen Eversoord,BU15071209,Verspreide huizen Evertsoord,100.0,1,1,unchanged
BU15071300,Meerlo,BU15071300,Meerlo,100.0,1,1,unchanged
BU15071309,Verspreide huizen Meerlo,BU15071309,Verspreide huizen Meerlo,100.0,1,1,unchanged
BU15071400,Tienray,BU15071400,Tienray,100.0,1,1,unchanged
BU15071409,Verspreide huizen Tienray,BU15071409,Verspreide huizen Tienray,100.0,2,1,unchanged
BU15071500,Swolgen,BU15071500,Swolgen,100.0,1,1,unchanged
BU15071509,Verspreide huizen Swolgen,BU15071509,Verspreide huizen Swolgen,100.0,1,1,unchanged
BU15090000,Ulft-Centrum en Ulft-Oost,BU15090000,Ulft-Centrum en Ulft-Oost,100.0,1,1,unchanged
BU15090001,Ulft-West,BU15090001,Ulft-West,100.0,1,1,unchanged
BU15090002,Ulft-Noord,BU15090002,Ulft-Noord,100.0,1,1,unchanged
BU15090003,Etten,BU15090003,Etten,100.0,1,1,unchanged
BU15090004,Varsselder en Veldhunten,BU15090004,Varsselder en Veldhunten,100.0,1,1,unchanged
BU15090007,Verspreide huizen Varsselder,BU15090007,Verspreide huizen Varsselder,100.0,1,1,unchanged
BU15090008,Verspreide huizen Etten,BU15090008,Verspreide huizen Etten,100.0,1,1,unchanged
BU15090009,Verspreide huizen Ulft,BU15090009,Verspreide huizen Ulft,100.0,1,1,unchanged
BU15090100,Gendringen,BU15090100,Gendringen,100.0,1,1,unchanged
BU15090101,Megchelen,BU15090101,Megchelen,100.0,1,1,unchanged
BU15090102,Netterden,BU15090102,Netterden,100.0,1,1,unchanged
BU15090103,Milt en Wieken,BU15090103,Milt en Wieken,100.0,1,1,unchanged
BU15090104,Breedenbroek,BU15090104,Breedenbroek,100.0,1,1,unchanged
BU15090105,Verspreide huizen Megchelen,BU15090105,Verspreide huizen Megchelen,100.0,1,1,unchanged
BU15090106,Verspreide huizen Gendringen,BU15090106,Verspreide huizen Gendringen,100.0,1,1,unchanged
BU15090107,Verspreide huizen Netterden,BU15090107,Verspreide huizen Netterden,100.0,1,1,unchanged
BU15090108,Verspreide huizen Voorst,BU15090108,Verspreide huizen Voorst,100.0,1,1,unchanged
BU15090109,Verspreide huizen Breedenbroek,BU15090109,Verspreide huizen Breedenbroek,100.0,1,1,unchanged
BU15090200,Terborg,BU15090200,Terborg,100.0,1,1,unchanged
BU15090201,Terborg-Oost,BU15090201,Terborg-Oost,100.0,1,1,unchanged
BU15090202,Silvolde,BU15090202,Silvolde,100.0,1,1,unchanged
BU15090203,Nieuwdorp Bontebrug,BU15090203,Nieuwdorp Bontebrug,100.0,1,1,unchanged
BU15090207,Verspreide huizen Terborg en Heuven,BU15090207,Verspreide huizen Terborg en Heuven,100.0,1,1,unchanged
BU15090208,Verspreide huizen Silvolde,BU15090208,Verspreide huizen Silvolde,100.0,1,1,unchanged
BU15090300,Varsseveld,BU15090300,Varsseveld,100.0,1,1,unchanged
BU15090301,Westendorp,BU15090301,Westendorp,100.0,1,1,unchanged
BU15090302,Sinderen,BU15090302,Sinderen,100.0,1,1,unchanged
BU15090303,Heelweg,BU15090303,Heelweg,100.0,1,1,unchanged
BU15090306,Verspreide huizen Westendorp,BU15090306,Verspreide huizen Westendorp,100.0,1,1,unchanged
BU15090307,Verspreide huizen Heelweg,BU15090307,Verspreide huizen Heelweg,100.0,1,1,unchanged
BU15090308,Verspreide huizen Varsseveld,BU15090308,Verspreide huizen Varsseveld,100.0,1,1,unchanged
BU15090309,Verspreide huizen Sinderen,BU15090309,Verspreide huizen Sinderen,100.0,1,1,unchanged
BU15250000,Sassenheim,BU15251406,Centrum,10.6,29,1,split
BU15250009,Verspreide huizen Sassenheim,BU15251502,Sassenheim buitengebied Oost,47.7,14,1,split
BU15250100,Voorhout,BU15250405,Voorhout buitengebied,50.8,7,4,merged
BU15250101,Toegangsweg,BU15250405,Voorhout buitengebied,86.7,8,4,merged
BU15250102,'s-Gravendamseweg,BU15250401,Berg en Dal,52.5,2,1,split
BU15250103,Hoogh Teylingen,BU15250205,Schouten,32.6,10,1,split
BU15250107,Oosthout,BU15250405,Voorhout buitengebied,51.1,8,4,merged
BU15250109,Verspreide huizen Voorhout,BU15250405,Voorhout buitengebied,95.4,14,4,merged
BU15250200,Warmond,BU15252202,Warmond buitengebied-Oosteinde,27.7,5,3,merged
BU15250201,Oosteinde,BU15252202,Warmond buitengebied-Oosteinde,99.6,6,3,recoded
BU15250209,Verspreide huizen Warmond,BU15252202,Warmond buitengebied-Oosteinde,94.0,7,3,merged
BU15810000,Doorn-Centrum,BU15810000,Doorn-Centrum,100.0,1,1,unchanged
BU15810001,Oudeweg,BU15810001,Doorn - Boswijk,100.0,1,1,unchanged
BU15810002,Doorn-West,BU15810002,Doorn-Noordwest,100.0,1,1,unchanged
BU15810003,Doorn-Zuid,BU15810003,Doorn-Zuid,100.0,1,1,unchanged
BU15810004,De Wijngaard,BU15810004,Doorn-Zuidoost,100.0,1,1,unchanged
BU15810007,Verspreide huizen op de Heuvelrug-Oost,BU15810007,Doorn - Kaapse Bossen,100.0,1,1,unchanged
BU15810008,Verspreide huizen op de Heuvelrug-West,BU15810008,Doorn - Hydepark-Moleneind,100.0,1,1,unchanged
BU15810009,Verspreide huizen in het Lage Land,BU15810009,Doorn - Moersbergen-Tuilland,100.0,1,1,unchanged
BU15810101,Landelijk Gebied noordzijde,BU15810101,Driebergen - Heidestein-Bornia-Noordhout,100.0,3,1,unchanged
BU15810102,Landelijk Gebied zuidzijde,BU15810102,Driebergerbroek-Sterkenburg,100.0,1,1,unchanged
BU15810103,Driebergen-Noord,BU15810103,Driebergen-Noord,100.0,1,1,unchanged
BU15810104,Drift-Sportlaan en Bornia,BU15810104,Driebergen - Stationsgebied,83.6,3,1,split
BU15810105,Loolaankwartier en Beukenstein,BU15810105,Driebergen-Noordwest,100.0,1,1,unchanged
BU15810106,Kom Driebergen en Seminarie,BU15810106,Driebergen-Centrum,100.0,1,1,unchanged
BU15810107,Hoenderdaal en Emmalaan,BU15810107,Driebergen-West,100.0,1,1,unchanged
BU15810108,Wildbaan-Dennenburg,BU15810108,Driebergen-Zuidwest,100.0,1,1,unchanged
BU15810109,Welgelegen-Rosarium,BU15810109,Driebergen-Oost en Zuid,100.0,1,1,unchanged
BU15810110,De Horst en De Akker,BU15810110,Driebergen - De Horst-De Akker,100.0,1,1,unchanged
BU15810200,Leersum,BU15810200,Leersum-Dorp,100.0,1,1,unchanged
BU15810201,Breedeveen,BU15810201,Leersum - Maarsbergseweg,100.0,1,1,unchanged
BU15810207,Verspreide huizen in het Lage Gebied Darthuizen,BU15810207,Leersum - Darthuizen-Zuylestein,100.0,1,1,unchanged
BU15810208,Verspreide huizen op de Heuvelrug,BU15810208,Leersumse Veld-De Kop,78.6,2,1,split
BU15810209,Verspreide huizen in de Geldersche Vallei Overberg,BU15810209,Leersum - Ginkel,100.0,1,1,unchanged
BU15810300,Amerongen,BU15810300,Amerongen-Dorp,100.0,1,1,unchanged
BU15810302,Verspreide huizen Overberg en De Haar,BU15810302,Overberg,100.0,1,1,unchanged
BU15810308,Verspreide huizen Heuvelrug,BU15810308,Amerongse Berg,100.0,1,1,unchanged
BU15810309,Verspreide huizen Lekdijk,BU15810309,Ameronger Bovenpolder-uiterwaarden,98.6,2,1,split
BU15810400,Maarn waaronder Klein Amsterdam,BU15810400,Maarn-Dorp,100.0,1,1,unchanged
BU15810402,Maarsbergen,BU15810402,Maarsbergen-Dorp,100.0,1,1,unchanged
BU15810403,Valkenheide,BU15810403,Maarsbergen-Valkenheide,100.0,1,1,unchanged
BU15810408,Verspreide huizen op de Heuvelrug,BU15810408,Maarn - Maarsbergen - Bosgebied,100.0,1,1,unchanged
BU15810409,Verspreide huizen in de Geldersche Vallei,BU15810409,Maarsbergen - De Meent,100.0,1,1,unchanged
BU15860101,'t Zand,BU15860101,'t Zand,100.0,1,1,unchanged
BU15860102,Schatberg,BU15860102,Schatberg,100.0,1,1,unchanged
BU15860103,Den Esch,BU15860103,Den Esch,100.0,1,1,unchanged
BU15860104,Hooiland,BU15860104,Hooiland,100.0,1,1,unchanged
BU15860105,Centrum,BU15860105,Centrum,100.0,1,1,unchanged
BU15860106,Veld Oost,BU15860106,Veld Oost,100.0,1,1,unchanged
BU15860107,Veld West,BU15860107,Veld West,100.0,1,1,unchanged
BU15860108,Broek,BU15860108,Broek,100.0,1,1,unchanged
BU15860109,Broekdijk,BU15860109,Broekdijk,100.0,1,1,unchanged
BU15860110,Zuid-West,BU15860110,Zuid-West,100.0,1,1,unchanged
BU15860111,Flierbeek,BU15860111,Flierbeek,100.0,1,1,unchanged
BU15860112,Lindebrook,BU15860112,Lindebrook,100.0,1,1,unchanged
BU15860113,Nieuwe Kamp,BU15860113,Nieuwe Kamp,100.0,1,1,unchanged
BU15860114,Oude Kamp,BU15860114,Oude Kamp,100.0,1,1,unchanged
BU15860115,De Kamp Zuid,BU15860115,De Kamp Zuid,100.0,1,1,unchanged
BU15860116,Buitengebied Lichtenvoorde,BU15860116,Buitengebied Lichtenvoorde,100.0,1,1,unchanged
BU15860201,Bebouwde kom Harreveld,BU15860201,Bebouwde kom Harreveld,100.0,2,1,unchanged
BU15860202,Buitengebied Harreveld,BU15860202,Buitengebied Harreveld,100.0,2,1,unchanged
BU15860301,Bebouwde kom Zieuwent,BU15860301,Bebouwde kom Zieuwent,100.0,2,1,unchanged
BU15860302,Buitengebied Zieuwent,BU15860302,Buitengebied Zieuwent,100.0,4,1,unchanged
BU15860401,Bebouwde kom Lievelde,BU15860401,Bebouwde kom Lievelde,100.0,1,1,unchanged
BU15860402,Buitengebied Lievelde,BU15860402,Buitengebied Lievelde,100.0,2,1,unchanged
BU15860501,Bebouwde kom Vragender,BU15860501,Bebouwde kom Vragender,100.0,1,1,unchanged
BU15860502,Buitengebied Vragender,BU15860502,Buitengebied Vragender,100.0,1,1,unchanged
BU15860601,Binnenstad Groenlo,BU15860601,Binnenstad Groenlo,100.0,1,1,unchanged
BU15860602,Het Blik,BU15860602,Het Blik,100.0,1,1,unchanged
BU15860603,Noord-West,BU15860603,Noord-West,100.0,1,1,unchanged
BU15860604,Banninghof,BU15860604,Banninghof,100.0,1,1,unchanged
BU15860605,Papendijk,BU15860605,Papendijk,100.0,1,1,unchanged
BU15860606,hartreize,BU15860606,hartreize,100.0,1,1,unchanged
BU15860607,Groenlo-Zuid,BU15860607,Groenlo-Zuid,100.0,1,1,unchanged
BU15860608,Marveld,BU15860608,Marveld,100.0,2,1,unchanged
BU15860609,Bedrijventerrein Brandemat,BU15860609,Bedrijventerrein Brandemat,100.0,1,1,unchanged
BU15860610,Oosteres,BU15860610,Oosteres,100.0,1,1,unchanged
BU15860611,Noordrand,BU15860611,Noordrand,100.0,1,1,unchanged
BU15860612,IndustrieterreinDen Sliem,BU15860612,IndustrieterreinDen Sliem,100.0,1,1,unchanged
BU15860613,Industrieterrein Laarberg,BU15860613,Industrieterrein Laarberg,100.0,2,1,unchanged
BU15860614,Zwolle,BU15860614,Zwolle,100.0,1,1,unchanged
BU15860615,Buitengebied Groenlo,BU15860615,Buitengebied Groenlo,100.0,2,1,unchanged
BU15860701,Bebowde kom Marienvelde,BU15860701,Bebowde kom Marienvelde,100.0,1,1,unchanged
BU15860702,Buitengebied Marienvelde,BU15860702,Buitengebied Marienvelde,100.0,2,1,unchanged
BU15980001,De Goorn,BU15980701,De Goorn Verspreide huizen,30.5,19,1,split
BU15980002,Berkhout,BU15980507,Berkhout Verspreide huizen Zuid,53.6,13,1,split
BU15980003,Bobeldijk,BU15980501,Bobeldijk en omgeving,99.9,2,1,recoded
BU15980100,Spierdijk,BU15980302,Spierdijk Verspreide huizen,44.3,9,1,split
BU15980200,Zuidermeer en omgeving,BU15980401,Zuidermeer Verspreide huizen West,51.5,5,1,split
BU15980300,Ursem-Centrum,BU15980604,Drechterlandsedijk en omgeving,21.5,9,1,split
BU15980301,Rustenburg,BU15980602,Ursem Verspreide huizen Noord,93.9,5,2,merged
BU15980308,Noorddijk en omgeving,BU15980602,Ursem Verspreide huizen Noord,57.7,11,2,merged
BU15980309,Mijzer polder,BU15980610,Mijzerdijk,68.9,3,1,split
BU15980400,Avenhorn,BU15980801,Avenhorn Verspreide huizen West,31.4,12,1,split
BU15980401,Scharwoude,BU15980901,Scharwoude Verspreide huizen,92.1,3,1,split
BU15980402,Grosthuizen,BU15980808,Grosthuizen,93.4,6,1,split
BU15980500,Oudendijk,BU15981001,Oudendijk Verspreide huizen,98.1,3,1,split
BU15980600,Obdam,BU15980113,Obdam Verspreide huizen Oost,47.1,16,1,split
BU15980608,Verspreide huizen langs Obdammerdijk,BU15980102,Obdam Verspreide huizen West,99.8,5,1,recoded
BU15980609,Verspreide huizen in Berkmeer polder,BU15980101,Berkmeerdijk,99.5,2,1,recoded
BU15980700,Hensbroek,BU15980201,Hensbroek Verspreide huizen,90.2,6,1,split
BU15980701,Wogmeer,BU15980203,Wogmeer West,99.8,6,1,recoded
BU15989997,,BU15989997,Groot binnenwater,100.0,2,1,unchanged
BU16211111,Dorp Bergschenhoek,BU16211111,Dorp Bergschenhoek,100.0,1,1,unchanged
BU16211121,De Driehoek,BU16211121,De Driehoek,100.0,2,1,unchanged
BU16211211,Bergsche Ackers,BU16211211,Bergsche Ackers,100.0,1,1,unchanged
BU16211221,Oosteindsche Ackers,BU16211221,Oosteindsche Ackers,100.0,1,1,unchanged
BU16211231,Ackerse Zoom,BU16211231,Ackerse Zoom,100.0,1,1,unchanged
BU16211311,Beemdenbuurt,BU16211311,Beemdenbuurt,100.0,1,1,unchanged
BU16211321,Eilandenbuurt,BU16211321,Eilandenbuurt,100.0,1,1,unchanged
BU16211331,Boterdorpse Zoom,BU16211331,Boterdorpse Zoom,100.0,1,1,unchanged
BU16211411,Wilderszijde,BU16211411,Wilderszijde,100.0,1,1,unchanged
BU16211514,Bergse Nos,BU16211514,Bergse Nos,100.0,1,1,unchanged
BU16211522,Schreyracker,BU16211522,Schreyracker,100.0,2,1,unchanged
BU16211531,Hoeksekade,BU16211531,Hoeksekade,100.0,1,1,unchanged
BU16211543,Weg en Land,BU16211543,Weg en Land,100.0,1,1,unchanged
BU16211552,Warmoeziersweg,BU16211552,Warmoeziersweg,100.0,1,1,unchanged
BU16212111,Berkel Dorp,BU16212111,Berkel Dorp,100.0,1,1,unchanged
BU16212121,Parkbuurt,BU16212121,Parkbuurt,100.0,1,1,unchanged
BU16212131,Oranjebuurt,BU16212131,Oranjebuurt,100.0,1,1,unchanged
BU16212144,Annie M.G. Schmidtpark Midden,BU16212144,Annie M.G. Schmidtpark Midden,100.0,1,1,unchanged
BU16212211,Bomen- en Struikenbuurt,BU16212211,Bomen- en Struikenbuurt,100.0,1,1,unchanged
BU16212221,Sterrenbuurt,BU16212221,Sterrenbuurt,100.0,1,1,unchanged
BU16212231,Edelsteenbuurt,BU16212231,Edelsteenbuurt,100.0,1,1,unchanged
BU16212241,Componistenbuurt,BU16212241,Componistenbuurt,100.0,1,1,unchanged
BU16212254,Annie M.G. Schmidtpark Noord,BU16212254,Annie M.G. Schmidtpark Noord,100.0,1,1,unchanged
BU16212311,Merenbuurt,BU16212311,Merenbuurt,100.0,1,1,unchanged
BU16212321,Rivierenbuurt,BU16212321,Rivierenbuurt,100.0,1,1,unchanged
BU16212331,Havenbuurt,BU16212331,Havenbuurt,100.0,2,1,unchanged
BU16212412,Noordeinde,BU16212412,Noordeinde,100.0,1,1,unchanged
BU16212511,Bloemenbuurt,BU16212511,Bloemenbuurt,100.0,1,1,unchanged
BU16212521,Parc Rodenrijs,BU16212521,Parc Rodenrijs,100.0,1,1,unchanged
BU16212531,Vogelbuurt,BU16212531,Vogelbuurt,100.0,1,1,unchanged
BU16212541,Weidebloembuurt,BU16212541,Weidebloembuurt,100.0,1,1,unchanged
BU16212611,Rodenrijse Zoom,BU16212611,Rodenrijse Zoom,100.0,1,1,unchanged
BU16212621,Bonfut,BU16212621,Bonfut,100.0,1,1,unchanged
BU16212633,Berkelse Poort,BU16212633,Berkelse Poort,100.0,1,1,unchanged
BU16212644,Annie M.G. Schmidtpark Zuid,BU16212644,Annie M.G. Schmidtpark Zuid,100.0,1,1,unchanged
BU16212711,Bolwerk,BU16212711,Bolwerk,100.0,1,1,unchanged
BU16212721,Gouden Griffelbuurt,BU16212721,Gouden Griffelbuurt,100.0,1,1,unchanged
BU16212731,Gouden Uilbuurt,BU16212731,Gouden Uilbuurt,100.0,1,1,unchanged
BU16212741,Buurt 2741,BU16212741,Gouden Hart,100.0,1,1,unchanged
BU16212814,Vlinderstrik,BU16212814,Vlinderstrik,100.0,2,1,unchanged
BU16212823,Spoorhaven,BU16212823,Spoorhaven,100.0,1,1,unchanged
BU16212833,Bedrijventerrein Rodenrijs,BU16212833,Bedrijventerrein Rodenrijs,100.0,1,1,unchanged
BU16212843,Oudeland,BU16212843,Oudeland,100.0,1,1,unchanged
BU16212851,Buurt 2851,BU16212851,Toneelbuurt,100.0,1,1,unchanged
BU16212864,Bergboezem,BU16212864,Bergboezem,100.0,1,1,unchanged
BU16213111,Schildersbuurt,BU16213111,Schildersbuurt,100.0,2,1,unchanged
BU16213121,Zeeheldenbuurt,BU16213121,Zeeheldenbuurt,100.0,1,1,unchanged
BU16213133,De Hoefslag,BU16213133,De Hoefslag,100.0,2,1,unchanged
BU16213141,Oranjebuurt,BU16213141,Oranjebuurt,100.0,3,1,unchanged
BU16213162,Zeldenrust,BU16213162,Zeldenrust,100.0,1,1,unchanged
BU16213211,Molenbuurt,BU16213211,Molenbuurt,100.0,1,1,unchanged
BU16213221,Sterrenbuurt,BU16213221,Sterrenbuurt,100.0,2,1,unchanged
BU16213231,Bomenbuurt,BU16213231,Bomenbuurt,100.0,1,1,unchanged
BU16213242,Merenveld,BU16213242,Merenveld,100.0,1,1,unchanged
BU16213251,Vogelbuurt,BU16213251,Vogelbuurt,100.0,1,1,unchanged
BU16213261,De Tuinen,BU16213261,De Tuinen,100.0,1,1,unchanged
BU16213312,Overbuurtse Polder,BU16213312,Overbuurtse Polder,100.0,1,1,unchanged
BU16213323,Klappolder,BU16213323,Klappolder,100.0,1,1,unchanged
BU16213334,Rotte Zoom,BU16213334,Rotte Zoom,100.0,1,1,unchanged
BU16213344,Kruisweg,BU16213344,Kruisweg,100.0,1,1,unchanged
BU16213353,Prisma,BU16213353,Prisma,100.0,1,1,unchanged
BU16400000,Kern Heythuysen,BU16400000,Kern Heythuysen,100.0,1,1,unchanged
BU16400001,Verspreide huizen Heythuysen,BU16400001,Verspreide huizen Heythuysen,100.0,2,1,unchanged
BU16400100,Kern Heibloem,BU16400100,Kern Heibloem,100.0,1,1,unchanged
BU16400101,Verspreide huizen Heibloem,BU16400101,Verspreide huizen Heibloem,100.0,1,1,unchanged
BU16400200,Kern Roggel,BU16400200,Kern Roggel,100.0,1,1,unchanged
BU16400201,Verspreide huizen Roggel,BU16400201,Verspreide huizen Roggel,100.0,1,1,unchanged
BU16400300,Kern Neer,BU16400300,Kern Neer,100.0,2,1,unchanged
BU16400301,Verspreide huizen Neer,BU16400301,Verspreide huizen Neer,100.0,2,1,unchanged
BU16400400,Kern Nunhem,BU16400400,Kern Nunhem,100.0,1,1,unchanged
BU16400401,Verspreide huizen Nunhem,BU16400401,Verspreide huizen Nunhem,100.0,1,1,unchanged
BU16400500,Kern Haelen,BU16400500,Kern Haelen,100.0,1,1,unchanged
BU16400501,Verspreide huizen Haelen,BU16400501,Verspreide huizen Haelen,100.0,2,1,unchanged
BU16400600,Kern Buggenum,BU16400600,Kern Buggenum,100.0,1,1,unchanged
BU16400601,Verspreide huizen Buggenum,BU16400601,Verspreide huizen Buggenum,100.0,1,1,unchanged
BU16400700,Kern Horn,BU16400700,Kern Horn,100.0,1,1,unchanged
BU16400701,Verspreide huizen Horn,BU16400701,Verspreide huizen Horn,100.0,2,1,unchanged
BU16400800,Kern Baexem,BU16400800,Kern Baexem,100.0,1,1,unchanged
BU16400801,Verspreide huizen Baexem,BU16400801,Verspreide huizen Baexem,100.0,1,1,unchanged
BU16400900,Kern Kelpen-Oler,BU16400900,Kern Kelpen-Oler,100.0,1,1,unchanged
BU16400901,Verspreide huizen Kelpen-Oler,BU16400901,Verspreide huizen Kelpen-Oler,100.0,3,1,unchanged
BU16401000,Kern Grathem,BU16401000,Kern Grathem,100.0,1,1,unchanged
BU16401001,Verspreide huizen Grathem,BU16401001,Verspreide huizen Grathem,100.0,2,1,unchanged
BU16401100,Kern Ell,BU16401100,Kern Ell,100.0,1,1,unchanged
BU16401101,Verspreide huizen Ell,BU16401101,Verspreide huizen Ell,100.0,2,1,unchanged
BU16401200,Kern Haler,BU16401200,Kern Haler,100.0,1,1,unchanged
BU16401201,Verspreide huizen Haler,BU16401201,Verspreide huizen Haler,100.0,1,1,unchanged
BU16401300,Kern Hunsel,BU16401300,Kern Hunsel,100.0,1,1,unchanged
BU16401301,Verspreide huizen Hunsel,BU16401301,Verspreide huizen Hunsel,100.0,1,1,unchanged
BU16401400,Kern Neeritter,BU16401400,Kern Neeritter,100.0,1,1,unchanged
BU16401401,Verspreide huizen Neeritter,BU16401401,Verspreide huizen Neeritter,100.0,1,1,unchanged
BU16401500,Kern Ittervoort,BU16401500,Kern Ittervoort,100.0,1,1,unchanged
BU16401501,Verspreide huizen Ittervoort,BU16401501,Verspreide huizen Ittervoort,100.0,1,1,unchanged
BU16410000,Maasbracht,BU16410000,Maasbracht,100.0,1,1,unchanged
BU16410001,Brachterbeek,BU16410001,Brachterbeek,100.0,1,1,unchanged
BU16410009,Verspreide huizen Het Vonderen,BU16410009,Verspreide huizen Het Vonderen,100.0,1,1,unchanged
BU16410100,Linne,BU16410100,Linne,100.0,1,1,unchanged
BU16410109,Verspreide huizen Linnerveld en Weerd,BU16410109,Verspreide huizen Linnerveld en Weerd,100.0,1,1,unchanged
BU16410200,Stevensweert waaronder Bilt,BU16410200,Stevensweert waaronder Bilt,100.0,1,1,unchanged
BU16410201,Eiland-Brandt,BU16410201,Eiland-Brandt,100.0,1,1,unchanged
BU16410300,Laak,BU16410300,Laak,100.0,1,1,unchanged
BU16410301,Ohé,BU16410301,Ohé,100.0,1,1,unchanged
BU16410400,Thorn,BU16410400,Thorn,100.0,1,1,unchanged
BU16410409,Verspreide huizen Thorn,BU16410409,Verspreide huizen Thorn,100.0,1,1,unchanged
BU16410500,Heel,BU16410500,Heel,100.0,1,1,unchanged
BU16410501,Panheel,BU16410501,Panheel,100.0,1,1,unchanged
BU16410509,Verspreide huizen Heel,BU16410509,Verspreide huizen Heel,100.0,1,1,unchanged
BU16410600,Beegden,BU16410600,Beegden,100.0,1,1,unchanged
BU16410700,Wessem,BU16410700,Wessem,100.0,1,1,unchanged
BU16510001,Uithuizen,BU19661205,Uithuizen Noord,32.4,7,2,merged
BU16510002,'t Lage van de Weg,BU19661205,Uithuizen Noord,97.1,3,2,merged
BU16510008,Verspreide huizen in de nieuwe polders,BU19661201,Buitengebied Uithuizen,98.8,5,2,merged
BU16510009,Overige verspreide huizen,BU19661201,Buitengebied Uithuizen,81.3,9,2,merged
BU16510100,Uithuizermeeden,BU19661301,Buitengebied Uithuizermeeden,39.7,3,8,merged
BU16510101,Oosternieland,BU19661301,Buitengebied Uithuizermeeden,100.0,1,8,recoded (gemeente change)
BU16510102,Roodeschool,BU19661304,Roodeschool,73.2,2,1,split
BU16510103,Oosteinde,BU19661301,Buitengebied Uithuizermeeden,60.5,2,8,merged
BU16510104,Hooilandseweg,BU19661301,Buitengebied Uithuizermeeden,82.0,2,8,merged
BU16510105,Hefswal,BU19661301,Buitengebied Uithuizermeeden,67.2,2,8,merged
BU16510106,Oudeschip,BU19661301,Buitengebied Uithuizermeeden,70.6,3,8,merged
BU16510107,Oldenzijl,BU19661301,Buitengebied Uithuizermeeden,100.0,1,8,recoded (gemeente change)
BU16510108,Eemshavengebied,BU19661401,Eemshaven,96.9,4,1,split
BU16510109,Verspreide huizen Uithuizermeeden,BU19661301,Buitengebied Uithuizermeeden,88.8,9,8,merged
BU16510200,Kantens,BU19661002,Kantens,84.7,2,1,split
BU16510201,Zandeweer,BU19661003,Zandeweer,72.2,2,1,split
BU16510202,Rottum,BU19661001,Buitengebied Kantens,100.0,1,6,recoded (gemeente change)
BU16510203,Stitswerd,BU19661001,Buitengebied Kantens,100.0,1,6,recoded (gemeente change)
BU16510204,Doodstil,BU19661001,Buitengebied Kantens,63.4,2,6,merged
BU16510205,Eppenhuizen,BU19661001,Buitengebied Kantens,100.0,1,6,recoded (gemeente change)
BU16510206,Garsthuizen (gedeeltelijk),BU19661001,Buitengebied Kantens,100.0,1,6,recoded (gemeente change)
BU16510209,Verspreide huizen Kantens,BU19661001,Buitengebied Kantens,98.2,7,6,merged
BU16510300,Usquert,BU19661102,Usquert,63.1,2,1,split
BU16510308,Verspreide huizen in de nieuwe polders,BU19661101,Buitengebied Usquert,93.6,4,2,merged
BU16510309,Overige verspreide huizen,BU19661101,Buitengebied Usquert,95.0,6,2,merged
BU16510400,Warffum,BU19660902,Warffum,82.5,2,1,split
BU16510409,Verspreide huizen Warffum,BU19660901,Buitengebied Warffum,83.2,10,1,split
BU16519998,,BU19669998,Buitenwater,98.0,7,2,merged
BU16520000,Gemert-Centrum,BU16520000,Gemert-Centrum,100.0,1,1,unchanged
BU16520001,Gemert-Noord,BU16520101,Gemert-Noord,100.0,1,1,recoded
BU16520002,Gemert-Oost,BU16520202,Gemert-Oost,100.0,1,1,recoded
BU16520003,Industrieterrein Scheiweg,BU16520203,Industrieterrein Scheiweg,100.0,1,1,recoded
BU16520004,Doonheide,BU16520104,Doonheide,100.0,1,1,recoded
BU16520007,Verspreide huizen Kampen-Esdonk,BU16520107,Verspreide huizen Kampen-Esdonk,100.0,1,1,recoded
BU16520008,Verspreide huizen Broekkant,BU16520008,Verspreide huizen Broekkant,100.0,1,1,unchanged
BU16520009,Verspreide huizen Rooije Hoef,BU16520209,Verspreide huizen Rooije Hoef,100.0,1,1,recoded
BU16520100,Handel,BU16520300,Handel,100.0,1,1,recoded
BU16520108,Verspreide huizen Verreheide,BU16520308,Verspreide huizen Verreheide,100.0,1,1,recoded
BU16520109,Verspreide huizen Heereveld,BU16520309,Verspreide huizen Heereveld,100.0,1,1,recoded
BU16520200,De Mortel,BU16520400,De Mortel,100.0,1,1,recoded
BU16520208,Verspreide huizen Milschot-Tereyken,BU16520408,Verspreide huizen Milschot-Tereyken,100.0,1,1,recoded
BU16520209,Verspreide huizen Mortelse Peel,BU16520409,Verspreide huizen Mortelse Peel,100.0,1,1,recoded
BU16520300,Elsendorp,BU16520500,Elsendorp,100.0,1,1,recoded
BU16520309,Verspreide huizen Elsendorp,BU16520509,Verspreide huizen Elsendorp,100.0,1,1,recoded
BU16520400,Bakel,BU16520600,Bakel,100.0,1,1,recoded
BU16520408,Verspreide huizen Grotelse Heide en Esp,BU16520608,Verspreide huizen Grotelse Heide en Esp,100.0,1,1,recoded
BU16520409,Verspreide huizen ten zuidwesten van Bakel,BU16520609,Verspreide huizen ten zuidwesten van Bakel,100.0,1,1,recoded
BU16520500,Milheeze,BU16520700,Milheeze,100.0,1,1,recoded
BU16520508,Verspreide huizen Groote Peel,BU16520708,Verspreide huizen Groote Peel,100.0,1,1,recoded
BU16520509,Verspreide huizen Milheeze,BU16520709,Verspreide huizen Milheeze,100.0,1,1,recoded
BU16520600,De Rips,BU16520800,De Rips,100.0,1,1,recoded
BU16520609,Verspreide huizen Rips,BU16520809,Verspreide huizen Rips,100.0,1,1,recoded
BU16550101,Oud Gastel,BU16550101,Oud Gastel,100.0,1,1,unchanged
BU16550102,Stoof,BU16550102,Stoof,100.0,1,1,unchanged
BU16550109,Verspreide huizen Oud Gastel,BU16550109,Verspreide huizen Oud Gastel,100.0,1,1,unchanged
BU16550201,Stampersgat,BU16550201,Stampersgat,100.0,1,1,unchanged
BU16550209,Verspreide huizen Stampersgat,BU16550209,Verspreide huizen Stampersgat,100.0,1,1,unchanged
BU16550301,Oudenbosch-Centrum,BU16550301,Oudenbosch-Centrum,100.0,1,1,unchanged
BU16550302,Pagnevaart,BU16550302,Pagnevaart,100.0,1,1,unchanged
BU16550303,Velletri,BU16550303,Velletri,100.0,1,1,unchanged
BU16550304,Spui,BU16550304,Spui,100.0,1,1,unchanged
BU16550305,Albano,BU16550305,Albano,100.0,1,1,unchanged
BU16550307,Verspreide huizen Kuivezand en omgeving,BU16550307,Verspreide huizen Kuivezand en omgeving,100.0,1,1,unchanged
BU16550308,Verspreide huizen ten noorden van Oudenbosch,BU16550308,Verspreide huizen ten noorden van Oudenbosch,100.0,1,1,unchanged
BU16550309,Verspreide huizen ten zuiden van Oudenbosch,BU16550309,Verspreide huizen ten zuiden van Oudenbosch,100.0,1,1,unchanged
BU16550401,Hoeven,BU16550401,Hoeven,100.0,1,1,unchanged
BU16550402,Achter 't Hof,BU16550402,Achter 't Hof,100.0,1,1,unchanged
BU16550403,Kruisstraat,BU16550403,Kruisstraat,100.0,1,1,unchanged
BU16550408,Verspreide huizen ten zuiden van Hoeven,BU16550408,Verspreide huizen ten zuiden van Hoeven,100.0,1,1,unchanged
BU16550409,Verspreide huizen ten noorden van Hoeven,BU16550409,Verspreide huizen ten noorden van Hoeven,100.0,1,1,unchanged
BU16550501,Bosschenhoofd,BU16550501,Bosschenhoofd,100.0,1,1,unchanged
BU16550509,Verspreide huizen Bosschenhoofd,BU16550509,Verspreide huizen Bosschenhoofd,100.0,1,1,unchanged
BU16580000,Heeze,BU16580011,Weibossen,13.4,16,1,split
BU16580001,Bedrijventerrein De Poortmannen,BU16580001,De Poortmannen,98.7,3,1,split
BU16580009,Verspreide huizen Heeze,BU16580020,Buitengebied Heeze Oost,55.4,13,1,split
BU16580100,Leende,BU16580117,Oosterik,39.7,11,1,split
BU16580101,Villawijk Boschhoven,BU16580101,Villapark,62.0,4,1,split
BU16580108,Verspreide huizen Groote Heide,BU16580108,Groote Heide,96.9,5,1,split
BU16580109,Verspreide huizen Zevenhuizense Heide,BU16580119,Zevenhuizen,99.5,3,1,recoded
BU16580200,Leenderstrijp,BU16580200,Leenderstrijp,99.1,3,1,unchanged
BU16580209,Verspreide huizen Dijkse Heide,BU16580209,Paaldijk,97.0,2,1,split
BU16580300,Sterksel,BU16580310,Sterksel,81.9,5,1,split
BU16580308,Verspreide huizen ten zuiden van Sterksel,BU16580312,Chijnsgoed,99.7,3,1,recoded
BU16580309,Verspreide huizen ten oosten van Sterksel,BU16580313,Peelven,92.7,3,1,split
BU16590000,Beek,BU16590000,Beek,100.0,1,1,unchanged
BU16590001,Donk,BU16590001,Donk,100.0,1,1,unchanged
BU16590002,Bedrijventerrein Beekerheide,BU16590002,Bedrijventerrein Beekerheide,100.0,1,1,unchanged
BU16590003,Bedrijventerrein Bemmer,BU16590003,Bedrijventerrein Bemmer,100.0,1,1,unchanged
BU16590009,Verspreide huizen Beek en Donk,BU16590009,Verspreide huizen Beek en Donk,100.0,1,1,unchanged
BU16590100,Aarle-Rixtel,BU16590100,Aarle-Rixtel,100.0,1,1,unchanged
BU16590101,Bedrijventerrein Torenakker,BU16590101,Bedrijventerrein Torenakker,100.0,1,1,unchanged
BU16590102,Bedrijventerrein Duivenakker,BU16590102,Bedrijventerrein Duivenakker,100.0,1,1,unchanged
BU16590108,Verspreide huizen Laar en Strijp,BU16590108,Verspreide huizen Laar en Strijp,100.0,1,1,unchanged
BU16590109,Verspreide huizen Heikant,BU16590109,Verspreide huizen Heikant,100.0,1,1,unchanged
BU16590200,Lieshout,BU16590200,Lieshout,100.0,1,1,unchanged
BU16590201,Industrieterrein Bavaria,BU16590201,Industrieterrein Bavaria,100.0,1,1,unchanged
BU16590209,Verspreide huizen Lieshout,BU16590209,Verspreide huizen Lieshout,100.0,1,1,unchanged
BU16590300,Mariahout,BU16590300,Mariahout,100.0,1,1,unchanged
BU16590309,Verspreide huizen Mariahout,BU16590309,Verspreide huizen Mariahout,100.0,1,1,unchanged
BU16630000,Ulrum,BU19660103,Ulrum,80.3,2,1,split
BU16630001,Zoutkamp,BU19660104,Zoutkamp,55.7,3,1,split
BU16630002,Houwerzijl,BU19660101,Buitengebied Ulrum,63.6,2,3,merged
BU16630003,Vierhuizen,BU19660105,Vierhuizen,60.1,2,1,split
BU16630004,Niekerk,BU19660101,Buitengebied Ulrum,100.0,1,3,recoded (gemeente change)
BU16630005,Lauwersoog,BU19660102,Lauwersmeer,100.0,1,3,recoded (gemeente change)
BU16630006,Haven Lauwersoog,BU19660102,Lauwersmeer,99.9,2,3,recoded (gemeente change)
BU16630008,Landelijk gebied Lauwersmeer,BU19660102,Lauwersmeer,86.3,5,3,merged
BU16630009,Verspreide huizen Ulrum,BU19660101,Buitengebied Ulrum,96.5,8,3,merged
BU16630100,Wehe-Den Hoorn-West,BU19660203,Wehe - Den Hoorn,80.3,2,2,merged
BU16630101,Leens,BU19660202,Leens,76.0,2,1,split
BU16630102,Warfhuizen,BU19660205,Warfhuizen,57.1,2,1,split
BU16630103,Mensingeweer,BU19660201,Buitengebied Leens,61.7,2,4,merged
BU16630104,Schouwerzijl,BU19660201,Buitengebied Leens,51.7,2,4,merged
BU16630105,Wehe-Den Hoorn-Oost,BU19660203,Wehe - Den Hoorn,62.6,4,2,merged
BU16630106,Zuurdijk,BU19660201,Buitengebied Leens,84.4,2,4,merged
BU16630109,Verspreide huizen Leens,BU19660201,Buitengebied Leens,98.6,13,4,merged
BU16630200,Eenrum,BU19660403,Eenrum,74.7,2,1,split
BU16630201,Pieterburen,BU19660401,Buitengebied Oude Land,50.5,2,5,merged
BU16630202,Westernieland,BU19660401,Buitengebied Oude Land,53.9,3,5,merged
BU16630203,Kaakhorn,BU19660401,Buitengebied Oude Land,80.1,2,5,merged
BU16630208,Verspreide huizen Oude Land,BU19660401,Buitengebied Oude Land,95.6,6,5,merged
BU16630209,Verspreide huizen in het Noorden,BU19660401,Buitengebied Oude Land,94.2,6,5,merged
BU16630300,Kloosterburen,BU19660304,Kloosterburen,60.9,2,1,split
BU16630301,Hornhuizen,BU19660301,Buitengebied Kloosterburen,72.0,2,5,merged
BU16630302,Kruisweg,BU19660301,Buitengebied Kloosterburen,50.5,3,5,merged
BU16630303,Molenrij,BU19660301,Buitengebied Kloosterburen,53.1,2,5,merged
BU16630304,Kleine Huisjes,BU19660301,Buitengebied Kloosterburen,100.0,1,5,recoded (gemeente change)
BU16630309,Verspreide huizen Kloosterburen,BU19660301,Buitengebied Kloosterburen,95.1,10,5,merged
BU16639997,,BU19669997,Groot binnenwater,99.7,3,1,recoded (gemeente change)
BU16639998,,BU19669998,Buitenwater,99.8,4,2,recoded (gemeente change)
BU16670000,Reusel,BU16670000,Reusel,100.0,1,1,unchanged
BU16670001,Voorste Heikant en Weijereind,BU16670001,Voorste Heikant en Weijereind,100.0,1,1,unchanged
BU16670002,De Voort en Achterste Heikant,BU16670002,De Voort en Achterste Heikant,100.0,1,1,unchanged
BU16670008,Buitengebied ten noorden van Reusel,BU16670008,Buitengebied ten noorden van Reusel,100.0,1,1,unchanged
BU16670009,Buitengebied ten zuiden van Reusel,BU16670009,Buitengebied ten zuiden van Reusel,100.0,1,1,unchanged
BU16670100,Hooge Mierde,BU16670100,Hooge Mierde,100.0,1,1,unchanged
BU16670109,Verspreide huizen Hooge Mierde,BU16670109,Verspreide huizen Hooge Mierde,100.0,1,1,unchanged
BU16670200,Lage Mierde,BU16670200,Lage Mierde,100.0,1,1,unchanged
BU16670209,Verspreide huizen Lage Mierde,BU16670209,Verspreide huizen Lage Mierde,100.0,1,1,unchanged
BU16670300,Hulsel,BU16670300,Hulsel,100.0,2,1,unchanged
BU16670309,Verspreide huizen Hulsel,BU16670309,Verspreide huizen Hulsel,100.0,2,1,unchanged
BU16690101,Montfort,BU16690101,Montfort,96.5,2,1,split
BU16690109,Buitengebied Montfort,BU16690109,Buitengebied Montfort,98.0,3,1,split
BU16690201,Sint Odiliënberg,BU16690201,Sint Odiliënberg,98.7,2,1,split
BU16690202,Lerop,BU16690202,Lerop,90.4,2,1,split
BU16690203,Reutje,BU16690203,Reutje,99.6,2,1,unchanged
BU16690204,Paarlo,BU16690204,Paarlo,74.2,4,1,split
BU16690209,Buitengebied Sint Odiliënberg,BU16690209,Buitengebied Sint Odiliënberg,98.5,8,1,split
BU16690301,Melick,BU16690301,Melick,97.6,2,1,split
BU16690309,Buitengebied Melick,BU16690309,Buitengebied Melick,97.0,3,1,split
BU16690401,Posterholt,BU16690401,Posterholt,99.3,2,1,unchanged
BU16690402,Holst,BU16690402,Holst,74.7,2,1,split
BU16690403,Varst,BU16690403,Varst,92.5,2,1,split
BU16690404,Borg,BU16690404,Borg,98.9,2,1,split
BU16690409,Buitengebied Posterholt,BU16690409,Buitengebied Posterholt,97.8,8,1,split
BU16690501,Herkenbosch,BU16690501,Herkenbosch,95.4,2,1,split
BU16690502,Bedrijventerrein Stationsweg,BU16690502,Bedrijventerrein Stationsweg,99.7,2,1,unchanged
BU16690503,Reewoude,BU16690503,Reewoude,99.8,2,1,unchanged
BU16690509,Buitengebied Herkenbosch,BU16690509,Buitengebied Herkenbosch,98.4,6,1,split
BU16690601,Vlodrop,BU16690601,Vlodrop,99.8,2,1,unchanged
BU16690602,Etsberg,BU16690602,Etsberg,95.8,2,1,split
BU16690603,Rothenbach,BU16690603,Rothenbach,95.3,2,1,split
BU16690604,Vlodrop Station,BU16690604,Vlodrop Station,97.3,2,1,split
BU16690605,MERU,BU16690605,MERU,100.0,1,1,unchanged
BU16690609,Buitengebied Vlodrop,BU16690609,Buitengebied Vlodrop,98.5,9,1,split
BU16740000,Centrum-Oud,BU16740000,Centrum-Oud,100.0,1,1,unchanged
BU16740001,Centrum-Nieuw,BU16740001,Centrum-Nieuw,100.0,1,1,unchanged
BU16740002,Stationsbuurt,BU16740002,Stationsbuurt,100.0,1,1,unchanged
BU16740003,Vrouwenhof,BU16740003,Vrouwenhof,100.0,2,1,unchanged
BU16740100,Sint Josephbuurt,BU16740100,Sint Josephbuurt,100.0,1,1,unchanged
BU16740101,Fatima-villapark,BU16740101,Fatima-villapark,100.0,1,1,unchanged
BU16740102,Keijenburg,BU16740102,Keijenburg,100.0,1,1,unchanged
BU16740200,Parklaan-Hoogstraat,BU16740200,Parklaan-Hoogstraat,100.0,1,1,unchanged
BU16740201,Spoorstraat-Van Coothlaan,BU16740201,Spoorstraat-Van Coothlaan,100.0,1,1,unchanged
BU16740202,Kalsdonk,BU16740202,Kalsdonk,100.0,1,1,unchanged
BU16740209,Nieuwenberg,BU16740209,Nieuwenberg,100.0,1,1,unchanged
BU16740300,Heerma van Vossstraat-Molenbeek,BU16740300,Heerma van Vossstraat-Molenbeek,100.0,1,1,unchanged
BU16740301,Herreweg,BU16740301,Herreweg,100.0,1,1,unchanged
BU16740302,Ettingen,BU16740302,Ettingen,100.0,1,1,unchanged
BU16740303,Scherpdeel,BU16740303,Scherpdeel,100.0,1,1,unchanged
BU16740309,Vroenhout,BU16740309,Vroenhout,100.0,1,1,unchanged
BU16740400,Kroeven-Noordwest,BU16740400,Kroeven-Noordwest,100.0,1,1,unchanged
BU16740401,Kroeven-Noordoost,BU16740401,Kroeven-Noordoost,100.0,1,1,unchanged
BU16740402,Kroeven-Zuidwest,BU16740402,Kroeven-Zuidwest,100.0,1,1,unchanged
BU16740403,Kroeven-Zuidoost,BU16740403,Kroeven-Zuidoost,100.0,1,1,unchanged
BU16740404,Minnebeek-Watermolen,BU16740404,Minnebeek-Watermolen,100.0,1,1,unchanged
BU16740405,De Krogten,BU16740405,De Krogten,100.0,1,1,unchanged
BU16740409,Borteldonk,BU16740409,Borteldonk,100.0,1,1,unchanged
BU16740500,Bovendonk,BU16740500,Bovendonk,100.0,1,1,unchanged
BU16740501,Langdonk-West,BU16740501,Langdonk-West,100.0,1,1,unchanged
BU16740502,Langdonk-Oost,BU16740502,Langdonk-Oost,100.0,1,1,unchanged
BU16740509,Vierhoeven,BU16740509,Vierhoeven,100.0,1,1,unchanged
BU16740600,Kortendijk A,BU16740600,Kortendijk A,100.0,1,1,unchanged
BU16740601,Kortendijk C,BU16740601,Kortendijk C,100.0,1,1,unchanged
BU16740602,Kortendijk L,BU16740602,Kortendijk L,100.0,1,1,unchanged
BU16740603,Landerije,BU16740603,Landerije,100.0,1,1,unchanged
BU16740609,Bakkersberg-Langendijk,BU16740609,Bakkersberg-Langendijk,100.0,1,1,unchanged
BU16740700,Hulsdonk,BU16740700,Hulsdonk,100.0,1,1,unchanged
BU16740701,Tolberg-Oost,BU16740701,Tolberg-Oost,100.0,1,1,unchanged
BU16740702,Tolberg-Centrum,BU16740702,Tolberg-Centrum,100.0,1,1,unchanged
BU16740703,Tolberg-West,BU16740703,Tolberg-West,100.0,1,1,unchanged
BU16740705,Weihoek-Oost,BU16740705,Weihoek-Oost,100.0,1,1,unchanged
BU16740706,Weihoek-West,BU16740706,Weihoek-West,100.0,1,1,unchanged
BU16740709,Haiink,BU16740709,Haiink,100.0,1,1,unchanged
BU16740800,Borchwerf-Noord,BU16740800,Borchwerf-Noord,100.0,1,1,unchanged
BU16740801,Borchwerf-Zuid,BU16740801,Borchwerf-Zuid,75.2,2,1,split
BU16740802,Majoppeveld-Noord,BU16740802,Majoppeveld-Noord,100.0,1,1,unchanged
BU16740803,Majoppeveld-Zuid,BU16740803,Majoppeveld-Zuid,100.0,1,1,unchanged
BU16740804,Vijfhuizenberg,BU16740804,Vijfhuizenberg,100.0,1,1,unchanged
BU16741000,Nispen,BU16741000,Nispen,100.0,1,1,unchanged
BU16741009,Verspreide huizen Nispen,BU16741009,Verspreide huizen Nispen,100.0,1,1,unchanged
BU16741100,Wouw,BU16741100,Wouw,100.0,1,1,unchanged
BU16741108,Verspreide huizen Wouw in het Noorden,BU16741108,Verspreide huizen Wouw in het Noorden,100.0,1,1,unchanged
BU16741109,Verspreide huizen Wouw in het Zuiden,BU16741109,Verspreide huizen Wouw in het Zuiden,100.0,1,1,unchanged
BU16741200,Heerle,BU16741200,Heerle,100.0,1,1,unchanged
BU16741209,Verspreide huizen Heerle,BU16741209,Verspreide huizen Heerle,100.0,1,1,unchanged
BU16741300,Moerstraten,BU16741300,Moerstraten,100.0,1,1,unchanged
BU16741309,Verspreide huizen Moerstraten,BU16741309,Verspreide huizen Moerstraten,100.0,1,1,unchanged
BU16741400,Wouwse Plantage,BU16741400,Wouwse Plantage,100.0,1,1,unchanged
BU16741409,Verspreide huizen Wouwse Plantage,BU16741409,Verspreide huizen Wouwse Plantage,100.0,1,1,unchanged
BU16760000,Zierikzee binnen de vesten,BU16760000,Zierikzee binnen de vesten,97.6,2,1,split
BU16760001,Malta,BU16760001,Malta,97.4,2,1,split
BU16760002,Poortambacht,BU16760002,Poortambacht,98.5,2,1,split
BU16760003,Zuidhoek,BU16760003,Zuidhoek,94.6,3,1,split
BU16760004,Kaaskenswater,BU16760004,Kaaskenswater,100.0,1,1,unchanged
BU16760007,Verspreide huizen in het Noorden en Westen,BU16760007,Verspreide huizen in het Noorden en Westen,100.0,2,1,unchanged
BU16760008,Verspreide huizen in het Zuiden,BU16760008,Verspreide huizen in het Zuiden,100.0,2,1,unchanged
BU16760009,Verspreide huizen in het Oosten,BU16760009,Verspreide huizen in het Oosten,100.0,2,1,unchanged
BU16760100,Brouwershaven,BU16760100,Brouwershaven,99.9,2,1,unchanged
BU16760109,Verspreide huizen Brouwershaven,BU16760109,Verspreide huizen Brouwershaven,99.8,2,1,unchanged
BU16760200,Zonnemaire,BU16760200,Zonnemaire,100.0,1,1,unchanged
BU16760209,Verspreide huizen Zonnemaire,BU16760209,Verspreide huizen Zonnemaire,99.4,2,1,unchanged
BU16760300,Dreischor,BU16760300,Dreischor,100.0,1,1,unchanged
BU16760309,Verspreide huizen Dreischor,BU16760309,Verspreide huizen Dreischor,99.9,3,1,unchanged
BU16760400,Noordgouwe,BU16760400,Noordgouwe,100.0,1,1,unchanged
BU16760401,Schuddebeurs,BU16760401,Schuddebeurs,100.0,1,1,unchanged
BU16760409,Verspreide huizen Noordgouwe en Schuddebeurs,BU16760409,Verspreide huizen Noordgouwe en Schuddebeurs,100.0,1,1,unchanged
BU16760500,Bruinisse,BU16760500,Bruinisse,99.9,2,1,unchanged
BU16760501,Recreatiegebied,BU16760501,Recreatiegebied,99.6,3,1,unchanged
BU16760509,Verspreide huizen Bruinisse,BU16760509,Verspreide huizen Bruinisse,100.0,2,1,unchanged
BU16760600,Nieuwerkerk,BU16760600,Nieuwerkerk,100.0,1,1,unchanged
BU16760609,Verspreide huizen Nieuwerkerk,BU16760609,Verspreide huizen Nieuwerkerk,100.0,1,1,unchanged
BU16760700,Oosterland,BU16760700,Oosterland,100.0,1,1,unchanged
BU16760701,Sirjansland,BU16760701,Sirjansland,100.0,1,1,unchanged
BU16760708,Verspreide huizen Sirjansland,BU16760708,Verspreide huizen Sirjansland,99.9,2,1,unchanged
BU16760709,Verspreide huizen Oosterland,BU16760709,Verspreide huizen Oosterland,99.9,2,1,unchanged
BU16760800,Ouwerkerk,BU16760800,Ouwerkerk,100.0,1,1,unchanged
BU16760809,Verspreide huizen Ouwerkerk,BU16760809,Verspreide huizen Ouwerkerk,100.0,2,1,unchanged
BU16760900,Scharendijke,BU16760900,Scharendijke,99.9,2,1,unchanged
BU16760909,Verspreide huizen Scharendijke,BU16760909,Verspreide huizen Scharendijke,99.8,3,1,unchanged
BU16761000,Kerkwerve,BU16761000,Kerkwerve,100.0,1,1,unchanged
BU16761009,Verspreide huizen Kerkwerve,BU16761009,Verspreide huizen Kerkwerve,100.0,2,1,unchanged
BU16761100,Ellemeet,BU16761100,Ellemeet,100.0,1,1,unchanged
BU16761109,Verspreide huizen ten zuiden van Ellemeet,BU16761109,Verspreide huizen ten zuiden van Ellemeet,100.0,1,1,unchanged
BU16761200,Haamstede,BU16761200,Haamstede,100.0,1,1,unchanged
BU16761201,Burgh,BU16761201,Burgh,100.0,1,1,unchanged
BU16761202,Hogeweg,BU16761202,Hogeweg,100.0,1,1,unchanged
BU16761203,Westenschouwen,BU16761203,Westenschouwen,99.3,2,1,unchanged
BU16761204,Kloosterweg en omgeving,BU16761204,Kloosterweg en omgeving,100.0,1,1,unchanged
BU16761205,Nieuw-Haamstede,BU16761205,Nieuw-Haamstede,100.0,1,1,unchanged
BU16761208,Verspreide huizen in het Kleigebied,BU16761208,Verspreide huizen in het Kleigebied,99.9,2,1,unchanged
BU16761209,Verspreide huizen in het Zandgebied,BU16761209,Verspreide huizen in het Zandgebied,97.7,2,1,split
BU16761300,Renesse,BU16761300,Renesse,100.0,1,1,unchanged
BU16761301,Oude Moolweg en Laone,BU16761301,Oude Moolweg en Laone,98.9,2,1,split
BU16761302,Hoogenboomlaan,BU16761302,Hoogenboomlaan,100.0,1,1,unchanged
BU16761303,Lagezoom,BU16761303,Lagezoom,100.0,1,1,unchanged
BU16761309,Verspreide huizen ten westen van Renesse,BU16761309,Verspreide huizen ten westen van Renesse,89.8,3,1,split
BU16761400,Noordwelle,BU16761400,Noordwelle,100.0,1,1,unchanged
BU16761409,Verspreide huizen Noordwelle,BU16761409,Verspreide huizen Noordwelle,99.8,2,1,unchanged
BU16761500,Serooskerke,BU16761500,Serooskerke,100.0,1,1,unchanged
BU16761509,Verspreide huizen Serooskerke,BU16761509,Verspreide huizen Serooskerke,99.5,2,1,unchanged
BU16769997,,BU16769997,Groot binnenwater,99.8,10,1,unchanged
BU16769998,,BU16769998,Buitenwater,96.7,19,1,split
BU16800000,Annen,BU16800000,Annen,100.0,1,1,unchanged
BU16800009,Verspreide huizen Annen,BU16800009,Verspreide huizen Annen,100.0,1,1,unchanged
BU16800100,Eext,BU16800100,Eext,100.0,1,1,unchanged
BU16800109,Verspreide huizen Eext,BU16800109,Verspreide huizen Eext,100.0,1,1,unchanged
BU16800200,Anloo,BU16800200,Anloo,100.0,1,1,unchanged
BU16800209,Verspreide huizen Anloo,BU16800209,Verspreide huizen Anloo,100.0,1,1,unchanged
BU16800300,Gasteren,BU16800300,Gasteren,100.0,1,1,unchanged
BU16800309,Verspreide huizen Gasteren,BU16800309,Verspreide huizen Gasteren,100.0,1,1,unchanged
BU16800400,Anderen,BU16800400,Anderen,100.0,1,1,unchanged
BU16800409,Verspreide huizen Anderen,BU16800409,Verspreide huizen Anderen,100.0,1,1,unchanged
BU16800500,Schipborg,BU16800500,Schipborg,100.0,1,1,unchanged
BU16800509,Verspreide huizen Schipborg,BU16800509,Verspreide huizen Schipborg,100.0,1,1,unchanged
BU16800600,Eexterveen,BU16800600,Eexterveen,100.0,1,1,unchanged
BU16800609,Verspreide huizen Eexterveen,BU16800609,Verspreide huizen Eexterveen,100.0,1,1,unchanged
BU16800700,Spijkerboor,BU16800700,Spijkerboor,100.0,1,1,unchanged
BU16800709,Verspreide huizen Spijkerboor,BU16800709,Verspreide huizen Spijkerboor,100.0,1,1,unchanged
BU16800800,Nieuw-Annerveen,BU16800800,Nieuw-Annerveen,100.0,1,1,unchanged
BU16800809,Verspreide huizen Nieuw-Annerveen,BU16800809,Verspreide huizen Nieuw-Annerveen,100.0,1,1,unchanged
BU16800900,Oud-Annerveen,BU16800900,Oud-Annerveen,100.0,1,1,unchanged
BU16800909,Verspreide huizen Oud-Annerveen,BU16800909,Verspreide huizen Oud-Annerveen,100.0,1,1,unchanged
BU16801100,Annerveenschekanaal,BU16801100,Annerveenschekanaal,100.0,1,1,unchanged
BU16801109,Verspreide huizen Annerveenschekanaal,BU16801109,Verspreide huizen Annerveenschekanaal,100.0,1,1,unchanged
BU16801200,Eexterveenschekanaal,BU16801200,Eexterveenschekanaal,100.0,1,1,unchanged
BU16801209,Verspreide huizen Eexterveenschekanaal,BU16801209,Verspreide huizen Eexterveenschekanaal,100.0,1,1,unchanged
BU16801300,Eexterzandvoort,BU16801300,Eexterzandvoort,100.0,1,1,unchanged
BU16801309,Verspreide huizen Eexterzandvoort,BU16801309,Verspreide huizen Eexterzandvoort,100.0,1,1,unchanged
BU16801400,Gasselte,BU16801400,Gasselte,100.0,1,1,unchanged
BU16801401,Kostvlies,BU16801401,Kostvlies,100.0,1,1,unchanged
BU16801409,Verspreide huizen Gasselte,BU16801409,Verspreide huizen Gasselte,100.0,1,1,unchanged
BU16801500,Gasselternijveen,BU16801500,Gasselternijveen,100.0,1,1,unchanged
BU16801501,Gasselterboerveen,BU16801501,Gasselterboerveen,100.0,1,1,unchanged
BU16801509,Verspreide huizen Gasselternijveen,BU16801509,Verspreide huizen Gasselternijveen,100.0,2,1,unchanged
BU16801600,Gasselternijveenschemond,BU16801600,Gasselternijveenschemond,100.0,1,1,unchanged
BU16801601,Gasselterboerveenschemond,BU16801601,Gasselterboerveenschemond,100.0,1,1,unchanged
BU16801609,Verspreide huizen Gasselternijveenschemond,BU16801609,Verspreide huizen Gasselternijveenschemond,100.0,1,1,unchanged
BU16801700,Gieten,BU16801700,Gieten,100.0,1,1,unchanged
BU16801709,Verspreide huizen Gieten,BU16801709,Verspreide huizen Gieten,100.0,1,1,unchanged
BU16801800,Gieterveen,BU16801800,Gieterveen,100.0,1,1,unchanged
BU16801801,Bonnerveen,BU16801801,Bonnerveen,100.0,1,1,unchanged
BU16801802,Nieuwediep,BU16801802,Nieuwediep,100.0,2,1,unchanged
BU16801809,Verspreide huizen Gieterveen,BU16801809,Verspreide huizen Gieterveen,100.0,1,1,unchanged
BU16801900,Rolde,BU16801900,Rolde,100.0,1,1,unchanged
BU16801901,Ballo,BU16801901,Ballo,100.0,1,1,unchanged
BU16801902,Nijlande,BU16801902,Nijlande,100.0,1,1,unchanged
BU16801903,Deurze,BU16801903,Deurze,100.0,1,1,unchanged
BU16801908,Verspreide huizen Nooitgedacht,BU16801908,Verspreide huizen Nooitgedacht,100.0,1,1,unchanged
BU16801909,Verspreide huizen Rolde,BU16801909,Verspreide huizen Rolde,100.0,1,1,unchanged
BU16802000,Grolloo,BU16802000,Grolloo,100.0,1,1,unchanged
BU16802001,Schoonloo,BU16802001,Schoonloo,100.0,1,1,unchanged
BU16802008,Verspreide huizen Papenvoort,BU16802008,Verspreide huizen Papenvoort,100.0,1,1,unchanged
BU16802009,Verspreide huizen Grolloo,BU16802009,Verspreide huizen Grolloo,100.0,1,1,unchanged
BU16802100,Ekehaar,BU16802100,Ekehaar,100.0,1,1,unchanged
BU16802101,Amen,BU16802101,Amen,100.0,1,1,unchanged
BU16802109,Verspreide huizen Ekehaar,BU16802109,Verspreide huizen Ekehaar,100.0,2,1,unchanged
BU16810000,Borger,BU16818209,Borger Buitengebied,34.0,9,2,merged
BU16810001,Westdorp,BU16810209,Westdorp,100.0,1,2,recoded
BU16810007,Verspreide huizen Ellertshaar,BU16819309,Ellertshaar,91.0,2,1,split
BU16810008,Verspreide huizen Westdorp,BU16810209,Westdorp,69.4,5,2,merged
BU16810009,Verspreide huizen Borger,BU16818209,Borger Buitengebied,99.4,9,2,recoded
BU16810100,Buinen,BU16818501,Buinen,70.8,2,1,split
BU16810109,Verspreide huizen Buinen,BU16818509,Buinen Buitengebied,97.5,9,1,split
BU16810200,Bronneger,BU16818309,Bronneger,99.8,3,2,recoded
BU16810209,Verspreide huizen Bronneger,BU16818309,Bronneger,82.7,5,2,merged
BU16810300,Drouwen,BU16818701,Drouwen,67.9,2,1,split
BU16810309,Verspreide huizen Drouwen,BU16818709,Drouwen Buitengebied,98.3,5,1,split
BU16810409,Verspreide huizen Bronnegerveen,BU16818409,Bronnegerveen,98.7,6,1,split
BU16810500,Drouwenerveen,BU16818909,Drouwenerveen,99.9,2,2,recoded
BU16810509,Verspreide huizen Drouwenerveen,BU16818909,Drouwenerveen,83.7,3,2,merged
BU16810600,Drouwenermond,BU16818801,Drouwenermond,92.4,2,1,split
BU16810609,Verspreide huizen Drouwenermond,BU16818809,Drouwenermond Buitengebied,95.0,4,1,split
BU16810700,Nieuw-Buinen,BU16819709,Nieuw-Buinen Buitengebied,24.1,7,2,merged
BU16810709,Verspreide huizen Nieuw-Buinen,BU16819709,Nieuw-Buinen Buitengebied,98.1,10,2,merged
BU16810800,Buinerveen,BU16818609,Buinerveen Buitengebied,71.0,5,2,merged
BU16810809,Verspreide huizen Buinerveen,BU16818609,Buinerveen Buitengebied,96.5,6,2,merged
BU16810900,Ees,BU16819009,Ees Buitengebied,52.9,2,2,merged
BU16810901,Eesergroen,BU16819109,Eesergroen,100.0,1,2,recoded
BU16810907,Verspreide huizen Eeserveen,BU16819209,Eeserveen,90.0,6,1,split
BU16810908,Verspreide huizen Eesergroen,BU16819109,Eesergroen,92.6,5,2,merged
BU16810909,Verspreide huizen Ees,BU16819009,Ees Buitengebied,96.2,7,2,merged
BU16811000,Odoorn,BU16819809,Odoorn Buitengebied,55.9,4,2,merged
BU16811009,Verspreide huizen Odoorn,BU16819809,Odoorn Buitengebied,78.6,7,2,merged
BU16811100,Exloo,BU16819509,Exloo Buitengebied,51.1,4,2,merged
BU16811109,Verspreide huizen Exloo,BU16819509,Exloo Buitengebied,99.5,8,2,recoded
BU16811200,Valthe,BU16810001,Valthe,57.6,2,1,split
BU16811209,Verspreide huizen Valthe,BU16810009,Valthe Buitengebied,97.4,6,1,split
BU16811300,Klijndijk,BU16819609,Klijndijk Buitengebied,76.4,4,1,split
BU16811309,Verspreide huizen Klijndijk,BU16819909,Odoornerveen Buitengebied,63.4,4,3,merged
BU16811400,Odoornerveen,BU16819909,Odoornerveen Buitengebied,54.6,2,3,merged
BU16811409,Verspreide huizen Odoornerveen,BU16819909,Odoornerveen Buitengebied,91.9,4,3,merged
BU16811500,Tweede Exloërmond,BU16818009,2e Exloërmond Buitengebied,34.3,6,2,merged
BU16811501,Eerste Exloërmond,BU16817901,1e Exloërmond,58.8,3,1,split
BU16811502,Exloërveen,BU16819409,Exloërveen,87.3,5,1,split
BU16811509,Verspreide huizen Tweede Exloërmond,BU16818009,2e Exloërmond Buitengebied,50.2,11,2,merged
BU16811600,Valthermond,BU16810109,Valthermond Buitengebied,40.5,5,2,merged
BU16811601,Zandberg,BU16818109,2e Valthermond,78.2,3,2,merged
BU16811602,Tweede Valthermond,BU16818109,2e Valthermond,100.0,1,2,recoded
BU16811609,Verspreide huizen Valthermond,BU16810109,Valthermond Buitengebied,82.7,10,2,merged
BU16840000,Cuijk,BU19820801,Cuijk kern,96.0,5,1,split
BU16840001,De Valuwe,BU19820805,Cuijk De Valuwe,84.8,4,1,split
BU16840002,Heiligenberg en Beijerd en 't Riet,BU19820811,Cuijk industriegebied,99.5,3,1,recoded (gemeente change)
BU16840003,Padbroek,BU19820803,Cuijk Padbroek,98.2,5,1,split
BU16840004,Heeswijkse Kampen,BU19820807,Cuijk Heeswijkse Kampen,99.9,2,1,recoded (gemeente change)
BU16840008,Verspreide huizen ten westen van Cuijk,BU19820813,Cuijk buitengebied ten westen,78.6,5,1,split
BU16840009,Verspreide huizen ten zuidwesten van Cuijk,BU19820809,Cuijk buitengebied ten zuid-westen,97.9,5,1,split
BU16840100,Vianen,BU19821101,Vianen kern,100.0,1,1,recoded (gemeente change)
BU16840109,Verspreide huizen Vianen,BU19821103,Vianen buitengebied,87.9,7,1,split
BU16840200,Sint Agatha,BU19821201,Sint Agatha kern,100.0,1,1,recoded (gemeente change)
BU16840209,Verspreide huizen Sint Agatha,BU19821203,Sint Agatha buitengebied,93.1,5,1,split
BU16840300,Katwijk,BU19820601,Katwijk kern,100.0,2,1,recoded (gemeente change)
BU16840301,Havengebied,BU19820605,Katwijk havengebied,98.4,3,1,split
BU16840309,Verspreide huizen Katwijk,BU19820603,Katwijk buitengebied,66.6,5,1,split
BU16840400,Haps,BU19821301,Haps kern,100.0,1,1,recoded (gemeente change)
BU16840409,Verspreide huizen Haps,BU19821303,Haps buitengebied,91.6,7,1,split
BU16840500,Beers,BU19820701,Beers kern,100.0,1,1,recoded (gemeente change)
BU16840509,Verspreide huizen Beers,BU19820703,Beers buitengebied,96.5,7,1,split
BU16840600,Linden,BU19820501,Linden kern,93.7,2,1,split
BU16840609,Verspreide huizen Linden,BU19820503,Linden buitengebied,85.1,4,1,split
BU16850000,Schaijk,BU19910401,Schaijk,100.0,1,1,recoded (gemeente change)
BU16850007,Verspreide huizen Schaijkse Heide,BU19910402,Verspreide huizen Schaijkse Heide,100.0,1,1,recoded (gemeente change)
BU16850008,Verspreide huizen Mun,BU19910403,Verspreide huizen Mun,100.0,1,1,recoded (gemeente change)
BU16850009,Overige verspreide huizen,BU19910404,Overige verspreide huizen Schaijk,100.0,1,1,recoded (gemeente change)
BU16850100,Reek,BU19910501,Reek,100.0,1,1,recoded (gemeente change)
BU16850109,Verspreide huizen Reekse Heide en Bovenland,BU19910502,Verspreide huizen Reekse Heide en Bovenland,100.0,1,1,recoded (gemeente change)
BU16850200,Zeeland,BU19910601,Zeeland,100.0,1,1,recoded (gemeente change)
BU16850201,Nabbegat-Voederheil,BU19910602,Nabbegat-Voederheil,100.0,1,1,recoded (gemeente change)
BU16850202,Oventje,BU19910603,Oventje,100.0,1,1,recoded (gemeente change)
BU16850207,Verspreide huizen Trent-Graspeel,BU19910604,Verspreide huizen Trent-Graspeel,100.0,1,1,recoded (gemeente change)
BU16850208,Verspreide huizen Zevenhuis,BU19910605,Verspreide huizen Zevenhuis,100.0,1,1,recoded (gemeente change)
BU16850209,Verspreide huizen Duifhuis-Kreitsberg,BU19910606,Verspreide huizen Duifhuis-Kreitsberg,100.0,1,1,recoded (gemeente change)
BU16850909,Verspreide huizen Peel,BU19910607,Verspreide huizen Peel,100.0,1,1,recoded (gemeente change)
BU16900000,Zuidwolde kern,BU16900000,Zuidwolde kern,100.0,1,1,unchanged
BU16900009,Verspreide huizen Zuidwolde,BU16900009,Verspreide huizen Zuidwolde,100.0,2,1,unchanged
BU16900100,Alteveer,BU16900100,Alteveer,100.0,1,1,unchanged
BU16900109,Verspreide huizen Alteveer,BU16900109,Verspreide huizen Alteveer,100.0,1,1,unchanged
BU16900200,Kerkenveld,BU16900200,Kerkenveld,100.0,1,1,unchanged
BU16900209,Verspreide huizen Kerkenveld,BU16900209,Verspreide huizen Kerkenveld,100.0,1,1,unchanged
BU16900300,Drogteropslagen,BU16900300,Drogteropslagen,100.0,1,1,unchanged
BU16900309,Verspreide huizen Drogteropslagen,BU16900309,Verspreide huizen Drogteropslagen,100.0,1,1,unchanged
BU16900400,Linde,BU16900400,Linde,100.0,1,1,unchanged
BU16900409,Verspreide huizen Linde,BU16900409,Verspreide huizen Linde,100.0,1,1,unchanged
BU16900500,Fort,BU16900500,Fort,100.0,1,1,unchanged
BU16900509,Verspreide huizen Fort,BU16900509,Verspreide huizen Fort,100.0,1,1,unchanged
BU16900600,Veeningen,BU16900600,Veeningen,100.0,1,1,unchanged
BU16900609,Verspreide huizen Veeningen,BU16900609,Verspreide huizen Veeningen,100.0,1,1,unchanged
BU16900700,Echten,BU16900700,Echten,100.0,1,1,unchanged
BU16900709,Verspreide huizen Echten,BU16900709,Verspreide huizen Echten,100.0,1,1,unchanged
BU16900800,Ruinen,BU16900800,Ruinen,100.0,1,1,unchanged
BU16900801,Oldenhave,BU16900801,Oldenhave,100.0,1,1,unchanged
BU16900802,Ruinerweide,BU16900802,Ruinerweide,100.0,1,1,unchanged
BU16900803,Leeuwte,BU16900803,Leeuwte,100.0,1,1,unchanged
BU16900804,Hees,BU16900804,Hees,100.0,1,1,unchanged
BU16900809,Verspreide huizen Ruinen,BU16900809,Verspreide huizen Ruinen,100.0,1,1,unchanged
BU16900900,Eursinge en Pesse,BU16900900,Eursinge en Pesse,100.0,1,1,unchanged
BU16900909,Verspreide huizen Pesse,BU16900909,Verspreide huizen Pesse,100.0,1,1,unchanged
BU16901000,Ansen,BU16901000,Ansen,100.0,1,1,unchanged
BU16901009,Verspreide huizen Ansen,BU16901009,Verspreide huizen Ansen,100.0,1,1,unchanged
BU16901100,Ruinerwold,BU16901100,Ruinerwold,100.0,1,1,unchanged
BU16901101,Haakswold,BU16901101,Haakswold,100.0,1,1,unchanged
BU16901102,Oosteinde,BU16901102,Oosteinde,100.0,1,1,unchanged
BU16901103,Berghuizen,BU16901103,Berghuizen,100.0,1,1,unchanged
BU16901104,Weerwille,BU16901104,Weerwille,100.0,1,1,unchanged
BU16901105,Oosteinde-Buiten,BU16901105,Oosteinde-Buiten,100.0,1,1,unchanged
BU16901109,Ruinerwold-Buiten,BU16901109,Ruinerwold-Buiten,100.0,1,1,unchanged
BU16901200,Koekange,BU16901200,Koekange,100.0,1,1,unchanged
BU16901201,Koekange Noord,BU16901201,Koekange Noord,100.0,1,1,unchanged
BU16901202,Koekange Zuid,BU16901202,Koekange Zuid,100.0,1,1,unchanged
BU16901203,Koekangerveld,BU16901203,Koekangerveld,100.0,1,1,unchanged
BU16901209,Verspreide huizen Koekange,BU16901209,Verspreide huizen Koekange,100.0,1,1,unchanged
BU16901300,De Wijk,BU16901300,De Wijk,100.0,1,1,unchanged
BU16901309,Verspreide huizen De Wijk,BU16901309,Verspreide huizen De Wijk,100.0,1,1,unchanged
BU16950000,Kortgene-Dorp,BU16950000,Kortgene-Dorp,100.0,2,1,unchanged
BU16950001,Kortgene-Oost,BU16950001,Kortgene-Oost,99.2,2,1,unchanged
BU16950009,Verspreide huizen Kortgene,BU16950009,Verspreide huizen Kortgene,100.0,4,1,unchanged
BU16950100,Colijnsplaat,BU16950100,Colijnsplaat,100.0,2,1,unchanged
BU16950109,Verspreide huizen Colijnsplaat,BU16950109,Verspreide huizen Colijnsplaat,100.0,2,1,unchanged
BU16950200,Kats,BU16950200,Kats,100.0,1,1,unchanged
BU16950209,Verspreide huizen Kats,BU16950209,Verspreide huizen Kats,99.6,2,1,unchanged
BU16950300,Kamperland,BU16950300,Kamperland,99.7,2,1,unchanged
BU16950301,Recreatiegebied Kamperland,BU16950301,Recreatiegebied Kamperland,99.6,2,1,unchanged
BU16950309,Verspreide huizen Kamperland,BU16950309,Verspreide huizen Kamperland,100.0,3,1,unchanged
BU16950400,Wissenkerke,BU16950400,Wissenkerke,100.0,1,1,unchanged
BU16950409,Verspreide huizen Wissenkerke,BU16950409,Verspreide huizen Wissenkerke,99.9,2,1,unchanged
BU16950500,Geersdijk,BU16950500,Geersdijk,100.0,1,1,unchanged
BU16950509,Verspreide huizen Geersdijk,BU16950509,Verspreide huizen Geersdijk,100.0,1,1,unchanged
BU16959997,,BU16959997,Groot binnenwater,93.9,9,1,split
BU16959998,,BU16959998,Buitenwater,99.3,7,1,unchanged
BU16960000,'s-Graveland,BU16960000,'s-Graveland,100.0,1,1,unchanged
BU16960100,Oud-Kortenhoef,BU16960100,Oud-Kortenhoef,100.0,1,1,unchanged
BU16960101,"Rade, Oranjebuurt, Munniksveen en omgeving",BU16960101,"Rade, Oranjebuurt, Munniksveen en omgeving",100.0,1,1,unchanged
BU16960102,Moleneind,BU16960102,Moleneind,100.0,2,1,unchanged
BU16960103,Kromme Rade,BU16960103,Kromme Rade,100.0,1,1,unchanged
BU16960200,Ankeveen,BU16960200,Ankeveen,100.0,1,1,unchanged
BU16960201,Ankeveense Rade,BU16960201,Ankeveense Rade,100.0,1,1,unchanged
BU16960202,Hollandsch Ankeveen,BU16960202,Hollandsch Ankeveen,100.0,1,1,unchanged
BU16960300,Oud-Loosdrecht,BU16960300,Oud-Loosdrecht,100.0,2,1,unchanged
BU16960400,Nieuw-Loosdrechtsedijk,BU16960400,Nieuw-Loosdrechtsedijk,100.0,1,1,unchanged
BU16960401,Muijeveld,BU16960401,Muijeveld,100.0,1,1,unchanged
BU16960402,Boomhoek,BU16960402,Boomhoek,100.0,1,1,unchanged
BU16960500,Breukeleveen,BU16960500,Breukeleveen,100.0,1,1,unchanged
BU16960601,Horn- en Kuijerpolder,BU16960601,Horn- en Kuijerpolder,100.0,1,1,unchanged
BU16960602,Blijkpolder,BU16960602,Blijkpolder,100.0,1,1,unchanged
BU16960603,Horstermeer,BU16960603,Horstermeer,100.0,1,1,unchanged
BU16960604,Splegelpolder,BU16960604,Splegelpolder,100.0,1,1,unchanged
BU16990000,Roden,BU16990000,Roden,100.0,1,1,unchanged
BU16990010,Roden West,BU16990010,Roden West,100.0,1,1,unchanged
BU16990020,Industrieterrein Roden,BU16990020,Industrieterrein Roden,100.0,1,1,unchanged
BU16990030,Nieuw-Roden,BU16990030,Nieuw-Roden,100.0,1,1,unchanged
BU16990040,Nietap,BU16990040,Nietap,100.0,1,1,unchanged
BU16990050,Leutingewolde,BU16990050,Leutingewolde,100.0,1,1,unchanged
BU16990060,Foxwolde,BU16990060,Foxwolde,100.0,1,1,unchanged
BU16990070,Roderwolde,BU16990070,Roderwolde,100.0,1,1,unchanged
BU16990080,Sandebuur,BU16990080,Sandebuur,100.0,1,1,unchanged
BU16990090,Lieveren,BU16990090,Lieveren,100.0,1,1,unchanged
BU16990100,Roderesch,BU16990100,Roderesch,100.0,1,1,unchanged
BU16990110,Steenbergen,BU16990110,Steenbergen,100.0,1,1,unchanged
BU16990120,Buitengebied Roden Noord,BU16990120,Buitengebied Roden Noord,100.0,1,1,unchanged
BU16990130,Buitengebied Roden Zuid,BU16990130,Buitengebied Roden Zuid,100.0,1,1,unchanged
BU16990140,Buitengebied Roden West,BU16990140,Buitengebied Roden West,100.0,1,1,unchanged
BU16990300,Norg,BU16990300,Norg,100.0,1,1,unchanged
BU16990310,Een,BU16990310,Een,100.0,1,1,unchanged
BU16990320,Langelo,BU16990320,Langelo,100.0,1,1,unchanged
BU16990330,Peest,BU16990330,Peest,100.0,1,1,unchanged
BU16990340,Zuidvelde,BU16990340,Zuidvelde,100.0,1,1,unchanged
BU16990350,Westervelde,BU16990350,Westervelde,100.0,1,1,unchanged
BU16990360,Veenhuizen,BU16990360,Veenhuizen,100.0,1,1,unchanged
BU16990370,Verspreide huizen Huis ter Heide,BU16990370,Verspreide huizen Huis ter Heide,100.0,1,1,unchanged
BU16990380,Verspreide huizen Een-West,BU16990380,Verspreide huizen Een-West,100.0,1,1,unchanged
BU16990390,Verspreide huizen Norg,BU16990390,Verspreide huizen Norg,100.0,1,1,unchanged
BU16990400,Verspreide huizen Een,BU16990400,Verspreide huizen Een,100.0,1,1,unchanged
BU16990410,Verspreide huizen Langelo,BU16990410,Verspreide huizen Langelo,100.0,1,1,unchanged
BU16990420,Verspreide huizen Peest,BU16990420,Verspreide huizen Peest,100.0,1,1,unchanged
BU16990430,Verspreide huizen Zuidvelde,BU16990430,Verspreide huizen Zuidvelde,100.0,1,1,unchanged
BU16990440,Verspreide huizen Westervelde,BU16990440,Verspreide huizen Westervelde,100.0,1,1,unchanged
BU16990450,Verspreide huizen Veenhuizen,BU16990450,Verspreide huizen Veenhuizen,100.0,1,1,unchanged
BU16990600,Peize,BU16990600,Peize,100.0,1,1,unchanged
BU16990610,Altena,BU16990610,Altena,100.0,1,1,unchanged
BU16990620,Peizermade,BU16990620,Peizermade,100.0,2,1,unchanged
BU16990630,Verspreide huizen Peize Noord,BU16990630,Verspreide huizen Peize Noord,99.9,2,1,unchanged
BU17000000,Centrum-Vriezenveen,BU17000107,Vriezenveen-Centrum,99.7,4,1,recoded
BU17000001,Midden,BU17000104,Vriezenveen-Midden,78.6,5,2,merged
BU17000002,Oosteinde en Slot,BU17000108,Vriezenveen Oosteinde en Slot,87.0,3,1,split
BU17000003,Westeinde,BU17000105,Vriezenveen Westeinde,98.9,6,1,split
BU17000004,West ten oosten Kanaal,BU17000103,Verspreide huizen ten oosten van kanaal,87.4,4,1,split
BU17000005,West ten westen Kanaal,BU17000101,Verspreide huizen Vriezenveen ten westen van kanaal,97.0,3,1,split
BU17000006,Westerweilanden-Elzenhoek,BU17000106,Vriezenveen Elzenhoek,97.3,4,1,split
BU17000007,Toekomstig bestemmingsplan Noord,BU17000104,Vriezenveen-Midden,99.4,4,2,recoded
BU17000008,Industrieterrein Vriezenveen-West,BU17000102,Verspreide huizen Vriezenveen West Industrieterrein,99.9,3,1,recoded
BU17000105,Verspreide huizen De Westerhoeve,BU17000501,Verspreide huizen De Westerhoeve,95.3,4,1,split
BU17000106,Verspreide huizen ten noorden van Vriezenveen,BU17000502,Verspreide huizen Vriezenveen-Noord,97.7,6,1,split
BU17000107,Verspreide huizen De Pollen,BU17000503,Verspreide huizen De Pollen,95.4,3,1,split
BU17000108,Verspreide huizen Weitemanslanden,BU17000601,Verspreide huizen Vriezenveen-Zuid,100.0,2,2,recoded
BU17000109,Verspreide huizen ten zuiden van Vriezenveen,BU17000601,Verspreide huizen Vriezenveen-Zuid,100.0,2,2,recoded
BU17000200,Vriezenveensewijk,BU17000203,Vriezenveensewijk,95.2,4,1,split
BU17000201,Westerhaar-West,BU17000202,Westerhaar-West,98.4,3,1,split
BU17000202,Westerhaar-Oost,BU17000201,Westerhaar-Oost,93.1,3,1,split
BU17000208,Verspreide huizen Westerhaar-Vriezenveensewijk-Oost,BU17000205,Verspreide huizen Westerhaar-Vriezenveensewijk-Oost,99.1,7,1,recoded
BU17000209,Verspreide huizen Westerhaar-Vriezenveensewijk-West,BU17000204,Verspreide huizen Westerhaar-Vriezenveensewijk-West,91.3,4,1,split
BU17000300,Den Ham,BU17000302,Den Ham,86.8,4,3,merged
BU17000301,'t Sumpel,BU17000302,Den Ham,54.2,2,3,merged
BU17000302,Broekmaten,BU17000302,Den Ham,99.4,3,3,unchanged
BU17000307,Buurtschap Meer,BU17000301,Buurtschap Meer,91.4,4,1,split
BU17000308,Buurtschap Magele,BU17000304,Buurtschap Magele,98.5,6,1,split
BU17000309,Buurtschap Linde,BU17000303,Buurtschap Linde,98.2,4,1,split
BU17000400,Vroomshoop-Oost,BU17000405,Vroomshoop-Oost,77.6,6,1,split
BU17000401,Geerdijk-West,BU17000401,Geerdijk-West,99.7,3,2,unchanged
BU17000402,Geerdijk-Oost,BU17000404,Geerdijk-Oost,97.8,3,1,split
BU17000403,Vroomshoop-West,BU17000402,Vroomshoop-West,96.9,3,2,merged
BU17000404,Beter Wonen,BU17000402,Vroomshoop-West,99.0,3,2,merged
BU17000405,Nieuwoord,BU17000401,Geerdijk-West,89.0,3,2,merged
BU17000406,Industrieterrein,BU17000403,Vroomshoop Industrieterein,97.8,3,1,split
BU17000409,Verspreide huizen Vroomshoop-Oost,BU17000406,Verspreide huizen Vroomshoop-Oost,95.1,3,1,split
BU17010000,Diever,BU17010000,Diever,100.0,1,1,unchanged
BU17010003,Wittelte,BU17010003,Wittelte,100.0,1,1,unchanged
BU17010009,Verspreide huizen Diever,BU17010009,Verspreide huizen Diever,100.0,1,1,unchanged
BU17010100,Wapse,BU17010100,Wapse,100.0,2,1,unchanged
BU17010109,Verspreide huizen Wapse,BU17010109,Verspreide huizen Wapse,100.0,1,1,unchanged
BU17010200,Zorgvlied,BU17010200,Zorgvlied,100.0,1,1,unchanged
BU17010209,Verspreide huizen Zorgvlied,BU17010209,Verspreide huizen Zorgvlied,100.0,1,1,unchanged
BU17010300,Dwingelo,BU17010300,Dwingeloo,100.0,1,1,unchanged
BU17010301,Westeinde,BU17010301,Westeinde,100.0,1,1,unchanged
BU17010302,Stroovledder,BU17010302,Stroovledder,100.0,1,1,unchanged
BU17010303,Dwingelderveld,BU17010303,Dwingelderveld,100.0,1,1,unchanged
BU17010309,Verspreide huizen Dwingeloo,BU17010309,Verspreide huizen Dwingeloo,100.0,1,1,unchanged
BU17010400,Lhee,BU17010400,Lhee,100.0,1,1,unchanged
BU17010401,Lheebroek,BU17010401,Lheebroek,100.0,1,1,unchanged
BU17010409,Verspreide huizen Lhee,BU17010409,Verspreide huizen Lhee,100.0,1,1,unchanged
BU17010500,Eemster,BU17010500,Eemster,100.0,1,1,unchanged
BU17010509,Verspreide huizen Eemster,BU17010509,Verspreide huizen Eemster,100.0,1,1,unchanged
BU17010600,Geeuwenbrug,BU17010600,Geeuwenbrug,100.0,1,1,unchanged
BU17010601,Leggeloo,BU17010601,Leggeloo,100.0,1,1,unchanged
BU17010609,Verspreide huizen Geeuwenbrug,BU17010609,Verspreide huizen Geeuwenbrug,100.0,1,1,unchanged
BU17010700,Dieverbrug,BU17010700,Dieverbrug,100.0,1,1,unchanged
BU17010709,Verspreide huizen Dieverbrug,BU17010709,Verspreide huizen Dieverbrug,100.0,2,1,unchanged
BU17010800,Havelte,BU17010800,Havelte,100.0,1,1,unchanged
BU17010801,Darp,BU17010801,Darp,100.0,1,1,unchanged
BU17010802,Havelterberg,BU17010802,Havelterberg,100.0,1,1,unchanged
BU17010809,Verspreide huizen Havelte,BU17010809,Verspreide huizen Havelte,100.0,1,1,unchanged
BU17010900,Uffelte,BU17010900,Uffelte,100.0,1,1,unchanged
BU17010909,Verspreide huizen Uffelte,BU17010909,Verspreide huizen Uffelte,100.0,1,1,unchanged
BU17011000,Wapserveen midden,BU17011000,Wapserveen midden,100.0,1,1,unchanged
BU17011001,Wapserveen-West,BU17011001,Wapserveen-West,100.0,1,1,unchanged
BU17011002,Wapserveen-Oost,BU17011002,Wapserveen-Oost,100.0,1,1,unchanged
BU17011009,Verspreide huizen Wapserveen,BU17011009,Verspreide huizen Wapserveen,100.0,1,1,unchanged
BU17011100,Vledder,BU17011100,Vledder,100.0,1,1,unchanged
BU17011109,Verspreide huizen Vledder,BU17011109,Verspreide huizen Vledder,100.0,1,1,unchanged
BU17011200,Frederiksoord,BU17011200,Frederiksoord,100.0,1,1,unchanged
BU17011209,Verspreide huizen Frederiksoord,BU17011209,Verspreide huizen Frederiksoord,100.0,1,1,unchanged
BU17011300,Nijensleek,BU17011300,Nijensleek,100.0,1,1,unchanged
BU17011309,Verspreide huizen Nijensleek,BU17011309,Verspreide huizen Nijensleek,100.0,1,1,unchanged
BU17011400,Vledderveen,BU17011400,Vledderveen,100.0,1,1,unchanged
BU17011409,Verspreide huizen Vledderveen,BU17011409,Verspreide huizen Vledderveen,100.0,1,1,unchanged
BU17011500,Wilhelminaoord,BU17011500,Wilhelminaoord,100.0,1,1,unchanged
BU17011509,Verspreide huizen Wilhelminaoord,BU17011509,Verspreide huizen Wilhelminaoord,100.0,1,1,unchanged
BU17011600,Doldersum,BU17011600,Doldersum,100.0,1,1,unchanged
BU17011609,Verspreide huizen Doldersum,BU17011609,Verspreide huizen Doldersum,100.0,1,1,unchanged
BU17011709,Verspreide huizen Boschoord,BU17011709,Verspreide huizen Boschoord,100.0,1,1,unchanged
BU17020000,Sint Anthonis,BU19822301,Sint Anthonis,100.0,1,1,recoded (gemeente change)
BU17020001,Ledeacker,BU19822101,Ledeacker,100.0,1,1,recoded (gemeente change)
BU17020008,Verspreide huizen Ledeacker,BU19822103,Ledeacker buitengebied,99.1,3,1,recoded (gemeente change)
BU17020009,Verspreide huizen Sint Anthonis,BU19822303,Sint Anthonis buitengebied,99.8,4,1,recoded (gemeente change)
BU17020100,Oploo,BU19822501,Oploo,100.0,1,1,recoded (gemeente change)
BU17020109,Verspreide huizen Oploo,BU19822503,Oploo buitengebied,100.0,2,1,recoded (gemeente change)
BU17020200,Westerbeek,BU19822901,Westerbeek,100.0,1,1,recoded (gemeente change)
BU17020209,Verspreide huizen Westerbeek,BU19822903,Westerbeek buitengebied,100.0,1,1,recoded (gemeente change)
BU17020300,Stevensbeek,BU19822601,Stevensbeek,100.0,1,1,recoded (gemeente change)
BU17020309,Verspreide huizen Stevensbeek,BU19822603,Stevensbeek buitengebied,100.0,2,1,recoded (gemeente change)
BU17020400,Wanroij,BU19821701,Wanroij,89.3,2,1,split
BU17020409,Verspreide huizen Wanroij's Broek,BU19821705,Wanroij's Broek buitengebied,100.0,2,1,recoded (gemeente change)
BU17020500,Landhorst,BU19822001,Landhorst,100.0,1,1,recoded (gemeente change)
BU17020509,Verspreide huizen De Peel,BU19822003,De Peel buitengebied,100.0,1,1,recoded (gemeente change)
BU17050000,Bemmel,BU17050005,Klappenburg,14.6,13,1,split
BU17050001,Haalderen,BU17050600,Kern Haalderen,50.5,3,1,split
BU17050002,Angeren,BU17050401,Buitengebied Angeren,50.0,2,2,merged
BU17050003,Doornenburg,BU17050500,Kern Doornenburg,70.2,3,1,split
BU17050004,Verspreide huizen Ressen,BU17050700,Ressen,92.3,4,1,split
BU17050005,Verspreide huizen Angeren,BU17050401,Buitengebied Angeren,80.4,9,2,merged
BU17050006,Verspreide huizen Bemmel,BU17050010,Buitengebied Bemmel Noord,50.4,13,1,split
BU17050007,Verspreide huizen Doornenburg,BU17050501,Buitengebied Doornenburg,91.7,4,1,split
BU17050008,Verspreide huizen Bemmel-Lent,BU17050009,Buitengebied Bemmel Zuid,93.3,3,2,merged
BU17050009,Verspreide huizen Ambtswaard,BU17050009,Buitengebied Bemmel Zuid,100.0,1,2,unchanged
BU17050010,Verspreide huizen Haalderen,BU17050601,Buitengebied Haalderen,94.2,5,2,merged
BU17050011,Ooijrijkse Polder,BU17050601,Buitengebied Haalderen,67.8,4,2,merged
BU17050100,Gendt,BU17050104,Vleumingen,22.8,6,1,split
BU17050101,Buurt Gendt,BU17050105,Buitengebied Gendt,90.9,5,6,merged
BU17050102,Kommerdijk,BU17050105,Buitengebied Gendt,100.0,2,6,recoded
BU17050103,Hulhuizen,BU17050105,Buitengebied Gendt,93.3,3,6,merged
BU17050104,Flieren,BU17050105,Buitengebied Gendt,100.0,2,6,recoded
BU17050108,Verspreide huizen Flieren,BU17050105,Buitengebied Gendt,80.0,5,6,merged
BU17050109,Verspreide huizen Gendtsche Waarden,BU17050105,Buitengebied Gendt,94.9,5,6,merged
BU17050200,Oude Stad Huissen,BU17050200,Centrum Huissen,97.0,4,1,split
BU17050201,Uitbreiding Stad Huissen,BU17050211,'t Kempke-Bloemstraat,24.7,10,1,split
BU17050202,Het Zand,BU17050202,'t Zand-Tabakshof,56.9,4,1,split
BU17050203,Zilverkamp,BU17050203,Zilverkamp 1e fase,27.5,7,1,split
BU17050207,Verspreide huizen Het Zand,BU17050212,Buitengebied Huissen,79.9,11,3,merged
BU17050208,Verspreide huizen Hoeve en Loostraat,BU17050212,Buitengebied Huissen,74.8,6,3,merged
BU17050209,Verspreide huizen Uiterwaard,BU17050212,Buitengebied Huissen,92.3,6,3,merged
BU17060000,Budel,BU17060000,Budel,100.0,1,1,unchanged
BU17060001,"Heikant, Meemortel, Bosch",BU17060001,"Heikant, Meemortel, Bosch",100.0,1,1,unchanged
BU17060002,Keunenhoek Broekkant Schoordijk,BU17060002,Keunenhoek Broekkant Schoordijk,100.0,1,1,unchanged
BU17060008,Verspreide huizen Berg en Toom,BU17060008,Verspreide huizen Berg en Toom,100.0,1,1,unchanged
BU17060009,Verspreide huizen in het Oosten,BU17060009,Verspreide huizen in het Oosten,100.0,1,1,unchanged
BU17060100,Budel-Schoot,BU17060100,Budel-Schoot,100.0,1,1,unchanged
BU17060101,Klein-Schoot,BU17060101,Klein-Schoot,100.0,1,1,unchanged
BU17060109,Verspreide huizen in het Westen,BU17060109,Verspreide huizen in het Westen,100.0,1,1,unchanged
BU17060200,Budel-Dorplein,BU17060200,Budel-Dorplein,100.0,1,1,unchanged
BU17060201,Industrieterrein Dorplein,BU17060201,Industrieterrein Dorplein,100.0,1,1,unchanged
BU17060209,Verspreide huizen Budel-Dorplein,BU17060209,Verspreide huizen Budel-Dorplein,100.0,1,1,unchanged
BU17060300,Maarheeze,BU17060300,Maarheeze,100.0,1,1,unchanged
BU17060301,Kamersven,BU17060301,Kamersven,100.0,1,1,unchanged
BU17060302,Industrieterrein Den Engelsman Rondven,BU17060302,Industrieterrein Den Engelsman Rondven,100.0,1,1,unchanged
BU17060308,Verspreide huizen Hugten,BU17060308,Verspreide huizen Hugten,100.0,1,1,unchanged
BU17060309,Verspreide huizen Maarheeze,BU17060309,Verspreide huizen Maarheeze,100.0,1,1,unchanged
BU17060400,Soerendonk,BU17060400,Soerendonk,100.0,1,1,unchanged
BU17060409,Verspreide huizen Soerendonk,BU17060409,Verspreide huizen Soerendonk,100.0,1,1,unchanged
BU17060500,Gastel,BU17060500,Gastel,100.0,1,1,unchanged
BU17060509,Verspreide huizen Gastelse Hei,BU17060509,Verspreide huizen Gastelse Hei,100.0,1,1,unchanged
BU17080001,Centrum Steenwijk,BU17080001,Centrum Steenwijk,90.6,6,1,split
BU17080002,Steenwijk West,BU17080002,Steenwijk West,97.7,5,1,split
BU17080003,Steenwijkerdiep,BU17080003,Steenwijkerdiep,97.7,4,1,split
BU17080004,Torenlanden,BU17080004,Torenlanden,95.1,7,1,split
BU17080005,"Oostwijken, De Beitel",BU17080005,"Oostwijken, De Beitel",95.3,6,1,split
BU17080006,Clingenborgh,BU17080006,Clingenborgh,89.6,4,1,split
BU17080007,Dolderkanaal,BU17080007,Dolderkanaal,93.6,7,1,split
BU17080008,Woldmeenthe,BU17080008,Woldmeenthe,98.1,4,1,split
BU17080009,Oostermeenthe,BU17080009,Oostermeenthe,98.9,4,1,split
BU17080010,Meentherand,BU17080010,Meentherand,98.9,5,1,split
BU17080011,Nieuwe gagels,BU17080011,Nieuwe gagels,99.6,5,1,unchanged
BU17080012,De gagels,BU17080012,De gagels,87.5,6,1,split
BU17080013,Tuk,BU17082800,Tuk,97.9,3,1,split
BU17080014,Groot Verlaat,BU17080014,Groot Verlaat,99.2,4,1,unchanged
BU17080015,Zuidveen,BU17081800,Zuidveen,76.3,5,1,split
BU17080016,Steenwijkerwold,BU17082900,Steenwijkerwold,97.8,4,1,split
BU17080017,Willemsoord,BU17082600,Willemsoord,82.9,3,1,split
BU17080018,Eesveen,BU17082100,Eesveen,97.3,2,1,split
BU17080019,Witte Paarden,BU17082400,Witte Paarden,92.4,2,1,split
BU17080020,Basse,BU17083000,Basse,80.3,2,1,split
BU17080021,Kallenkote,BU17082000,Kallenkote,65.6,4,1,split
BU17080022,Onna,BU17081900,Onna,88.1,2,1,split
BU17080023,Buitengebied Steenwijk Oost,BU17082001,Buitengebied Kallenkote,64.3,10,1,split
BU17080024,Buitengebied Steenwijk West,BU17082901,Buitengebied Steenwijkerwold,43.9,20,1,split
BU17080025,Buitengebied Steenwijk Noord,BU17082101,Buitengebied Eesveen,62.0,14,1,split
BU17080026,Buitengebied Steenwijk Zuid,BU17081801,Buitengebied Zuidveen,69.1,11,1,split
BU17080027,Buitengebied Willemsoord,BU17082601,Buitengebied Willemsoord,63.5,4,1,split
BU17080200,Oldemarkt,BU17080200,Oldemarkt,68.0,4,1,split
BU17080203,Oosterbroek en Markerbroek,BU17080209,Verspreide huizen Oldemarkt,96.3,5,1,split
BU17080208,Verspreide huizen Paasloo,BU17083100,Paasloo,99.3,5,1,recoded
BU17080209,Verspreide huizen Oldemarkt,BU17083200,IJsselham,68.3,7,1,split
BU17080300,Kalenberg,BU17080309,Verspreide huizen Kalenberg,59.0,2,2,merged
BU17080301,Ossenzijl,BU17083301,Buitengebied Ossenzijl,68.0,2,2,merged
BU17080308,Verspreide huizen Ossenzijl,BU17083301,Buitengebied Ossenzijl,97.2,7,2,merged
BU17080309,Verspreide huizen Kalenberg,BU17080309,Verspreide huizen Kalenberg,97.1,11,2,merged
BU17080400,Kuinre,BU17080408,Verspreide huizen Lindedijk en Rondebroek,62.9,3,2,merged
BU17080408,Verspreide huizen Lindedijk en Rondebroek,BU17080408,Verspreide huizen Lindedijk en Rondebroek,98.4,4,2,merged
BU17080409,Verspreide huizen Kuinre,BU17080409,Verspreide huizen Kuinre,99.7,3,1,unchanged
BU17080500,Kerkbuurt,BU17080500,Kerkbuurt,75.9,2,1,split
BU17080501,Dijkdorp Blankenham,BU17080501,Dijkdorp Blankenham,67.3,6,1,split
BU17080509,Landelijk gebied,BU17080509,Buitengebied Blankenham,76.3,9,1,split
BU17080600,Scheerwolde,BU17080609,Verspreide huizen Scheerwolde en Wetering,56.4,2,2,merged
BU17080601,Wetering,BU17083400,Wetering,66.1,4,1,split
BU17080607,Nederland,BU17083500,Nederland,89.0,4,1,split
BU17080608,Verspreide huizen polder Gelderingen (IJsselham),BU17080608,Verspreide huizen polder Gelderingen IJsselham,99.2,4,1,unchanged
BU17080609,Verspreide huizen Scheerwolde en Wetering,BU17080609,Verspreide huizen Scheerwolde en Wetering,67.0,13,2,merged
BU17080700,Vollenhove,BU17080700,Vollenhove,82.4,6,1,split
BU17080701,Moespot-Leeuwte,BU17080701,Moespot-Leeuwte,68.9,7,1,split
BU17080709,Verspreide huizen Vollenhove,BU17080709,Verspreide huizen Vollenhove,88.5,5,1,split
BU17080800,Sint Jansklooster kern,BU17080800,Sint Jansklooster,97.5,5,1,split
BU17080808,Verspreide huizen Sint Jansklooster,BU17080808,Verspreide huizen Sint Jansklooster,93.5,6,1,split
BU17080809,Verspreide huizen Leeuwte (gedeeltelijk),BU17080809,Verspreide huizen Leeuwte (gedeeltelijk),92.1,12,1,split
BU17080900,Heetveld kern,BU17080811,Heetveld,90.4,3,1,split
BU17080901,Tussen Sint Jansklooster en Heetveld,BU17080810,Tussen Sint Jans Klooster en Heetveld,92.8,6,1,split
BU17080906,Verspreide huizen Barsbeek,BU17080813,Verspreide huizen Barsbeek,85.7,9,1,split
BU17080909,Verspreide huizen Kadoelen en omgeving,BU17080812,Verspreide huizen Kadoelen en omgeving,53.4,7,1,split
BU17081000,Belt-Schutsloot,BU17081001,Buitengebied Belt Schutsloot,94.7,5,1,split
BU17081100,'t Haagje,BU17081103,Buitengebied Wanneperveen,61.8,3,2,merged
BU17081102,Blauwehand,BU17081102,Blauwehand,99.1,4,1,unchanged
BU17081103,Wanneperveen,BU17081103,Buitengebied Wanneperveen,95.7,8,2,merged
BU17081104,Ronduite,BU17081104,Ronduite,99.6,3,1,unchanged
BU17081200,Dinxterveen,BU17081105,Dinxterveen,99.4,4,1,recoded
BU17081201,Roekebos,BU17081106,Roekebos,98.4,4,1,split
BU17081202,Klosse,BU17081107,Klosse,95.4,6,1,split
BU17081209,Verspreide huizen Zomerdijk,BU17081108,Verspreide huizen Zomerdijk,97.8,4,1,split
BU17081300,Giethoorn-Zuid,BU17081704,Giethoorn-Zuid,98.1,6,2,merged
BU17081301,Plan Cornelisgracht,BU17081704,Giethoorn-Zuid,100.0,1,2,recoded
BU17081309,Verspreide huizen polder Giethoorn-Zuid,BU17081705,Verspreide huizen polder Giethoorn-Zuid,92.7,6,1,split
BU17081400,Giethoorn-Noord kern,BU17081703,Giethoorn-Noord kern,100.0,1,1,recoded
BU17081401,Overig Giethoorn-Noord,BU17081702,Overig Giethoorn-Noord,97.6,5,1,split
BU17081408,Verspreide huizen Giethoorn-Noord,BU17081701,Verspreide huizen Giethoorn-Noord,97.8,8,1,split
BU17081409,Verspreide huizen polder Halfweg,BU17081700,Verspreide huizen polder Halfweg,98.9,6,1,split
BU17081500,Dwarsgracht,BU17081706,Dwarsgracht,99.5,6,1,recoded
BU17081509,Verspreide huizen Jonen,BU17081707,Verspreide huizen Jonen,89.5,5,1,split
BU17081600,Blokzijl kern,BU17081600,Blokzijl,93.8,3,1,split
BU17081608,Verspreide huizen ten noorden van Blokzijl,BU17081608,Verspreide huizen ten noorden van Blokzijl,94.3,6,1,split
BU17081609,Verspreide huizen ten zuiden van Blokzijl,BU17081609,Verspreide huizen ten zuiden van Blokzijl,99.4,5,1,unchanged
BU17089997,,BU17089997,Groot binnenwater,65.5,2,1,split
BU17090000,Centrum,BU17090000,Centrum,100.0,1,1,unchanged
BU17090001,Torenveld,BU17090001,Torenveld,100.0,1,1,unchanged
BU17090002,Krooswijk,BU17090002,Krooswijk,100.0,1,1,unchanged
BU17090003,Bosselaar,BU17090003,Bosselaar,100.0,1,1,unchanged
BU17090004,Lindonk,BU17090004,Lindonk,100.0,1,1,unchanged
BU17090005,Schansdijk en omgeving,BU17090005,Schansdijk en omgeving,100.0,1,1,unchanged
BU17090006,Zwanengat en omgeving,BU17090006,Zwanengat en omgeving,100.0,1,1,unchanged
BU17090008,Verspreide huizen ten westen van Zevenbergen,BU17090008,Verspreide huizen ten westen van Zevenbergen,100.0,1,1,unchanged
BU17090009,Verspreide huizen ten oosten van Zevenbergen,BU17090009,Verspreide huizen ten oosten van Zevenbergen,100.0,1,1,unchanged
BU17090100,Zevenbergschen Hoek,BU17090100,Zevenbergschen Hoek,100.0,1,1,unchanged
BU17090109,Verspreide huizen Zevenbergschen Hoek,BU17090109,Verspreide huizen Zevenbergschen Hoek,100.0,1,1,unchanged
BU17090200,Langeweg,BU17090200,Langeweg,100.0,1,1,unchanged
BU17090209,Verspreide huizen Langeweg,BU17090209,Verspreide huizen Langeweg,100.0,1,1,unchanged
BU17090300,Klundert,BU17090300,Klundert,100.0,1,1,unchanged
BU17090301,Noordschans,BU17090301,Noordschans,99.9,3,1,unchanged
BU17090302,Tonnekreek,BU17090302,Tonnekreek,100.0,2,1,unchanged
BU17090303,Industrieterrein Moerdijk,BU17090303,Industrieterrein Moerdijk,100.0,2,1,unchanged
BU17090309,Verspreide huizen Klundert,BU17090309,Verspreide huizen Klundert,100.0,2,1,unchanged
BU17090400,Moerdijk,BU17090400,Moerdijk,99.8,2,1,unchanged
BU17090401,Roodevaart,BU17090401,Roodevaart,100.0,1,1,unchanged
BU17090409,Verspreide huizen Moerdijk,BU17090409,Verspreide huizen Moerdijk,99.8,2,1,unchanged
BU17090500,Noordhoek,BU17090500,Noordhoek,100.0,1,1,unchanged
BU17090509,Verspreide huizen Noordhoek,BU17090509,Verspreide huizen Noordhoek,100.0,1,1,unchanged
BU17090600,Standdaarbuiten,BU17090600,Standdaarbuiten,100.0,1,1,unchanged
BU17090601,Kreek,BU17090601,Kreek,100.0,1,1,unchanged
BU17090609,Verspreide huizen Standdaarbuiten,BU17090609,Verspreide huizen Standdaarbuiten,100.0,1,1,unchanged
BU17090700,Fijnaart,BU17090700,Fijnaart,100.0,1,1,unchanged
BU17090701,Oudemolen,BU17090701,Oudemolen,100.0,1,1,unchanged
BU17090702,Nieuwemolen met Driehoek,BU17090702,Nieuwemolen met Driehoek,100.0,1,1,unchanged
BU17090703,Zwingelspaan,BU17090703,Zwingelspaan,100.0,1,1,unchanged
BU17090709,Verspreide huizen Fijnaart,BU17090709,Verspreide huizen Fijnaart,100.0,1,1,unchanged
BU17090800,Heijningen,BU17090800,Heijningen,100.0,1,1,unchanged
BU17090809,Verspreide huizen Heijningen,BU17090809,Verspreide huizen Heijningen,100.0,2,1,unchanged
BU17090900,Willemstad,BU17090900,Willemstad,98.5,2,1,split
BU17090901,Noordlangeweg,BU17090901,Noordlangeweg,100.0,1,1,unchanged
BU17090902,Kloosterblokje,BU17090902,Kloosterblokje,100.0,1,1,unchanged
BU17090909,Verspreide huizen Willemstad,BU17090909,Verspreide huizen Willemstad,99.8,2,1,unchanged
BU17091000,Helwijk,BU17091000,Helwijk,100.0,1,1,unchanged
BU17091009,Verspreide huizen Helwijk,BU17091009,Verspreide huizen Helwijk,100.0,1,1,unchanged
BU17099997,,BU17099997,Groot binnenwater,99.3,9,1,unchanged
BU17110101,Baakhoven,BU17110166,Baakhoven,99.7,2,1,recoded
BU17110102,In de Mehre,BU17110163,In de Mehre,99.8,2,1,recoded
BU17110103,Mariaveld,BU17110161,Mariaveld,86.8,7,1,split
BU17110104,Middelveld,BU17110158,Middelveld,95.1,6,1,split
BU17110105,Munsterveld,BU17110167,Munsterveld,99.0,4,1,split
BU17110106,Susteren Centrum,BU17110159,Susteren Centrum,99.8,6,1,recoded
BU17110107,Verspreide huizen Susteren,BU17110160,Verspreide huizen Susteren,99.7,10,1,recoded
BU17110108,Wolfskoul,BU17110165,Wolfskoul,99.8,2,1,recoded
BU17110153,Handelsterrein,BU17110153,Handelsterrein,99.9,3,1,unchanged
BU17110209,Dieteren,BU17110268,Dieteren,95.5,3,1,split
BU17110210,Verspreide huizen Dieteren,BU17110264,Verspreide huizen Dieteren,99.6,5,1,recoded
BU17110311,Heide,BU17110362,Heide,96.9,3,1,split
BU17110312,Recreatiepark Hommelheide,BU17110312,Recreatiepark Hommelheide,99.4,3,1,unchanged
BU17110313,Verspreide huizen Heide,BU17110313,Verspreide huizen Heide,99.5,6,1,unchanged
BU17110414,Illikhoven en Visserweert,BU17110414,Illikhoven/Visserweert,99.7,2,1,unchanged
BU17110415,Kokkelert,BU17110415,Kokkelert,95.0,3,1,split
BU17110416,Oud-Roosteren,BU17110416,Oud-Roosteren,100.0,1,1,unchanged
BU17110417,Roosteren,BU17110417,Roosteren,99.6,2,1,unchanged
BU17110418,Verspreide huizen Illikhoven en Visserweert,BU17110418,Verspreide huizen Illikhoven/Visserweert,99.0,5,1,split
BU17110419,Verspreide huizen Roosteren,BU17110419,Verspreide huizen Roosteren,100.0,4,1,unchanged
BU17110456,Buitengebied Oud-Roosteren,BU17110456,Buitengebied Oud-Roosteren,100.0,2,1,unchanged
BU17110520,Aasterberg,BU17110520,Aasterberg,100.0,1,1,unchanged
BU17110521,Berkelaar,BU17110521,Berkelaar,98.2,2,1,split
BU17110522,De Berk,BU17110522,De Berk,99.7,5,1,unchanged
BU17110523,De Loop,BU17110523,De Loop,88.2,5,1,split
BU17110524,Echt Centrum,BU17110524,Echt Centrum,68.9,7,1,split
BU17110525,Echt Noord,BU17110525,Echt Noord,100.0,7,1,unchanged
BU17110526,Gebroek,BU17110526,Gebroek,99.6,2,1,unchanged
BU17110527,Ophoven,BU17110527,Ophoven,99.7,3,1,unchanged
BU17110528,Businesspark Midden-Limburg,BU17110557,Businesspark Midden-Limburg,100.0,2,1,recoded
BU17110547,Buitengebied de Berk,BU17110547,Buitengebied De Berk,77.4,5,1,split
BU17110548,Buitengebied de Loop,BU17110548,Buitengebied De Loop,100.0,4,1,unchanged
BU17110549,Buitengebied Gebroek,BU17110549,Buitengebied Gebroek,99.2,7,1,unchanged
BU17110551,Buitengebied Ophoven,BU17110551,Buitengebied Ophoven,99.5,6,1,unchanged
BU17110554,Buitengebied Berkelaar,BU17110554,Buitengebied Berkelaar,98.8,5,1,split
BU17110555,Buitengebied Aasterberg,BU17110555,Buitengebied Aasterberg,99.9,3,1,unchanged
BU17110628,Diergaarde,BU17110628,Diergaarde,99.6,6,1,unchanged
BU17110629,Echterbosch,BU17110629,Echterbosch,100.0,4,1,unchanged
BU17110630,Maria Hoop,BU17110630,Maria Hoop,98.7,2,1,split
BU17110731,Hingen,BU17110731,Hingen,99.4,4,1,unchanged
BU17110732,Peij,BU17110732,Peij,99.9,6,1,unchanged
BU17110733,Peijerveld,BU17110733,Peijerveld,99.2,6,1,unchanged
BU17110734,Recreatiepark Marisheem,BU17110734,Recreatiepark Marisheem,50.4,3,1,split
BU17110735,Schilberg,BU17110735,Schilberg,100.0,5,1,unchanged
BU17110750,Buitengebied Hingen,BU17110750,Buitengebied Hingen,99.9,3,1,unchanged
BU17110836,Liboscherveld,BU17110836,Lilboscherveld,99.6,5,1,unchanged
BU17110837,Slek,BU17110837,Slek,98.7,2,1,split
BU17110938,Verspreide huizen Nieuwstadt,BU17110938,Verspreide huizen Nieuwstadt,97.2,4,1,split
BU17110939,Nieuwstadt Centrum,BU17110939,Nieuwstadt Centrum,99.6,3,1,unchanged
BU17110940,Cristina,BU17110940,Cristinawijk,83.2,3,1,split
BU17111041,Sint Joost,BU17111041,Sint Joost,98.7,3,1,split
BU17111042,Verspreide Huizen Sint Joost,BU17111042,Verspreide huizen Sint Joost,99.5,11,1,unchanged
BU17111143,Koningsbosch,BU17111143,Koningsbosch,98.1,2,1,split
BU17111144,Lackerbosch,BU17111144,Lackerbosch,99.6,4,1,unchanged
BU17111145,Spaanshuisken,BU17111145,Spaanshuisken,100.0,2,1,unchanged
BU17111146,Aan het Echterbos,BU17111146,Aan het Echterbosch,100.0,2,1,unchanged
BU17111152,Buitengebied Spaanshuisken,BU17111152,Buitengebied Spaanshuisken,98.8,3,1,split
BU17140000,Sluis,BU17140000,Sluis,100.0,1,1,unchanged
BU17140001,Sint Anna ter Muiden,BU17140001,Sint Anna ter Muiden,100.0,1,1,unchanged
BU17140009,Verspreide huizen Sluis,BU17140009,Verspreide huizen Sluis,100.0,1,1,unchanged
BU17140100,Retranchement,BU17140100,Retranchement,100.0,1,1,unchanged
BU17140109,Verspreide huizen Retranchement,BU17140109,Verspreide huizen Retranchement,99.1,2,1,unchanged
BU17140200,Aardenburg,BU17140200,Aardenburg,100.0,2,1,unchanged
BU17140209,Verspreide huizen Aardenburg,BU17140209,Verspreide huizen Aardenburg,100.0,2,1,unchanged
BU17140300,Eede,BU17140300,Eede,100.0,1,1,unchanged
BU17140309,Verspreide huizen Eede,BU17140309,Verspreide huizen Eede,100.0,1,1,unchanged
BU17140400,Sint Kruis,BU17140400,Sint Kruis,100.0,1,1,unchanged
BU17140409,Verspreide huizen Sint Kruis,BU17140409,Verspreide huizen Sint Kruis,100.0,1,1,unchanged
BU17140500,Oostburg,BU17140500,Oostburg,100.0,1,1,unchanged
BU17140509,Verspreide huizen Oostburg,BU17140509,Verspreide huizen Oostburg,100.0,1,1,unchanged
BU17140600,Zuidzande,BU17140600,Zuidzande,100.0,1,1,unchanged
BU17140609,Verspreide huizen Zuidzande,BU17140609,Verspreide huizen Zuidzande,100.0,1,1,unchanged
BU17140700,Cadzand,BU17140700,Cadzand,100.0,1,1,unchanged
BU17140701,Cadzand-Bad,BU17140701,Cadzand-Bad,99.1,2,1,unchanged
BU17140709,Verspreide huizen Cadzand,BU17140709,Verspreide huizen Cadzand,99.9,2,1,unchanged
BU17140800,Nieuwvliet,BU17140800,Nieuwvliet,100.0,1,1,unchanged
BU17140801,Nieuwvliet-Bad-Oost en -West,BU17140801,Nieuwvliet-Bad-Oost en -West,99.9,2,1,unchanged
BU17140809,Verspreide huizen Nieuwvliet,BU17140809,Verspreide huizen Nieuwvliet,98.8,2,1,split
BU17140900,Groede,BU17140900,Groede,100.0,1,1,unchanged
BU17140909,Verspreide huizen Groede,BU17140909,Verspreide huizen Groede,100.0,2,1,unchanged
BU17141000,Breskens,BU17141000,Breskens,99.9,3,1,unchanged
BU17141009,Verspreide huizen Breskens,BU17141009,Verspreide huizen Breskens,100.0,2,1,unchanged
BU17141100,Hoofdplaat,BU17141100,Hoofdplaat,100.0,1,1,unchanged
BU17141101,Nummer Eén en omgeving,BU17141101,Nummer Eén en omgeving,100.0,1,1,unchanged
BU17141108,Verspreide huizen Nummer Eén en Slijkplaat,BU17141108,Verspreide huizen Nummer Eén en Slijkplaat,99.5,2,1,unchanged
BU17141109,Overige verspreide huizen Hoofdplaat,BU17141109,Overige verspreide huizen Hoofdplaat,100.0,2,1,unchanged
BU17141200,IJzendijke,BU17141200,IJzendijke,100.0,1,1,unchanged
BU17141209,Verspreide huizen IJzendijke,BU17141209,Verspreide huizen IJzendijke,100.0,1,1,unchanged
BU17141300,Schoondijke,BU17141300,Schoondijke,100.0,1,1,unchanged
BU17141309,Verspreide huizen Schoondijke,BU17141309,Verspreide huizen Schoondijke,100.0,1,1,unchanged
BU17141400,Waterlandkerkje,BU17141400,Waterlandkerkje,100.0,1,1,unchanged
BU17141409,Verspreide huizen Waterlandkerkje,BU17141409,Verspreide huizen Waterlandkerkje,100.0,1,1,unchanged
BU17149998,,BU17149998,Buitenwater,97.7,12,1,split
BU17190000,Made,BU17190201,Verspreide huizen Made,25.0,12,3,merged
BU17190008,Tuinbouwgebied,BU17190201,Verspreide huizen Made,100.0,2,3,recoded
BU17190009,Verspreide huizen Made,BU17190201,Verspreide huizen Made,65.3,3,3,merged
BU17190100,Drimmelen,BU17190102,Verspreide huizen Drimmelen,42.1,4,2,merged
BU17190108,Verspreide huizen Biesbosch,BU17190101,Verspreide huizen Biesbosch,92.3,5,1,split
BU17190109,Verspreide huizen Drimmelen,BU17190102,Verspreide huizen Drimmelen,80.8,6,2,merged
BU17190200,Terheijden,BU17190306,Bergen,17.0,9,1,split
BU17190208,Verspreide huizen Binnenpolder,BU17190301,Verspreide huizen Terheijden,94.2,4,2,merged
BU17190209,Verspreide huizen Zonzeelsepolder,BU17190301,Verspreide huizen Terheijden,84.9,4,2,merged
BU17190300,Wagenberg,BU17190401,Verspreide huizen Wagenberg,60.3,6,2,merged
BU17190309,Verspreide huizen Wagenberg,BU17190401,Verspreide huizen Wagenberg,97.1,6,2,merged
BU17190400,Lage Zwaluwe inclusief Gaete,BU17190601,Verspreide huizen Lage Zwaluwe,31.1,6,3,merged
BU17190401,Blauwe Sluis,BU17190601,Verspreide huizen Lage Zwaluwe,75.2,3,3,merged
BU17190409,Verspreide huizen Lage Zwaluwe,BU17190601,Verspreide huizen Lage Zwaluwe,91.8,5,3,merged
BU17190500,Hooge Zwaluwe,BU17190504,De Heerlijkheid Hooge Zwaluwe,54.5,3,1,split
BU17190501,Helkant,BU17190503,Helkant,94.7,3,1,split
BU17190508,Verspreide huizen Groot Zonzeelsche Polder,BU17190502,Verspreide huizen Zevenbergschen Hoek,65.4,4,1,split
BU17190509,Verspreide huizen Hooge Zwaluwe,BU17190501,Verspreide huizen Hooge Zwaluwe,77.1,7,1,split
BU17210100,Vorstenbosch,BU17210601,Groote Heide,52.8,5,1,split
BU17210200,Heesch,BU17210401,De Bleeken - 't Grolder,33.4,26,2,merged
BU17210300,Nistelrode,BU17210603,Menzel,43.6,14,1,split
BU17210400,Loosbroek,BU17210505,Heische Wal - DintherseHoek,53.7,5,1,split
BU17210500,Heeswijk-Dinther,BU17210503,Heeswijkse Bosschen,24.6,18,1,split
BU17210600,Vinkel,BU17210401,De Bleeken - 't Grolder,61.9,2,2,merged
BU17220000,Ferwerd,BU19700800,Ferwerd,100.0,1,1,recoded (gemeente change)
BU17220001,Marrum,BU19700801,Marrum,100.0,1,1,recoded (gemeente change)
BU17220002,Blija,BU19700802,Blija,100.0,1,1,recoded (gemeente change)
BU17220003,Hogebeintum,BU19700803,Hogebeintum,100.0,1,1,recoded (gemeente change)
BU17220007,Verspreide huizen Ferwerd,BU19700807,Verspreide huizen Ferwerd,100.0,2,1,recoded (gemeente change)
BU17220008,Verspreide huizen Marrum-Westernijkerk,BU19700808,Verspreide huizen Marrum-Westernijkerk,100.0,1,1,recoded (gemeente change)
BU17220009,Verspreide huizen Blija,BU19700809,Verspreide huizen Blija,100.0,1,1,recoded (gemeente change)
BU17220100,Hallum,BU19700900,Hallum,100.0,1,1,recoded (gemeente change)
BU17220109,Verspreide huizen Hallum,BU19700909,Verspreide huizen Hallum,100.0,2,1,recoded (gemeente change)
BU17220200,Birdaard,BU19701000,Birdaard,100.0,1,1,recoded (gemeente change)
BU17220201,Wanswerd,BU19701001,Wanswerd,100.0,1,1,recoded (gemeente change)
BU17220202,Jislum,BU19701002,Jislum,100.0,1,1,recoded (gemeente change)
BU17220203,Genum,BU19701003,Genum,100.0,1,1,recoded (gemeente change)
BU17220204,Reitsum,BU19701004,Reitsum,100.0,1,1,recoded (gemeente change)
BU17220205,Lichtaard,BU19701005,Lichtaard,100.0,1,1,recoded (gemeente change)
BU17220206,Janum,BU19701006,Janum,100.0,1,1,recoded (gemeente change)
BU17220208,Verspreide huizen Birdaard,BU19701008,Verspreide huizen Birdaard,100.0,1,1,recoded (gemeente change)
BU17220209,Verspreide huizen Wanswerd,BU19701009,Verspreide huizen Wanswerd,100.0,1,1,recoded (gemeente change)
BU17229998,,BU19709998,Buitenwater,90.7,5,2,merged
BU17230000,Alphen,BU17230107,Buitengebied Alphen,35.0,6,3,merged
BU17230001,Villawijk 't Zand,BU17230107,Buitengebied Alphen,56.9,3,3,merged
BU17230009,Buitengebied Alphen,BU17230107,Buitengebied Alphen,98.8,6,3,merged
BU17230100,Chaam,BU17230203,Elsakker,21.8,7,1,split
BU17230108,Verspreide huizen in het Noordoosten,BU17230207,Buitengebied Chaam,98.7,5,2,merged
BU17230109,Verspreide huizen in het Zuidwesten,BU17230207,Buitengebied Chaam,99.0,6,2,merged
BU17230200,Galder,BU17230401,Kern Galder,67.3,2,1,split
BU17230208,Verspreide huizen Galder,BU17230402,Buitengebied Galder,96.1,3,1,split
BU17230209,Verspreide huizen Strijbeek,BU17230301,Strijbeek,99.4,3,1,recoded
BU17230809,Verspreide huizen Ulvenhout,BU17230501,Ulvenhout AC,58.3,4,1,split
BU17230909,Verspreide huizen Bavel,BU17230601,Bavel AC,54.5,2,1,split
BU17240000,Bergeyk-Hof,BU17240001,Broekstraat-Hoek-Lijnt-Eijkereind,15.7,25,1,split
BU17240001,Bergeyk-Loo,BU17240607,Buitengebied Noord-West 2,34.9,9,3,merged
BU17240002,Industrieterrein Bergeyk,BU17240017,Industrieterrein ' 't Stoom ',65.9,8,1,split
BU17240008,Verspreide huizen Bergeyk-Hof,BU17240610,Buitengebied Zuid 2,37.5,12,1,split
BU17240009,Verspreide huizen Bergeyk-Loo,BU17240609,Buitengebied Zuid 1,52.2,8,1,split
BU17240100,Weebosch,BU17240101,Weebosch,47.3,4,1,split
BU17240109,Verspreide huizen Weebosch,BU17240608,Buitengebied Zuid-West,81.0,4,2,merged
BU17240200,Luyksgestel,BU17240607,Buitengebied Noord-West 2,21.3,14,3,merged
BU17240201,Rijt,BU17240607,Buitengebied Noord-West 2,93.8,4,3,merged
BU17240209,Verspreide huizen,BU17240608,Buitengebied Zuid-West,66.2,4,2,merged
BU17240300,Riethoven,BU17240304,Dorpsstraat e.o.,27.5,7,1,split
BU17240301,Walik en De Hobbel,BU17240307,Walik,74.2,3,1,split
BU17240309,Verspreide huizen Riethoven,BU17240603,Buitengebied Noord 3,40.8,9,2,merged
BU17240400,Westerhoven,BU17240401,Heijerstraat-Loveren,30.1,10,1,split
BU17240401,Loveren en Braambosch,BU17240603,Buitengebied Noord 3,34.0,8,2,merged
BU17240409,Verspreide huizen Westerhoven,BU17240605,Buitengebied Zuid-Oost,64.2,5,1,split
BU17280000,Bladel,BU17280009,Verspreide huizen Bladel,23.2,10,3,merged
BU17280001,Industrieterrein Bladel,BU17280001,Bladel Bedrijventerrein De Sleutel,67.9,4,1,split
BU17280008,Verspreide huizen ten noorden van Bladel,BU17280009,Verspreide huizen Bladel,94.8,7,3,merged
BU17280009,Verspreide huizen ten zuiden van Bladel,BU17280009,Verspreide huizen Bladel,99.6,6,3,unchanged
BU17280100,Netersel,BU17280100,Netersel,71.6,2,1,split
BU17280109,Verspreide huizen Netersel,BU17280109,Verspreide huizen Netersel,93.9,4,1,split
BU17280200,Hapert,BU17280209,Verspreide huizen Hapert,28.1,8,3,merged
BU17280201,Industrieterrein Hapert,BU17280201,Industrieterrein Hapert,94.7,6,1,split
BU17280202,Dalem,BU17280209,Verspreide huizen Hapert,100.0,1,3,recoded
BU17280209,Verspreide huizen Hapert,BU17280209,Verspreide huizen Hapert,87.0,10,3,merged
BU17280300,Hoogeloon,BU17280300,Hoogeloon,63.3,3,1,split
BU17280301,Hoogcasteren en omgeving,BU17280301,Hoogcasteren en omgeving,100.0,1,1,unchanged
BU17280309,Verspreide huizen Hoogeloon,BU17280309,Verspreide huizen Hoogeloon,83.5,7,1,split
BU17280400,Casteren,BU17280409,Verspreide huizen Casteren,54.2,4,2,merged
BU17280409,Verspreide huizen Casteren,BU17280409,Verspreide huizen Casteren,94.5,6,2,merged
BU17290000,Gulpen,BU17290000,Gulpen,100.0,2,1,unchanged
BU17290001,Ingber-De Hut,BU17290001,Ingber-De Hut,100.0,1,1,unchanged
BU17290002,"Euverem, Pesaken, Billinghuizen en Waterop",BU17290002,"Euverem, Pesaken, Billinghuizen en Waterop",100.0,1,1,unchanged
BU17290003,Reijmerstok,BU17290003,Reijmerstok,100.0,1,1,unchanged
BU17290009,Verspreide huizen,BU17290009,Verspreide huizen,100.0,2,1,unchanged
BU17290100,Wijlre,BU17290100,Wijlre,100.0,1,1,unchanged
BU17290101,Etenaken,BU17290101,Etenaken,100.0,1,1,unchanged
BU17290102,Stokhem-Beertsenhoven,BU17290102,Stokhem-Beertsenhoven,100.0,1,1,unchanged
BU17290103,Elkenrade,BU17290103,Elkenrade,100.0,1,1,unchanged
BU17290109,Verspreide huizen,BU17290109,Verspreide huizen,100.0,1,1,unchanged
BU17290200,Eys-Overeys,BU17290200,Eys-Overeys,100.0,1,1,unchanged
BU17290201,Trintelen,BU17290201,Trintelen,100.0,1,1,unchanged
BU17290202,Eyserheide,BU17290202,Eyserheide,100.0,1,1,unchanged
BU17290209,Verspreide huizen,BU17290209,Verspreide huizen,100.0,1,1,unchanged
BU17290300,Partij-Wittem,BU17290300,Partij-Wittem,100.0,1,1,unchanged
BU17290301,Wahlwiller,BU17290301,Wahlwiller,100.0,1,1,unchanged
BU17290302,Nijswiller,BU17290302,Nijswiller,100.0,1,1,unchanged
BU17290309,Verspreide huizen,BU17290309,Verspreide huizen,100.0,1,1,unchanged
BU17290400,Mechelen,BU17290400,Mechelen,100.0,1,1,unchanged
BU17290401,Hilleshagen,BU17290401,Hilleshagen,100.0,1,1,unchanged
BU17290402,Schweiberg-Dal,BU17290402,Schweiberg-Dal,100.0,1,1,unchanged
BU17290409,Verspreide huizen,BU17290409,Verspreide huizen,100.0,1,1,unchanged
BU17290500,Epen,BU17290500,Epen,100.0,1,1,unchanged
BU17290501,Eperheide,BU17290501,Eperheide,100.0,1,1,unchanged
BU17290509,Verspreide huizen,BU17290509,Verspreide huizen,100.0,1,1,unchanged
BU17290600,Slenaken,BU17290600,Slenaken,100.0,1,1,unchanged
BU17290601,Heijenrade,BU17290601,Heijenrade,100.0,1,1,unchanged
BU17290602,Beutenaken,BU17290602,Beutenaken,100.0,1,1,unchanged
BU17290603,Schilberg-Hoogcruts,BU17290603,Schilberg-Hoogcruts,100.0,1,1,unchanged
BU17300000,Zuidlaren,BU17300000,Zuidlaren,100.0,1,1,unchanged
BU17300001,Zuid-Es,BU17300001,Zuid-Es,100.0,2,1,unchanged
BU17300009,Verspreide huizen Zuidlaren,BU17300009,Verspreide huizen Zuidlaren,97.8,2,1,split
BU17300100,De Groeve,BU17300100,De Groeve,100.0,1,1,unchanged
BU17300109,Verspreide huizen De Groeve,BU17300109,Verspreide huizen De Groeve,96.6,2,1,split
BU17300200,Zuidlaarderveen,BU17300200,Zuidlaarderveen,100.0,1,1,unchanged
BU17300209,Verspreide huizen Zuidlaarderveen,BU17300209,Verspreide huizen Zuidlaarderveen,100.0,1,1,unchanged
BU17300300,Midlaren,BU17300300,Midlaren,100.0,1,1,unchanged
BU17300309,Verspreide huizen Midlaren,BU17300309,Verspreide huizen Midlaren,100.0,1,1,unchanged
BU17300400,Westlaren,BU17300400,Westlaren,100.0,1,1,unchanged
BU17300401,Westlaren Noord,BU17300401,Westlaren Noord,97.1,2,1,split
BU17300402,Verspreide huizen Westlaren,BU17300402,Verspreide huizen Westlaren,100.0,1,1,unchanged
BU17300403,Westlaren-West,BU17300403,Westlaren-West,100.0,1,1,unchanged
BU17300500,Schuilingsoord,BU17300500,Schuilingsoord,100.0,1,1,unchanged
BU17300509,Verspreide huizen Schuilingsoord,BU17300509,Verspreide huizen Schuilingsoord,100.0,1,1,unchanged
BU17300600,Paterswolde,BU17300600,Paterswolde,100.0,1,1,unchanged
BU17300609,Verspreide huizen Paterswolde,BU17300609,Verspreide huizen Paterswolde,100.0,1,1,unchanged
BU17300700,Eelde,BU17300700,Eelde,100.0,1,1,unchanged
BU17300701,Oosterbroek en vliegveld,BU17300701,Oosterbroek en vliegveld,100.0,1,1,unchanged
BU17300709,Verspreide huizen Eelde,BU17300709,Verspreide huizen Eelde,100.0,1,1,unchanged
BU17300800,Eelderwolde,BU17300800,Eelderwolde,83.3,2,1,split
BU17300809,Verspreide huizen Eelderwolde,BU17300809,Verspreide huizen Eelderwolde,79.2,2,1,split
BU17300900,Vries,BU17300900,Vries,100.0,1,1,unchanged
BU17300909,Verspreide huizen Vries,BU17300909,Verspreide huizen Vries,95.8,2,1,split
BU17301000,Donderen,BU17301000,Donderen,100.0,1,1,unchanged
BU17301009,Verspreide huizen Donderen,BU17301009,Verspreide huizen Donderen,100.0,1,1,unchanged
BU17301100,Bunne,BU17301100,Bunne,100.0,1,1,unchanged
BU17301101,Winde,BU17301101,Winde,100.0,1,1,unchanged
BU17301108,Verspreide huizen Winde,BU17301108,Verspreide huizen Winde,100.0,1,1,unchanged
BU17301109,Verspreide huizen Bunne,BU17301109,Verspreide huizen Bunne,100.0,1,1,unchanged
BU17301200,Yde,BU17301200,Yde,100.0,1,1,unchanged
BU17301201,De Punt,BU17301201,De Punt,100.0,1,1,unchanged
BU17301208,Verspreide huizen De Punt,BU17301208,Verspreide huizen De Punt,100.0,1,1,unchanged
BU17301209,Verspreide huizen Yde,BU17301209,Verspreide huizen Yde,100.0,1,1,unchanged
BU17301300,Tynaarlo,BU17301300,Tynaarlo,100.0,1,1,unchanged
BU17301309,Verspreide huizen Tynaarlo,BU17301309,Verspreide huizen Tynaarlo,97.2,3,1,split
BU17301400,Zeegse,BU17301400,Zeegse,100.0,1,1,unchanged
BU17301401,Oudemolen,BU17301401,Oudemolen,100.0,1,1,unchanged
BU17301402,Taarlo,BU17301402,Taarlo,100.0,1,1,unchanged
BU17301407,Verspreide huizen Zeegse,BU17301407,Verspreide huizen Zeegse,100.0,1,1,unchanged
BU17301408,Verspreide huizen Oudemolen,BU17301408,Verspreide huizen Oudemolen,100.0,1,1,unchanged
BU17301409,Verspreide huizen Taarlo,BU17301409,Verspreide huizen Taarlo,100.0,1,1,unchanged
BU17301500,Zeijen,BU17301500,Zeijen,100.0,1,1,unchanged
BU17301509,Verspreide huizen Zeijen,BU17301509,Verspreide huizen Zeijen,100.0,1,1,unchanged
BU17310000,Beilen,BU17310000,Beilen,100.0,1,1,unchanged
BU17310001,Lieving Makkum,BU17310001,Lieving Makkum,100.0,1,1,unchanged
BU17310002,Holthe,BU17310002,Holthe,100.0,1,1,unchanged
BU17310003,Brunsting,BU17310003,Brunsting,100.0,1,1,unchanged
BU17310009,Verspreide huizen Beilen,BU17310009,Verspreide huizen Beilen,100.0,1,1,unchanged
BU17310100,Hijken,BU17310100,Hijken,100.0,1,1,unchanged
BU17310101,Oranje,BU17310101,Oranje,100.0,1,1,unchanged
BU17310109,Verspreide huizen Hijken,BU17310109,Verspreide huizen Hijken,100.0,1,1,unchanged
BU17310200,Hooghalen,BU17310200,Hooghalen,100.0,1,1,unchanged
BU17310201,Laaghalen,BU17310201,Laaghalen,100.0,1,1,unchanged
BU17310209,Verspreide huizen Hooghalen,BU17310209,Verspreide huizen Hooghalen,100.0,1,1,unchanged
BU17310300,Wijster,BU17310300,Wijster,100.0,1,1,unchanged
BU17310309,Verspreide huizen Wijster,BU17310309,Verspreide huizen Wijster,100.0,1,1,unchanged
BU17310400,Spier,BU17310400,Spier,100.0,1,1,unchanged
BU17310409,Verspreide huizen Spier,BU17310409,Verspreide huizen Spier,100.0,1,1,unchanged
BU17310500,Drijber,BU17310500,Drijber,100.0,1,1,unchanged
BU17310509,Verspreide huizen Drijber,BU17310509,Verspreide huizen Drijber,100.0,1,1,unchanged
BU17310600,Smilde-Centrum,BU17310600,Smilde-Centrum,100.0,1,1,unchanged
BU17310601,Smilde-Noord,BU17310601,Smilde-Noord,100.0,1,1,unchanged
BU17310602,Smilde-Zuid,BU17310602,Smilde-Zuid,100.0,1,1,unchanged
BU17310609,Verspreide huizen Smilde,BU17310609,Verspreide huizen Smilde,100.0,1,1,unchanged
BU17310700,Bovensmilde-Centrum,BU17310700,Bovensmilde-Centrum,100.0,1,1,unchanged
BU17310701,Bovensmilde-Noord,BU17310701,Bovensmilde-Noord,100.0,1,1,unchanged
BU17310702,Bovensmilde-Zuid,BU17310702,Bovensmilde-Zuid,100.0,1,1,unchanged
BU17310709,Verspreide huizen Bovensmilde,BU17310709,Verspreide huizen Bovensmilde,100.0,1,1,unchanged
BU17310800,Hoogersmilde-Centrum,BU17310800,Hoogersmilde-Centrum,100.0,1,1,unchanged
BU17310801,Hoogersmilde-Noord,BU17310801,Hoogersmilde-Noord,100.0,1,1,unchanged
BU17310802,Hoogersmilde-Zuid,BU17310802,Hoogersmilde-Zuid,100.0,1,1,unchanged
BU17310809,Verspreide huizen Hoogersmilde,BU17310809,Verspreide huizen Hoogersmilde,100.0,1,1,unchanged
BU17310900,Westerbork,BU17310900,Westerbork,100.0,1,1,unchanged
BU17310901,Eursinge,BU17310901,Eursinge,100.0,1,1,unchanged
BU17310909,Verspreide huizen Westerbork,BU17310909,Verspreide huizen Westerbork,100.0,1,1,unchanged
BU17311000,Elp,BU17311000,Elp,100.0,1,1,unchanged
BU17311001,Zuidveld,BU17311001,Zuidveld,100.0,1,1,unchanged
BU17311009,Verspreide huizen Elp,BU17311009,Verspreide huizen Elp,100.0,1,1,unchanged
BU17311100,Witteveen,BU17311100,Witteveen,100.0,1,1,unchanged
BU17311109,Verspreide huizen Witteveen,BU17311109,Verspreide huizen Witteveen,100.0,1,1,unchanged
BU17311200,Nieuw-Balinge,BU17311200,Nieuw-Balinge,100.0,1,1,unchanged
BU17311209,Verspreide huizen Nieuw-Balinge,BU17311209,Verspreide huizen Nieuw-Balinge,100.0,1,1,unchanged
BU17311309,Verspreide huizen Nieuweroord,BU17311309,Verspreide huizen Nieuweroord,100.0,1,1,unchanged
BU17311400,Zwiggelte,BU17311400,Zwiggelte,100.0,1,1,unchanged
BU17311409,Verspreide huizen Zwiggelte,BU17311409,Verspreide huizen Zwiggelte,100.0,1,1,unchanged
BU17311500,Orvelte,BU17311500,Orvelte,100.0,1,1,unchanged
BU17311509,Verspreide huizen Orvelte,BU17311509,Verspreide huizen Orvelte,100.0,1,1,unchanged
BU17311600,Garminge,BU17311600,Garminge,100.0,1,1,unchanged
BU17311601,Balinge,BU17311601,Balinge,100.0,1,1,unchanged
BU17311602,Mantinge,BU17311602,Mantinge,100.0,1,1,unchanged
BU17311609,Verspreide huizen de Broekstreek,BU17311609,Verspreide huizen de Broekstreek,100.0,1,1,unchanged
BU17340000,Elst-Noordwest,BU17340305,Hollanderbroek,28.5,8,1,split
BU17340001,Elst-Zuidwest,BU17340202,de Wuurde,20.3,14,1,split
BU17340002,Elst-Noordoost,BU17340301,de Helster,22.0,11,1,split
BU17340003,Elst-Zuidoost,BU17340402,De Aam,52.4,13,1,split
BU17340007,Verspreide huizen Homoet,BU17340103,Buitengebied Hollanderbroek,87.7,4,2,merged
BU17340008,Westeraam,BU17340102,Buitengebied Elst Oost,83.2,8,1,split
BU17340009,Verspreide huizen poldergebied ten westen van spoorlijn,BU17340103,Buitengebied Hollanderbroek,45.4,22,2,merged
BU17340100,Driel,BU17341806,Buitengebied Driel Keulse Kamp-GrietenKamp-Leedjes,34.6,10,1,split
BU17340101,Heteren,BU17341503,Poort van Midden-Gelderland Noord 1/2/3,22.7,10,1,split
BU17340102,Randwijk,BU17341402,Buitengebied Randwijk,52.1,3,2,merged
BU17340104,Verspreide huizen op de oeverwal Randwijk,BU17341402,Buitengebied Randwijk,48.4,7,2,merged
BU17340105,Verspreide huizen Lakemond en Indoornik,BU17341404,Buitengebied Lakemond,60.0,5,1,split
BU17340106,Verspreide huizen op de oeverwal Heteren,BU17341601,Uiterwaarden Heteren,60.4,7,1,split
BU17340107,Verspreide huizen polder Heteren,BU17341602,Buitengebied Heteren Boterhoek-Weerbroek,37.2,11,1,split
BU17340108,Verspreide huizen op de oeverwal Driel,BU17341803,Uiterwaarden Driel,48.4,8,1,split
BU17340109,Verspreide huizen poldergebied Driel,BU17341801,Buitengebied Driel Noordhoek en Boltweg,54.9,6,1,split
BU17340200,Zetten,BU17341107,Omg. Vluchtheuvellaan,21.6,11,1,split
BU17340201,Zetten omgeving station,BU17341103,"Omg. Sterappel, Loohof en Zetten Zuid",52.8,8,1,split
BU17340202,Andelst,BU17341006,Kern Andelst,34.9,6,1,split
BU17340203,Valburg,BU17341701,Buitengebied Valburg Zuid,44.4,5,1,split
BU17340204,Herveld,BU17340901,Buitengebied Herveld Zuid,86.8,3,2,merged
BU17340205,Verspreide huizen Homoet (gedeeltelijk),BU17341903,Buitengebied Homoet,99.8,3,1,recoded
BU17340206,Verspreide huizen Zettense Veld,BU17341003,Buitengebied Andelst,40.3,5,1,split
BU17340207,Verspreide huizen Andelst,BU17341001,Wolferen,25.6,11,1,split
BU17340208,Verspreide huizen Zetten,BU17340904,Buitengebied Herveldse Veld,40.6,10,1,split
BU17340209,Verspreide huizen Valburg,BU17341705,Buitengebied De Meilanden,31.1,14,1,split
BU17340210,Verspreide huizen Herveld,BU17340901,Buitengebied Herveld Zuid,48.5,8,2,merged
BU17340300,Oosterhout,BU17340704,Buitengebied Oosterhout West,32.4,6,1,split
BU17340301,Slijk-Ewijk,BU17340801,Loenen,52.1,4,2,merged
BU17340309,Verspreide huizen Oosterhout,BU17340801,Loenen,22.4,14,2,merged
BU17340400,Hemmen,BU17341302,Buitengebied Hemmen,79.3,3,2,merged
BU17340409,Verspreide huizen Hemmen,BU17341302,Buitengebied Hemmen,97.9,6,2,merged
BU17350000,Centrum-Goor,BU17350000,Centrum-Goor,100.0,1,1,unchanged
BU17350001,De Whee I,BU17350001,De Whee I,100.0,1,1,unchanged
BU17350002,Bungalow-wijk,BU17350002,Bungalow-wijk,100.0,1,1,unchanged
BU17350003,Heeckeren,BU17350003,Heeckeren,100.0,1,1,unchanged
BU17350004,Dr. Schaepmanbuurt,BU17350004,Dr. Schaepmanbuurt,100.0,1,1,unchanged
BU17350005,Gijmink,BU17350005,Gijmink,100.0,1,1,unchanged
BU17350006,Waterhoek,BU17350006,Waterhoek,100.0,1,1,unchanged
BU17350007,Industriegebied Spechthorst I,BU17350007,Industriegebied Spechthorst I,100.0,1,1,unchanged
BU17350008,De Meene,BU17350008,De Meene,100.0,1,1,unchanged
BU17350009,Industriegebied Kevelhammerhoek,BU17350009,Industriegebied Kevelhammerhoek,100.0,1,1,unchanged
BU17350100,De Whee II-Noord,BU17350100,De Whee II-Noord,100.0,1,1,unchanged
BU17350101,De Whee II-Zuid,BU17350101,De Whee II-Zuid,100.0,1,1,unchanged
BU17350102,Industriegebied Spechthorst II,BU17350102,Industriegebied Spechthorst II,100.0,1,1,unchanged
BU17350109,Kerspel,BU17350109,Kerspel,100.0,1,1,unchanged
BU17350200,Markelo,BU17350200,Markelo,100.0,1,1,unchanged
BU17350206,Verspreide huizen Markelerbroek,BU17350206,Verspreide huizen Markelerbroek,100.0,1,1,unchanged
BU17350207,Verspreide huizen Stokkum,BU17350207,Verspreide huizen Stokkum,100.0,1,1,unchanged
BU17350208,Verspreide huizen Herike,BU17350208,Verspreide huizen Herike,100.0,1,1,unchanged
BU17350209,Verspreide huizen Markelo,BU17350209,Verspreide huizen Markelo,100.0,1,1,unchanged
BU17350309,Verspreide huizen Kerspel en Goor,BU17350309,Verspreide huizen Kerspel en Goor,100.0,1,1,unchanged
BU17350407,Verspreide huizen Elsen,BU17350407,Verspreide huizen Elsen,100.0,1,1,unchanged
BU17350408,Verspreide huizen Elsenerbroek,BU17350408,Verspreide huizen Elsenerbroek,100.0,1,1,unchanged
BU17350409,Verspreide huizen Elzenerveen en Borkeld,BU17350409,Verspreide huizen Elzenerveen en Borkeld,100.0,1,1,unchanged
BU17350500,Diepenheim-Noord,BU17350500,Diepenheim-Noord,100.0,1,1,unchanged
BU17350501,Diepenheim-Zuid,BU17350501,Diepenheim-Zuid,100.0,1,1,unchanged
BU17350508,Verspreide huizen Markvelde,BU17350508,Verspreide huizen Markvelde,100.0,1,1,unchanged
BU17350509,Verspreide huizen Kerspel en Schipbeek,BU17350509,Verspreide huizen Kerspel en Schipbeek,100.0,1,1,unchanged
BU17350600,Delden-Centrum,BU17350600,Delden-Centrum,100.0,1,1,unchanged
BU17350601,Oud Zuiderhagen,BU17350601,Oud Zuiderhagen,100.0,1,1,unchanged
BU17350602,Greekerinckskamp,BU17350602,Greekerinckskamp,100.0,1,1,unchanged
BU17350603,'t Kip,BU17350603,'t Kip,100.0,1,1,unchanged
BU17350604,Schoppenstee,BU17350604,Schoppenstee,100.0,1,1,unchanged
BU17350605,Vogelweiden,BU17350605,Vogelweiden,100.0,1,1,unchanged
BU17350606,Hooijerinkses,BU17350606,Hooijerinkses,100.0,1,1,unchanged
BU17350607,Sint Annabrink,BU17350607,Sint Annabrink,100.0,1,1,unchanged
BU17350608,Rupertserf,BU17350608,Rupertserf,100.0,1,1,unchanged
BU17350609,Vossenbrink en De Braak,BU17350609,Vossenbrink en De Braak,100.0,1,1,unchanged
BU17350700,Industrieterrein-Delden,BU17350700,Industrieterrein-Delden,100.0,1,1,unchanged
BU17350709,Verspreide huizen Deldeneresch,BU17350709,Verspreide huizen Deldeneresch,100.0,1,1,unchanged
BU17350800,Hengevelde,BU17350800,Hengevelde,100.0,1,1,unchanged
BU17350805,Verspreide huizen Hengevelde,BU17350805,Verspreide huizen Hengevelde,100.0,1,1,unchanged
BU17350806,Verspreide huizen Deldeneresch,BU17350806,Verspreide huizen Deldeneresch,100.0,1,1,unchanged
BU17350807,Verspreide huizen Deldenerbroek,BU17350807,Verspreide huizen Deldenerbroek,100.0,1,1,unchanged
BU17350808,Verspreide huizen Azelo,BU17350808,Verspreide huizen Azelo,100.0,1,1,unchanged
BU17350809,Verspreide huizen Zeldam,BU17350809,Verspreide huizen Zeldam,100.0,1,1,unchanged
BU17350900,Bentelo kern,BU17350900,Bentelo kern,100.0,1,1,unchanged
BU17350908,Verspreide huizen Wiene,BU17350908,Verspreide huizen Wiene,100.0,1,1,unchanged
BU17350909,Verspreide huizen Bentelo,BU17350909,Verspreide huizen Bentelo,100.0,1,1,unchanged
BU17400000,Kesteren,BU17400000,Kesteren,100.0,1,1,unchanged
BU17400001,Opheusden,BU17400001,Opheusden,100.0,1,1,unchanged
BU17400006,Verspreide huizen Lede en Oudewaard,BU17400006,Verspreide huizen Lede en Oudewaard,100.0,1,1,unchanged
BU17400007,Verspreide huizen Kesteren,BU17400007,Verspreide huizen Kesteren,100.0,1,1,unchanged
BU17400008,Verspreide huizen Opheusden,BU17400008,Verspreide huizen Opheusden,100.0,1,1,unchanged
BU17400009,Verspreide huizen poldergebied,BU17400009,Verspreide huizen poldergebied,100.0,1,1,unchanged
BU17400100,Ochten,BU17400100,Ochten,100.0,1,1,unchanged
BU17400101,Echteld,BU17400101,Echteld,100.0,1,1,unchanged
BU17400102,IJzendoorn,BU17400102,IJzendoorn,100.0,1,1,unchanged
BU17400103,Pottemsestraat en Groenestraat en omgeving,BU17400103,Pottemsestraat en Groenestraat en omgeving,100.0,1,1,unchanged
BU17400106,Verspreide huizen Echteld-Waalbandijk,BU17400106,Verspreide huizen Echteld-Waalbandijk,100.0,1,1,unchanged
BU17400107,Verspreide huizen Echteld,BU17400107,Verspreide huizen Echteld,100.0,1,1,unchanged
BU17400108,Verspreide huizen IJzendoorn,BU17400108,Verspreide huizen IJzendoorn,100.0,1,1,unchanged
BU17400109,Verspreide huizen Ochten,BU17400109,Verspreide huizen Ochten,100.0,1,1,unchanged
BU17400200,Kom Dodewaard met Hien,BU17400200,Kom Dodewaard met Hien,100.0,1,1,unchanged
BU17400201,Kom Wely,BU17400201,Kom Wely,100.0,1,1,unchanged
BU17400208,Verspreide huizen Dodewaard-Oost en Wely,BU17400208,Verspreide huizen Dodewaard-Oost en Wely,100.0,1,1,unchanged
BU17400209,Verspreide huizen Dodewaard-West,BU17400209,Verspreide huizen Dodewaard-West,100.0,1,1,unchanged
BU17420000,Kern-Rijssen,BU17420000,Kern-Rijssen,97.1,6,1,split
BU17420001,Kern rand Noord,BU17420007,Kern rand Noord,46.0,5,1,split
BU17420002,Kern rand Oost,BU17421109,Hangerad en Oosterhofesch,53.8,6,2,merged
BU17420003,Kern rand Zuid,BU17420006,Stad West,37.7,6,1,split
BU17420100,Lenfert en omgeving,BU17421109,Hangerad en Oosterhofesch,32.4,9,2,merged
BU17420101,De Delle,BU17421006,Plan Zuid,55.8,4,1,split
BU17420102,Braakmanslanden,BU17421001,Braakmanslanden midden,41.0,7,1,split
BU17420104,Dannenberg,BU17420904,Dannenberg,99.6,3,1,recoded
BU17420105,Veeneslagen,BU17420902,Veeneslagen West,58.0,5,1,split
BU17420106,Opbroek,BU17421106,Het Opbroek zuid,43.7,4,1,split
BU17420207,Verspreide huizen Ligtenberg,BU17420207,Verspreide huizen Ligtenberg,92.2,3,1,split
BU17420208,Verspreide huizen Zuidrand en omgeving,BU17420208,Verspreide huizen Zuidrand en omgeving,98.4,5,1,split
BU17420209,Verspreide huizen Nieuwland en omgeving,BU17420209,Verspreide huizen Nieuwland en omgeving,99.9,3,1,unchanged
BU17420300,Holten-Kom en De Kol,BU17420311,De Kol en Noordenberg,53.6,5,1,split
BU17420301,Holten-De Haar,BU17420301,Holten-De Haar,86.1,3,1,split
BU17420302,Holten ten noorden van de spoorlijn,BU17420302,Holten ten noorden van de spoorlijn,98.6,7,1,split
BU17420303,De Holterberg,BU17420303,De Holterberg,98.5,5,1,split
BU17420304,Villaterrein Look,BU17420304,Villaterrein De Look,99.6,3,1,unchanged
BU17420305,De Beuseberg,BU17420305,De Beuseberg,100.0,1,1,unchanged
BU17420308,Lukensveld,BU17420308,Lukensveld,91.1,2,1,split
BU17420309,Liesen,BU17420309,Liesen,99.8,3,1,unchanged
BU17420401,Industrieterrein de Haar,BU17420401,Industrieterrein de Haar,98.6,2,1,split
BU17420402,Vletgaarsmaten,BU17420402,Vletgaarsmaten,99.0,4,1,split
BU17420500,Buurtschap Neerdorp,BU17420500,Buurtschap Neerdorp,99.0,9,1,split
BU17420501,Buurtschap Holterbroek,BU17420501,Buurtschap Holterbroek,100.0,3,1,unchanged
BU17420502,Buurtschap Beuseberg,BU17420502,Buurtschap Beuseberg,100.0,5,1,unchanged
BU17420503,Buurtschap Espelo,BU17420503,Buurtschap Espelo,98.5,4,1,split
BU17420504,Buurtschap Borkeld,BU17420504,Buurtschap Borkeld,98.6,4,1,split
BU17420505,Buurtschap Look,BU17420505,Buurtschap Look,97.3,11,1,split
BU17420506,Buurtschap Holterberg,BU17420506,Buurtschap Holterberg,99.8,7,1,unchanged
BU17420507,Buurtschap Lichtenberg,BU17420507,Buurtschap Lichtenberg,99.9,4,1,unchanged
BU17420508,Dijkerhoek kern,BU17420508,Dijkerhoek kern,90.0,2,1,split
BU17420509,Verspreide huizen Dijkerhoek,BU17420509,Verspreide huizen Dijkerhoek,99.2,5,1,unchanged
BU17420701,De Mors en Plaagslagen,BU17420701,De Mors en Plaagslagen,99.1,5,1,unchanged
BU17420801,Zomerhuisjesterrein De Borkeld,BU17420801,Zomerhuisjesterrein De Borkeld,99.7,3,1,unchanged
BU17710000,Centrum,BU17710000,Centrum,97.2,5,1,split
BU17710001,Skandia,BU17710001,Skandia,99.6,4,1,unchanged
BU17710002,Akert,BU17710002,Akert,99.9,2,1,unchanged
BU17710003,Zesgehuchten,BU17710003,Zesgehuchten,90.7,6,1,split
BU17710004,Braakhuizen-Noord,BU17710004,Braakhuizen-Noord,97.5,5,1,split
BU17710005,Braakhuizen-Zuid,BU17710005,Braakhuizen-Zuid,97.5,6,1,split
BU17710006,Coevering,BU17710006,Coevering,61.9,6,1,split
BU17710007,Genoenhuis,BU17710007,Genoenhuis,83.9,4,1,split
BU17710009,Gijzenrooi,BU17710009,Buitengebied Geldrop- West,89.1,4,1,split
BU17710100,Mierlo,BU17710111,Neerakkers,27.3,5,1,split
BU17710109,Verspreide huizen Mierlo,BU17710114,Buitengebied Mierlo,97.5,7,1,split
BU17730111,Olst Centrum-West,BU17730111,Olst Centrum-West,100.0,1,1,unchanged
BU17730112,Olst Centrum-Oost,BU17730112,Olst Centrum-Oost,100.0,1,1,unchanged
BU17730113,Stationswijk en Industrieweg,BU17730113,Stationswijk en Industrieweg,100.0,2,1,unchanged
BU17730114,Kortrick en Zonnekamp,BU17730114,Kortrick en Zonnekamp,100.0,1,1,unchanged
BU17730115,Buitengebied Olst,BU17730115,Buitengebied Olst,100.0,1,1,unchanged
BU17730216,Wijhe Centrum,BU17730216,Wijhe Centrum,100.0,1,1,unchanged
BU17730217,Peperkamp en De Enk,BU17730217,Peperkamp en De Enk,100.0,1,1,unchanged
BU17730218,Krijtenberg en Noorder Koeslag,BU17730218,Krijtenberg en Noorder Koeslag,100.0,1,1,unchanged
BU17730219,Buitengebied Wijhe,BU17730219,Buitengebied Wijhe,100.0,1,1,unchanged
BU17730320,Wesepe Kern,BU17730320,Wesepe Kern,100.0,1,1,unchanged
BU17730321,Buitengebied Wesepe,BU17730321,Buitengebied Wesepe,100.0,2,1,unchanged
BU17730422,Boskamp Kern,BU17730422,Boskamp Kern,100.0,1,1,unchanged
BU17730423,Buitengebied Boskamp,BU17730423,Buitengebied Boskamp,100.0,1,1,unchanged
BU17730524,Boerhaar Kern,BU17730524,Boerhaar Kern,100.0,1,1,unchanged
BU17730525,Buitengebied Boerhaar,BU17730525,Buitengebied Boerhaar,100.0,1,1,unchanged
BU17730626,Welsum,BU17730626,Welsum,100.0,1,1,unchanged
BU17730727,Den Nul Kern,BU17730727,Den Nul Kern,100.0,1,1,unchanged
BU17730728,Buitengebied Den Nul,BU17730728,Buitengebied Den Nul,100.0,1,1,unchanged
BU17730829,Eikelhof,BU17730829,Eikelhof,100.0,1,1,unchanged
BU17730930,Elshof,BU17730930,Elshof,100.0,1,1,unchanged
BU17731031,Marle,BU17731031,Marle,100.0,1,1,unchanged
BU17731132,Middel,BU17731132,Middel,100.0,2,1,unchanged
BU17731233,Herxen,BU17731233,Herxen,100.0,1,1,unchanged
BU17741010,Centrum,BU17741010,Centrum,98.6,4,1,split
BU17741011,Kerkeres,BU17741011,Kerkeres,97.4,4,1,split
BU17741012,Klokkenberg,BU17741012,Klokkenberg,94.0,5,1,split
BU17741013,Dorper-Es,BU17741013,Dorper-Es,95.0,3,1,split
BU17741014,Veldkamp en Borchert,BU17741014,Veldkamp en Borchert,98.3,5,1,split
BU17741015,Janskamp,BU17741015,Janskamp,97.7,5,1,split
BU17741017,Diepengoor,BU17741017,Diepengoor,94.0,6,1,split
BU17741020,'t Pierik,BU17741020,'t Pierik,92.9,5,1,split
BU17741050,Kloppendijk,BU17741050,Kloppendijk,100.0,2,1,unchanged
BU17741051,Sombeek,BU17741021,Remerink en Denekamp Oost,55.1,5,1,split
BU17741099,Buitengebied Denekamp,BU17741099,Buitengebied Denekamp,99.9,7,1,unchanged
BU17741110,Lattrop kern,BU17741110,Lattrop kern,99.0,2,1,split
BU17741198,Verspreide huizen Breklenkamp,BU17741198,Verspreide huizen Breklenkamp,100.0,2,1,unchanged
BU17741199,Verspreide huizen Lattrop,BU17741199,Verspreide huizen Lattrop,96.8,6,1,split
BU17741210,Tilligte kern,BU17741210,Tilligte kern,93.7,2,1,split
BU17741299,Verspreide huizen Tilligte,BU17741299,Verspreide huizen Tilligte,98.7,4,1,split
BU17741398,Verspreide huizen Groot Agelo,BU17741398,Verspreide huizen Groot Agelo,99.8,3,1,unchanged
BU17741399,Verspreide huizen Klein Agelo,BU17741399,Verspreide huizen Klein Agelo,98.2,7,1,split
BU17741410,Noord Deurningen kern,BU17741410,Noord Deurningen kern,97.1,2,1,split
BU17741499,Verspreide huizen Noord Deurningen,BU17741499,Verspreide huizen Noord Deurningen,99.8,4,1,unchanged
BU17741510,Ootmarsum Kern,BU17741510,Ootmarsum Kern,100.0,1,1,unchanged
BU17741511,Ootmarsum Randkern,BU17741511,Ootmarsum Randkern,91.3,8,1,split
BU17741512,Ootmarsum villapark Stobbenkamp,BU17741512,villapark Stobbenkamp,98.9,2,1,split
BU17741513,Ootmarsum Cellenkamp Palthenkamp,BU17741513,Cellenkamp Palthenkamp,96.1,6,1,split
BU17741514,Moerbekkenkamp,BU17741514,Moerbekkenkamp,98.0,3,1,split
BU17741515,Wildehof,BU17741515,Wildehof,98.1,3,1,split
BU17741516,Vinke-Brookhuis,BU17741516,Vinke-Brookhuis,99.7,2,1,unchanged
BU17741550,De Mors,BU17741550,De Mors,99.7,3,1,unchanged
BU17741598,Verspreide huizen Ootmarsum-Oost,BU17741598,Verspreide huizen Ootmarsum-Oost,99.6,2,1,unchanged
BU17741599,Buitengebied Ootmarsum-West,BU17741599,Verspreide huizen Ootmarsum-West,99.2,6,1,unchanged
BU17741610,Weerselo,BU17741610,Weerselo kern,96.2,4,1,split
BU17741611,Eertman,BU17741611,Eertman,97.3,6,1,split
BU17741612,Reestman,BU17741612,Reestman,97.5,3,1,split
BU17741613,'t Stift,BU17741613,'t Stift,100.0,1,1,unchanged
BU17741614,'t Spikkert,BU17741614,'t Spikkert,94.6,4,1,split
BU17741650,Echelpoel,BU17741650,Echelpoel,98.1,3,1,split
BU17741699,Verspreide huizen Weerselo,BU17741699,Verspreide huizen Weerselo,99.9,6,1,unchanged
BU17741710,Rossum,BU17741710,Rossum kern,98.9,2,1,split
BU17741799,Verspreide huizen Rossum,BU17741799,Verspreide huizen Rossum,99.7,3,1,unchanged
BU17741810,Saasveld,BU17741810,Saasveld kern,99.5,2,1,unchanged
BU17741899,Verspreide huizen Saasveld,BU17741899,Verspreide huizen Saasveld,99.9,4,1,unchanged
BU17741910,Kern Deurningen,BU17741910,Deurningen kern,99.2,2,1,unchanged
BU17741999,Verspreide huizen Deurningen,BU17741999,Verspreide huizen Deurningen,98.8,4,1,split
BU17742099,Verspreide huizen Nutter,BU17742099,Verspreide huizen Nutter,96.5,3,1,split
BU17742199,Verspreide huizen Oud Ootmarsum,BU17742199,Verspreide huizen Oud Ootmarsum,98.3,4,1,split
BU17830101,Naaldwijk Centrumgebied,BU17830101,Naaldwijk Centrumgebied,100.0,1,1,unchanged
BU17830103,Opstal,BU17830103,Opstal,100.0,1,1,unchanged
BU17830105,Geestcomplex,BU17830105,Geestcomplex,100.0,1,1,unchanged
BU17830113,Pijletuinen,BU17830113,Pijletuinen,100.0,1,1,unchanged
BU17830154,Buitengebied Naaldwijk,BU17830151,Buitengebied 2 Naaldwijk,53.6,3,1,split
BU17830155,Bedrijventerrein De Woerd,BU17830155,Bedrijventerrein De Woerd,100.0,1,1,unchanged
BU17830157,Hoge Bomen,BU17830157,Hoge Bomen,100.0,1,1,unchanged
BU17830159,Hoogeland Oost,BU17830159,Hoogeland Oost,100.0,1,1,unchanged
BU17830160,Hoogeland West,BU17830160,Hoogeland West,100.0,1,1,unchanged
BU17830161,Woerdblok,BU17830161,Woerdblok,100.0,1,1,unchanged
BU17830201,Honselersdijk centrum,BU17830201,Honselersdijk centrum,100.0,1,1,unchanged
BU17830207,Vogelwijk,BU17830207,Vogelwijk,100.0,1,1,unchanged
BU17830211,Burgemeesterswijk,BU17830211,Burgemeesterswijk,100.0,1,1,unchanged
BU17830251,Bedrijventerrein Honsel,BU17830251,Bedrijventerrein Honsel,100.0,1,1,unchanged
BU17830253,Achter de Dijk,BU17830253,Achter de Dijk,100.0,1,1,unchanged
BU17830256,Bedrijventerrein Bloemenveiling,BU17830256,Bedrijventerrein Bloemenveiling,100.0,1,1,unchanged
BU17830257,Buitengebied Honselersdijk,BU17830257,Buitengebied Honselersdijk,100.0,1,1,unchanged
BU17830301,Woonkern maasdijk,BU17830301,Woonkern maasdijk,100.0,1,1,unchanged
BU17830306,Bedrijventerrein De Hoeven,BU17830306,Bedrijventerrein De Hoeven,100.0,1,1,unchanged
BU17830311,Kruisbroek,BU17830111,Kruisbroek,100.0,1,1,recoded
BU17830351,Bedrijventerrein Honderland & Coldenhove,BU17830351,Bedrijventerrein Honderland & Coldenhove,100.0,2,1,unchanged
BU17830352,Buitengebied Maasdijk,BU17830352,Buitengebied Maasdijk,100.0,1,1,unchanged
BU17830401,centrumgebied 's-Gravenzande,BU17830401,centrumgebied 's-Gravenzande,100.0,1,1,unchanged
BU17830402,Zandevelt,BU17830402,Zandevelt,100.0,1,1,unchanged
BU17830403,V/d kasteelewijk,BU17830403,V/d kasteelewijk,100.0,1,1,unchanged
BU17830404,Oudeland,BU17830404,Oudeland,100.0,1,1,unchanged
BU17830405,Edelstenenwijk,BU17830405,Edelstenenwijk,100.0,1,1,unchanged
BU17830406,Vreeburgh,BU17830406,Vreeburgh,100.0,1,1,unchanged
BU17830407,Dorp oost,BU17830407,Dorp oost,100.0,1,1,unchanged
BU17830408,Nieuwe Vaart,BU17830408,Nieuwe Vaart,100.0,1,1,unchanged
BU17830409,Bedrijventerrein Teylingen,BU17830409,Bedrijventerrein Teylingen,100.0,1,1,unchanged
BU17830410,Heenweg,BU17830410,Heenweg,100.0,1,1,unchanged
BU17830420,'s-Gravenzande Buitengebied,BU17830420,'s-Gravenzande Buitengebied,100.0,1,1,unchanged
BU17830421,Kust 's-Gravenzande,BU17830421,Kust 's-Gravenzande,98.5,2,1,split
BU17830480,Het Nieuwe water,BU17830480,Het Nieuwe water,100.0,1,1,unchanged
BU17830502,Monster Centrumgebied,BU17830502,Monster Centrumgebied,100.0,1,1,unchanged
BU17830504,Kleine Geest en Molenwijk,BU17830504,Kleine Geest en Molenwijk,100.0,1,1,unchanged
BU17830505,Zwartenhoek,BU17830505,Zwartenhoek,100.0,1,1,unchanged
BU17830506,Grote Geest en Molenwijk,BU17830506,Grote Geest en Molenwijk,100.0,1,1,unchanged
BU17830507,Polanen,BU17830507,Polanen,100.0,1,1,unchanged
BU17830508,Westlandse Zoom De Duinen,BU17830508,Westlandse Zoom De Duinen,100.0,1,1,unchanged
BU17830509,Buitengebied Monster,BU17830509,Buitengebied Monster,100.0,3,1,unchanged
BU17830510,Westerhonk,BU17830510,Westerhonk,100.0,1,1,unchanged
BU17830511,Bedrijventerrein Vlotlaan,BU17830511,Bedrijventerrein Vlotlaan,100.0,1,1,unchanged
BU17830521,Kust Monster,BU17830512,Kust Monster,99.3,2,1,recoded
BU17830601,Kwintsheul-Oost,BU17830601,Wateringen Centrumgebied,100.0,1,1,unchanged
BU17830602,Plan Zuid,BU17830602,Plan Zuid,100.0,1,1,unchanged
BU17830606,Hofwijk  en Oranjehof,BU17830606,Hofwijk en Oranjehof,100.0,1,1,unchanged
BU17830607,Wateringen Noord en Ambachtshof,BU17830607,Wateringen Noord en Ambachtshof,100.0,1,1,unchanged
BU17830608,Suydervelt,BU17830608,Suydervelt,100.0,1,1,unchanged
BU17830609,Buitengebied wateringen,BU17830609,Buitengebied 1 wateringen,71.9,2,1,split
BU17830610,Vliettuinen,BU17830610,Vliettuinen,100.0,2,1,unchanged
BU17830611,Essellanden,BU17830611,Essellanden,100.0,2,1,unchanged
BU17830612,Bedrijventerrein Wateringen,BU17830612,Bedrijventerrein Wateringen,100.0,1,1,unchanged
BU17830701,Buitengebied De Lier,BU17830701,Buitengebied 1 De Lier,96.1,2,1,split
BU17830702,Bedrijventerrein Westerlee,BU17830702,Bedrijventerrein Westerlee,100.0,1,1,unchanged
BU17830703,De Lier Centrumgebied,BU17830703,De Lier Centrumgebied,100.0,1,1,unchanged
BU17830710,De Lier West,BU17830710,De Lier West,100.0,1,1,unchanged
BU17830711,Sportpark de Zweth,BU17830711,Sportpark de Zweth,100.0,1,1,unchanged
BU17830712,Bleyenburg,BU17830712,Bleyenburg,100.0,1,1,unchanged
BU17830713,Molensloot,BU17830713,Molensloot,100.0,1,1,unchanged
BU17830714,Zeehelden van Oranje,BU17830714,Zeehelden van Oranje,100.0,1,1,unchanged
BU17830801,Kwintsheul Centrumgebied,BU17830801,Kwintsheul Centrumgebied,100.0,1,1,unchanged
BU17830802,Bedrijventerrein Bovendijk,BU17830802,Bedrijventerrein Bovendijk,100.0,1,1,unchanged
BU17830803,Buitengebied Kwintsheul,BU17830803,Buitengebied Kwintsheul,100.0,1,1,unchanged
BU17830900,Buitengebied Poelldijk-Oost,BU17830906,Buitengebied 1 Poeldijk,100.0,1,1,recoded
BU17830901,Poeldijk Centrumgebied,BU17830901,Poeldijk Centrumgebied,100.0,1,1,unchanged
BU17830902,Poeldijk Noord,BU17830902,Poeldijk Noord,100.0,1,1,unchanged
BU17830903,Westhof en Dijkpolder,BU17830903,Westhof en Dijkpolder,100.0,1,1,unchanged
BU17830904,Bedrijventerrein ABC Westland,BU17830904,Bedrijventerrein ABC Westland,100.0,1,1,unchanged
BU17830905,Bedrijventerrein Mercurius,BU17830905,Bedrijventerrein Mercurius,100.0,1,1,unchanged
BU17830966,Buitengebied Poeldijk-West,BU17830907,Buitengebied 2 Poeldijk,100.0,1,1,recoded
BU17831001,Ter Heijde,BU17831001,Ter Heijde,100.0,1,1,unchanged
BU17839998,,BU17839998,Buitenwater,83.1,3,1,split
BU18420000,Schipluiden,BU18420000,Schipluiden,100.0,1,1,unchanged
BU18420001,Den Hoorn,BU18420001,Den Hoorn,100.0,1,1,unchanged
BU18420002,Hodenpijl,BU18420002,Hodenpijl,100.0,1,1,unchanged
BU18420004,Gaag-Schipluiden,BU18420004,Gaag-Schipluiden,100.0,1,1,unchanged
BU18420005,Negenhuizen en Zouteveen,BU18420005,Negenhuizen en Zouteveen,100.0,2,1,unchanged
BU18420007,'t Woudt,BU18420007,'t Woudt,100.0,1,1,unchanged
BU18420009,Verspreide huizen Schipluiden,BU18420009,Verspreide huizen Schipluiden,100.0,1,1,unchanged
BU18420100,Maasland,BU18420100,Maasland,100.0,1,1,unchanged
BU18420101,Ter Lucht,BU18420101,Ter Lucht,100.0,1,1,unchanged
BU18420103,Gaag-Maasland,BU18420103,Gaag-Maasland,100.0,2,1,unchanged
BU18420106,Dijkpolder,BU18420106,Dijkpolder,100.0,1,1,unchanged
BU18420108,Verspreide huizen Dijkpolder,BU18420108,Verspreide huizen Dijkpolder,100.0,1,1,unchanged
BU18420109,Verspreide huizen Duifpolder en omgeving,BU18420109,Verspreide huizen Duifpolder en omgeving,100.0,1,1,unchanged
BU18590000,Borculo Oude-Centrum,BU18590000,Borculo Centrum,96.7,3,1,split
BU18590001,Borculo overige komgebieden,BU18590013,Industrieterrein Borculo,25.4,13,1,split
BU18590002,Uitbreidingsplan Hambroek,BU18590002,Hambroek,71.2,6,1,split
BU18590003,Geesteren,BU18590003,Geesteren,52.1,2,1,split
BU18590004,Gelselaar,BU18590004,Gelselaar,53.2,2,1,split
BU18590005,Haarlo,BU18590005,Haarlo,65.9,2,1,split
BU18590006,Verspreide huizen Gelselaar,BU18590006,Verspreide huizen Gelselaar,98.4,4,1,split
BU18590007,Verspreide huizen Geesteren,BU18590007,Verspreide huizen Geesteren,98.3,11,1,split
BU18590008,Verspreide huizen Borculo,BU18590008,Verspreide huizen Borculo,99.6,8,1,unchanged
BU18590009,Verspreide huizen Haarlo,BU18590009,Verspreide huizen Haarlo,95.7,9,1,split
BU18590100,Eibergen-Centrum en -Oost,BU18590119,Prins Bernhardstraat eo,16.5,11,1,split
BU18590101,Eibergen-West,BU18590124,Industrieterrein De Kiefte,23.3,15,1,split
BU18590102,Rekken,BU18590109,Verspreide huizen Rekken,52.2,2,3,merged
BU18590103,Stichting Rekken,BU18590109,Verspreide huizen Rekken,100.0,1,3,recoded
BU18590104,Verspreide huizen Hupsel-West,BU18590104,Verspreide huizen Hupsel-West,93.6,8,1,split
BU18590105,Verspreide huizen Hupsel-Oost,BU18590105,Verspreide huizen Hupsel-Oost,92.0,6,1,split
BU18590106,Verspreide huizen Holterhoek,BU18590106,Verspreide huizen Holterhoek,85.8,10,1,split
BU18590107,Verspreide huizen Mallem en Loo,BU18590107,Verspreide huizen Mallem en Loo,95.8,8,1,split
BU18590108,Verspreide huizen Olden en Eibergen,BU18590108,Verspreide huizen Olden Eibergen,96.6,8,1,split
BU18590109,Verspreide huizen Rekken,BU18590109,Verspreide huizen Rekken,99.0,3,3,merged
BU18590200,Beltrum,BU18590200,Beltrum,97.8,2,1,split
BU18590206,Verspreide huizen Voor-Beltrum,BU18590206,Verspreide huizen Voor-Beltrum,96.2,3,1,split
BU18590207,Verspreide huizen Beltrum Lintvelde en Avest,BU18590207,Verspreide huizen Beltrum Lintvelde en Avest,97.8,8,1,split
BU18590209,Verspreide huizen Beltrumsche Veld,BU18590209,Verspreide huizen Beltrumsche Veld,99.9,2,1,unchanged
BU18590300,Neede,BU18590319,Industerrein Neede,18.2,12,1,split
BU18590301,Noordijk,BU18590308,Verspreide huizen Noordijk,61.4,2,2,merged
BU18590302,Rietmolen,BU18590302,Rietmolen,72.5,2,1,split
BU18590307,Verspreide huizen Rietmolen en Broeke,BU18590307,Verspreide huizen Rietmolen en Broeke,94.8,4,1,split
BU18590308,Verspreide huizen Noordijk,BU18590308,Verspreide huizen Noordijk,98.7,5,2,merged
BU18590309,Verspreide huizen Neede,BU18590309,Verspreide huizen Neede,92.5,10,1,split
BU18590400,Ruurlo,BU18590416,Leusinkbrink,28.7,10,1,split
BU18590405,Verspreide huizen Ruurlo,BU18590405,Verspreide huizen Ruurlo,98.5,10,1,split
BU18590406,Verspreide huizen Veldhoek,BU18590406,Verspreide huizen Veldhoek,99.7,4,1,unchanged
BU18590407,Verspreide huizen Heurne,BU18590407,Verspreide huizen Heurne,99.6,4,1,unchanged
BU18590408,Verspreide huizen Zuidelijk Broek,BU18590408,Verspreide huizen Zuidelijk Broek,99.8,7,1,unchanged
BU18590410,Verspreide huizen Ruurlosche Broek,BU18590410,Verspreide huizen Ruurlosche Broek,99.5,3,1,unchanged
BU18760000,Hengelo,BU18760000,Hengelo,100.0,1,1,unchanged
BU18760001,Keijenborg,BU18760001,Keijenborg,100.0,1,1,unchanged
BU18760002,Veldhoek,BU18760002,Veldhoek,100.0,1,1,unchanged
BU18760004,Verspreide huizen Keijenborg,BU18760004,Verspreide huizen Keijenborg,100.0,1,1,unchanged
BU18760005,Verspreide huizen Dunsborg,BU18760005,Verspreide huizen Dunsborg,100.0,1,1,unchanged
BU18760006,Verspreide huizen Hengelo en Noordink,BU18760006,Verspreide huizen Hengelo en Noordink,100.0,1,1,unchanged
BU18760007,Verspreide huizen Bekveld en Gooi,BU18760007,Verspreide huizen Bekveld en Gooi,100.0,1,1,unchanged
BU18760008,Verspreide huizen Varssel,BU18760008,Verspreide huizen Varssel,100.0,1,1,unchanged
BU18760009,Verspreide huizen Zuidelijk bosgebied,BU18760009,Verspreide huizen Zuidelijk bosgebied,100.0,1,1,unchanged
BU18760100,Zelhem,BU18760100,Zelhem,100.0,1,1,unchanged
BU18760101,Halle,BU18760101,Halle,100.0,1,1,unchanged
BU18760102,Velswijk,BU18760102,Velswijk,100.0,1,1,unchanged
BU18760103,Verspreide huizen Zelhem,BU18760103,Verspreide huizen Zelhem,100.0,1,1,unchanged
BU18760104,Verspreide huizen Halle,BU18760104,Verspreide huizen Halle,100.0,2,1,unchanged
BU18760105,Verspreide huizen Velswijk,BU18760105,Verspreide huizen Velswijk,100.0,1,1,unchanged
BU18760200,Vorden,BU18760200,Vorden,100.0,1,1,unchanged
BU18760201,Kranenburg,BU18760201,Kranenburg,100.0,1,1,unchanged
BU18760202,Wichmond,BU18760202,Wichmond,100.0,1,1,unchanged
BU18760203,Verspreide huizen Vierakker,BU18760203,Verspreide huizen Vierakker,100.0,1,1,unchanged
BU18760204,Verspreide huizen Wichmond,BU18760204,Verspreide huizen Wichmond,100.0,1,1,unchanged
BU18760207,"Verspreide huizen Linde, Mossel en Wildenborch",BU18760207,"Verspreide huizen Linde, Mossel en Wildenborch",100.0,1,1,unchanged
BU18760208,Verspreide huizen Grote Veld,BU18760208,Verspreide huizen Grote Veld,100.0,1,1,unchanged
BU18760209,Verspreide huizen Delden en Veldwijk,BU18760209,Verspreide huizen Delden en Veldwijk,100.0,1,1,unchanged
BU18760300,Steenderen,BU18760300,Steenderen,100.0,1,1,unchanged
BU18760301,Bronkhorst,BU18760301,Bronkhorst,100.0,1,1,unchanged
BU18760302,Baak,BU18760302,Baak,100.0,1,1,unchanged
BU18760303,Olburgen,BU18760303,Olburgen,100.0,1,1,unchanged
BU18760304,Rha,BU18760304,Rha,100.0,1,1,unchanged
BU18760305,Toldijk,BU18760305,Toldijk,100.0,1,1,unchanged
BU18760306,Verspreide huizen Bakerwaard,BU18760306,Verspreide huizen Bakerwaard,100.0,1,1,unchanged
BU18760307,Verspreide huizen Olburgen en Rha,BU18760307,Verspreide huizen Olburgen en Rha,100.0,1,1,unchanged
BU18760308,Verspreide huizen Baak,BU18760308,Verspreide huizen Baak,100.0,1,1,unchanged
BU18760309,Verspreide huizen Toldijk,BU18760309,Verspreide huizen Toldijk,100.0,1,1,unchanged
BU18760310,Verspreide huizen Steenderen,BU18760310,Verspreide huizen Steenderen,100.0,1,1,unchanged
BU18760400,Hummelo,BU18760400,Hummelo,100.0,1,1,unchanged
BU18760401,Hoog-Keppel,BU18760401,Hoog-Keppel,100.0,1,1,unchanged
BU18760402,Laag-Keppel,BU18760402,Laag-Keppel,100.0,1,1,unchanged
BU18760403,Drempt,BU18760403,Drempt,100.0,1,1,unchanged
BU18760404,Achterdrempt,BU18760404,Achterdrempt,100.0,1,1,unchanged
BU18760405,Verspreide huizen ten noorden van Drempt,BU18760405,Verspreide huizen ten noorden van Drempt,100.0,1,1,unchanged
BU18760406,Verspreide huizen Hummelo,BU18760406,Verspreide huizen Hummelo,100.0,1,1,unchanged
BU18760407,Verspreide huizen Hummelo-Broek,BU18760407,Verspreide huizen Hummelo-Broek,100.0,1,1,unchanged
BU18760408,Verspreide huizen ten zuidoosten van Hummelo,BU18760408,Verspreide huizen ten zuidoosten van Hummelo,100.0,1,1,unchanged
BU18760409,Verspreide huizen Hoog-Keppel,BU18760409,Verspreide huizen Hoog-Keppel,100.0,1,1,unchanged
BU18760410,Verspreide huizen Oude IJsselgebied,BU18760410,Verspreide huizen Oude IJsselgebied,100.0,1,1,unchanged
BU18830001,Limbrichterveld,BU18830001,Limbrichterveld,100.0,1,1,unchanged
BU18830008,Industrieterrein Bergerweg-Rosengarten,BU18830008,Industrieterrein Bergerweg-Rosengarten,100.0,1,1,unchanged
BU18830100,Sittard-Centrum,BU18830100,Sittard-Centrum,100.0,1,1,unchanged
BU18830101,Sanderbout,BU18830101,Sanderbout,100.0,1,1,unchanged
BU18830102,Ophoven,BU18830102,Ophoven,100.0,1,1,unchanged
BU18830103,Kollenberg-Park Leyenbroek,BU18830103,Kollenberg-Park Leyenbroek,100.0,1,1,unchanged
BU18830109,Omgeving Watersley,BU18830109,Omgeving Watersley,100.0,1,1,unchanged
BU18830200,Overhoven,BU18830200,Overhoven,100.0,1,1,unchanged
BU18830201,Baandert,BU18830201,Baandert,100.0,1,1,unchanged
BU18830202,Stadbroek,BU18830202,Stadbroek,100.0,1,1,unchanged
BU18830203,Vrangendael,BU18830203,Vrangendael,100.0,1,1,unchanged
BU18830204,Broeksittard,BU18830204,Broeksittard,100.0,1,1,unchanged
BU18830205,Kemperkoul,BU18830205,Kemperkoul,100.0,1,1,unchanged
BU18830208,Industrieterrein Noord,BU18830208,Industrieterrein Noord,100.0,1,1,unchanged
BU18830209,Omgeving Schwienswei,BU18830209,Omgeving Schwienswei,100.0,1,1,unchanged
BU18830300,Munstergeleen,BU18830300,Munstergeleen,100.0,1,1,unchanged
BU18830301,Wintraak,BU18830301,Wintraak,100.0,1,1,unchanged
BU18830400,Guttecoven,BU18830400,Guttecoven,100.0,1,1,unchanged
BU18830401,Limbricht,BU18830401,Limbricht,100.0,1,1,unchanged
BU18830402,Einighausen,BU18830402,Einighausen,100.0,1,1,unchanged
BU18830501,Geleen-Centrum,BU18830501,Geleen-Centrum,100.0,1,1,unchanged
BU18830502,Geleen-Noord,BU18830502,Geleen-Noord,100.0,1,1,unchanged
BU18830503,Lindenheuvel,BU18830503,Lindenheuvel,100.0,1,1,unchanged
BU18830504,Geleen-Zuid,BU18830504,Geleen-Zuid,100.0,1,1,unchanged
BU18830505,Kluis,BU18830505,Kluis,100.0,1,1,unchanged
BU18830506,Oud-Geleen en Haesselderveld,BU18830506,Oud-Geleen en Haesselderveld,100.0,1,1,unchanged
BU18830507,Industriegebied D.S.M. en Graetheide,BU18830507,Industriegebied D.S.M. en Graetheide,100.0,1,1,unchanged
BU18830601,Holtum,BU18830601,Holtum,100.0,1,1,unchanged
BU18830602,Buchten,BU18830602,Buchten,100.0,1,1,unchanged
BU18830603,Born,BU18830603,Born,100.0,1,1,unchanged
BU18830604,Hondsbroek,BU18830604,Hondsbroek,100.0,1,1,unchanged
BU18830606,Graetheide,BU18830606,Graetheide,100.0,1,1,unchanged
BU18830607,Industriegebied,BU18830607,Industriegebied,100.0,1,1,unchanged
BU18830609,Omgeving Limbrichterbos-Wolfrath,BU18830609,Omgeving Limbrichterbos-Wolfrath,100.0,1,1,unchanged
BU18830700,Obbicht,BU18830700,Obbicht,100.0,1,1,unchanged
BU18830701,Papenhoven,BU18830701,Papenhoven,100.0,1,1,unchanged
BU18830702,Grevenbicht,BU18830702,Grevenbicht,100.0,1,1,unchanged
BU18840000,Roelofarendsveen,BU18840000,Roelofarendsveen,100.0,1,1,unchanged
BU18840001,Oude Wetering,BU18840001,Oude Wetering,100.0,1,1,unchanged
BU18840002,Roelofarendsveen-Noord,BU18840002,Roelofarendsveen-Noord,100.0,1,1,unchanged
BU18840003,Burgemeesterswijk,BU18840003,Burgemeesterswijk,100.0,1,1,unchanged
BU18840004,Tuinbouwgebied,BU18840004,Tuinbouwgebied,100.0,1,1,unchanged
BU18840101,Nieuwe Wetering,BU18840101,Nieuwe Wetering,100.0,1,1,unchanged
BU18840102,Rijpwetering,BU18840102,Rijpwetering,100.0,1,1,unchanged
BU18840104,Oud Ade en Zevenhuizen,BU18840104,Oud Ade en Zevenhuizen,100.0,1,1,unchanged
BU18840105,Kaag,BU18840105,Kaag,100.0,1,1,unchanged
BU18840107,Verspreide huizen Veenderpolder,BU18840107,Verspreide huizen Veenderpolder,100.0,1,1,unchanged
BU18840109,Overige verspreide huizen,BU18840109,Overige verspreide huizen,100.0,1,1,unchanged
BU18840200,Woubrugge,BU18840200,Woubrugge,100.0,1,1,unchanged
BU18840201,Ofwegen,BU18840201,Ofwegen,100.0,1,1,unchanged
BU18840202,Hoogmade,BU18840202,Hoogmade,100.0,1,1,unchanged
BU18840203,Woubrugge-West,BU18840203,Woubrugge-West,100.0,1,1,unchanged
BU18840207,Verspreide huizen Vierambachtspolder,BU18840207,Verspreide huizen Vierambachtspolder,100.0,1,1,unchanged
BU18840208,Verspreide huizen Oudendijkse polder,BU18840208,Verspreide huizen Oudendijkse polder,100.0,1,1,unchanged
BU18840209,Overige verspreide huizen,BU18840209,Overige verspreide huizen,100.0,1,1,unchanged
BU18840300,Rijnsaterwoude,BU18840300,Rijnsaterwoude,100.0,1,1,unchanged
BU18840309,Verspreide huizen Rijnsaterwoude,BU18840309,Verspreide huizen Rijnsaterwoude,100.0,1,1,unchanged
BU18840400,Leimuiden,BU18840400,Leimuiden,100.0,1,1,unchanged
BU18840402,Vriezekoop,BU18840402,Vriezekoop,100.0,1,1,unchanged
BU18840404,Bilderdam,BU18840404,Bilderdam,100.0,1,1,unchanged
BU18840405,Uitbreiding West,BU18840405,Uitbreiding West,100.0,1,1,unchanged
BU18840407,Verspreide huizen Vriezekoopse polder,BU18840407,Verspreide huizen Vriezekoopse polder,100.0,1,1,unchanged
BU18840408,Verspreide huizen West,BU18840408,Verspreide huizen West,100.0,1,1,unchanged
BU18840409,Verspreide huizen Oost,BU18840409,Verspreide huizen Oost,100.0,1,1,unchanged
BU18910000,Damwâld,BU18910000,Damwâld,100.0,1,1,unchanged
BU18910001,Broeksterwâld,BU18910001,Broeksterwâld,100.0,1,1,unchanged
BU18910002,De Falom,BU18910002,De Falom,100.0,1,1,unchanged
BU18910008,Verspreide huizen Damwâld,BU18910008,Verspreide huizen Damwâld,100.0,1,1,unchanged
BU18910009,Verspreide huizen Broeksterwâld,BU18910009,Verspreide huizen Broeksterwâld,100.0,1,1,unchanged
BU18910100,Driezum,BU18910100,Driezum,100.0,1,1,unchanged
BU18910101,Wâlterswâld,BU18910101,Wâlterswâld,100.0,1,1,unchanged
BU18910108,Verspreide huizen Driezum,BU18910108,Verspreide huizen Driezum,100.0,1,1,unchanged
BU18910109,Verspreide huizen Wâlterswâld,BU18910109,Verspreide huizen Wâlterswâld,100.0,1,1,unchanged
BU18910200,De Westereen,BU18910200,De Westereen,100.0,1,1,unchanged
BU18910201,Feanwâlden,BU18910201,Feanwâlden,100.0,1,1,unchanged
BU18910202,Readtsjerk,BU18910202,Readtsjerk,100.0,1,1,unchanged
BU18910208,Verspreide huizen De Westereen,BU18910208,Verspreide huizen De Westereen,100.0,1,1,unchanged
BU18910209,Verspreide huizen Feanwâlden,BU18910209,Verspreide huizen Feanwâlden,100.0,1,1,unchanged
BU18910300,Rinsumageast,BU18910300,Rinsumageast,100.0,1,1,unchanged
BU18910301,Sibrandahûs,BU18910301,Sibrandahûs,100.0,1,1,unchanged
BU18910309,Verspreide huizen Rinsumageast,BU18910309,Verspreide huizen Rinsumageast,100.0,1,1,unchanged
BU18920101,Kern Moerkapelle,BU18920101,Kern Moerkapelle,99.6,6,1,unchanged
BU18920102,Wilde Veenen,BU18920102,Wilde Veenen,99.7,2,1,unchanged
BU18920103,Moerkapelle West,BU18920103,Moerkapelle-West,100.0,1,1,unchanged
BU18920104,Moerkapelle Oost,BU18920104,Moerkapelle-Oost,98.7,3,1,split
BU18920105,Moerkapelle bedrijventerrein,BU18920105,Bedrijventerrein Moerkapelle,98.7,3,1,split
BU18920106,Moerkapelle kassengebied,BU18920106,Moerkapelle kassengebied,100.0,2,1,unchanged
BU18920191,Verspreide huizen Moerkapelle,BU18920191,Verspreide bebouwing Moerkapelle,96.7,4,1,split
BU18920201,Kern Zevenhuizen,BU18920201,Kern Zevenhuizen,100.0,2,1,unchanged
BU18920202,Swanla,BU18920202,Swanla,96.2,2,1,split
BU18920203,Bloemenbuurt,BU18920203,Zevenhuizen Bloemenbuurt,100.0,3,1,unchanged
BU18920204,Zevenhuizen bedrijventerrein,BU18920204,Bedrijventerrein Zevenhuizen,89.1,3,1,split
BU18920205,Zevenhuizen-West 1,BU18920205,Zevenhuizen-West 1,100.0,1,1,unchanged
BU18920206,Zevenhuizen-West 2,BU18920206,Zevenhuizen-West 2,98.9,3,1,split
BU18920207,Recreatiepark De Korenmolen,BU18920207,Recreatiepark De Korenmolen,99.6,2,1,unchanged
BU18920208,Recreatiepark De Bonk,BU18920208,Recreatiepark De Bonk,100.0,1,1,unchanged
BU18920209,Oud Verlaat,BU18920210,Zevenhuizerplas,58.5,3,1,split
BU18920291,Verspreide huizen Tweemanspolder,BU18920291,Verspreide bebouwing Tweemanspolder,100.0,4,1,unchanged
BU18920292,Verspreide huizen Zuidplaspolder,BU18920292,Verspreide bebouwing Zuidplaspolder Zevenhuizen,93.5,9,1,split
BU18920293,Verspreide huizen Eendragtspolder,BU18920293,Verspreide bebouwing Eendragtspolder,99.9,4,1,unchanged
BU18920301,Kern Moordrecht,BU18920301,Kern Moordrecht,100.0,1,1,unchanged
BU18920302,Bloemenbuurt,BU18920302,Moordrecht Bloemenbuurt,100.0,1,1,unchanged
BU18920303,Dorp Noord,BU18920303,Dorp Noord,100.0,2,1,unchanged
BU18920304,Staatsliedenbuurt/Vijfakkers,BU18920304,Staatsliedenbuurt/Vijfakkers,98.5,4,1,split
BU18920305,Ambonwijk,BU18920305,Ambonwijk,99.8,2,1,unchanged
BU18920306,Westeinde/Bos locatie,BU18920306,Westeinde,100.0,1,1,unchanged
BU18920307,Uiterwaard,BU18920307,Uiterwaard,100.0,1,1,unchanged
BU18920308,Bedrijventerrein 't Ambacht,BU18920308,Bedrijventerrein 't Ambacht,93.8,2,1,split
BU18920309,Recreatiepark Oosteinde,BU18920309,Recreatiepark Oosteinde,100.0,1,1,unchanged
BU18920310,Bedrijventerrein Gouwepark,BU18920310,Bedrijventerrein Gouwepark,100.0,1,1,unchanged
BU18920399,Verspreide bebouwing Moordrecht,BU18920399,Verspreide bebouwing Moordrecht,98.3,10,1,split
BU18920401,Kern Nieuwerkerk,BU18920401,Kern Nieuwerkerk aan den IJssel,100.0,1,1,unchanged
BU18920402,Bedrijventerrein De Hooge Venen,BU18920402,Bedrijventerrein De Hooge Veenen,99.7,2,1,unchanged
BU18920403,Zuidplas Noord,BU18920414,Zuidplas Mossen,63.2,3,1,split
BU18920404,Zuidplas Zuid,BU18920415,Zuidplas Dalen,51.5,6,1,split
BU18920405,Kleinpolder,BU18920405,Kleinpolder,100.0,1,1,unchanged
BU18920406,Kortenoord,BU18920406,Kortenoord,100.0,2,1,unchanged
BU18920407,Recreatiepark Klein Hitland,BU18920407,Recreatiepark Klein Hitland,96.4,2,1,split
BU18920408,Esse Hoog,BU18920408,Esse Hoog,100.0,1,1,unchanged
BU18920409,Esse Laag,BU18920409,Esse Laag,100.0,1,1,unchanged
BU18920410,Bomenbuurt,BU18920410,Bomenbuurt,100.0,1,1,unchanged
BU18920411,Dorrestein,BU18920411,Dorrestein-Noord,52.3,2,1,split
BU18920412,Parkzoom,BU18920412,Parkzoom,100.0,1,1,unchanged
BU18920491,Verspreide huizen Zuidplaspolder,BU18920491,Verspreide bebouwing Zuidplaspolder Nieuwerkerk aan den IJss,99.8,5,1,unchanged
BU18920492,Verspreide huizen Esse Polder,BU18920492,Verspreide bebouwing Essepolder,93.6,6,1,split
BU18920493,Verspreide huizen Achter Esse,BU18920493,Verspreide bebouwing Achter Esse,100.0,1,1,unchanged
BU18940000,Grashoek,BU18940904,Buitengebied Op den Houwenberg,73.0,4,1,split
BU18940001,Koningslust,BU18940602,Buitengebied Brentjes-Zandstraat,80.0,7,1,split
BU18940002,Kievitsheide,BU18940902,Buitengebied Kievitsheide,100.0,2,1,recoded
BU18940003,Vliegert,BU18940903,Buitengebied Vliegert,66.4,7,1,split
BU18940100,Beringe,BU18941103,Buitengebied Achterste Beuken-Hoeve,55.1,9,1,split
BU18940101,Panningen,BU18940101,Panningen-Noord,19.6,13,1,split
BU18940102,Helden,BU18940804,Buitengebied In den Berg-Keuper Heide,76.4,10,2,merged
BU18940104,Vosberg-Loo,BU18940104,Buitengebied Vosberg-Loo,82.0,6,1,split
BU18940105,Egchel,BU18941002,Buitengebied Egchelse Heide,77.4,4,1,split
BU18940106,Zelen-Hub,BU18940106,Buitengebied Zelen-Hub,86.0,8,1,split
BU18940107,Groeze,BU18941104,Buitengebied Schorf-Groeze,98.4,6,1,split
BU18940108,Onder-Eindt-Zandberg,BU18940805,Buitengebied Onder-Eindt-Zandberg,94.6,9,1,split
BU18940109,Keup,BU18940804,Buitengebied In den Berg-Keuper Heide,70.5,8,2,merged
BU18940200,Kessel,BU18940202,Veers,34.0,6,1,split
BU18940203,Kesseleik,BU18940701,Kessel Eik-centrum,57.1,3,1,split
BU18940204,Hout en Oijen,BU18940204,Buitengebied Hout-Oijen,96.8,4,1,split
BU18940208,Verspreide huizen Kessel,BU18940208,Buitengebied Dijk-Broek-Donk,73.6,6,1,split
BU18940209,Verspreide huizen Kesseleik,BU18940702,Buitengebied Spurkt-Hei-Weerd,99.0,4,1,split
BU18940300,Maasbree,BU18940301,Maasbree-centrum,36.9,7,1,split
BU18940308,Verspreide huizen ten zuiden van Provinciale weg,BU18940306,Buitengebied Rinkesfort-Oude Heldenseweg,66.1,8,1,split
BU18940309,Verspreide huizen ten noorden van Provinciale weg,BU18940304,Buiteng. Tongerlo-Korte Heide-Schoorveld,51.0,10,1,split
BU18940400,Baarlo,BU18940408,Buitengebied Schafelt-Hei-Berckt,30.5,7,2,merged
BU18940402,Soeterbeek,BU18940402,Buitengebied Pratwinkel-Soeterbeek,97.5,5,1,split
BU18940403,Bong,BU18940409,Buitengebied Raay-Kesselse Bergen,47.0,3,2,merged
BU18940408,Verspreide huizen op Den Hert,BU18940408,Buitengebied Schafelt-Hei-Berckt,83.6,3,2,merged
BU18940409,Verspreide huizen ten zuiden van Baarlo,BU18940409,Buitengebied Raay-Kesselse Bergen,58.4,9,2,merged
BU18940500,Meijel,BU18940501,Meijel-centrum,32.0,8,1,split
BU18940502,Roggelsedijk,BU18940502,Buitengebied Platveld-Krum-Witdonk,84.8,3,1,split
BU18940506,Verspreide huizen Molenbaan en Vieruitersten,BU18940506,Buitengebied Molenbaan-Vieruitersten,96.4,4,1,split
BU18940507,Verspreide huizen Berg en Nederweerterdijk,BU18940507,Buitengebied Nederweerterdijk-Berg,97.7,2,1,split
BU18940508,Verspreide huizen Steenoven en Langstraat,BU18940508,Buitengebied Steenoven,94.3,4,1,split
BU18940509,Verspreide huizen Katsberg en Witdonk,BU18940509,Buitengebied Katsberg-Polder,60.4,6,1,split
BU18950000,Winschoten-Centrum,BU18950000,Winschoten-Centrum,100.0,1,1,unchanged
BU18950001,Zeeheldenbuurt,BU18950001,Zeeheldenbuurt,100.0,1,1,unchanged
BU18950002,Winschoten-Noord,BU18950002,Winschoten-Noord,100.0,1,1,unchanged
BU18950003,Winschoten-Zuid,BU18950003,Winschoten-Zuid,100.0,1,1,unchanged
BU18950004,Udesweg-Zuid,BU18950004,Udesweg-Zuid,100.0,1,1,unchanged
BU18950005,Winschoten-Grintweg,BU18950005,Winschoten-Grintweg,100.0,1,1,unchanged
BU18950006,Winschoten-Bomenbuurt,BU18950006,Winschoten-Bomenbuurt,100.0,1,1,unchanged
BU18950007,Winschoten-Sint Vitusholt-Lanengebied,BU18950007,Winschoten-Sint Vitusholt-Lanengebied,100.0,1,1,unchanged
BU18950008,Winschoten-industriegebied,BU18950008,Winschoten-industriegebied,100.0,1,1,unchanged
BU18950009,Verspreide huizen Winschoten,BU18950009,Verspreide huizen Winschoten,100.0,1,1,unchanged
BU18950100,Finsterwolde-Centrum,BU18950100,Finsterwolde-Centrum,100.0,1,1,unchanged
BU18950101,Finsterwolde Hardenberg,BU18950101,Finsterwolde Hardenberg,100.0,1,1,unchanged
BU18950102,Finsterwolde nieuwbouw,BU18950102,Finsterwolde nieuwbouw,100.0,1,1,unchanged
BU18950103,Finsterwolde Ganzedijk,BU18950103,Finsterwolde Ganzedijk,100.0,1,1,unchanged
BU18950104,Verspreide huizen Finsterwolde,BU18950104,Verspreide huizen Finsterwolde,99.9,2,1,unchanged
BU18950200,Drieborg-Centrum,BU18950200,Drieborg-Centrum,100.0,1,1,unchanged
BU18950209,Verspreide huizen Drieborg,BU18950209,Verspreide huizen Drieborg,99.8,2,1,unchanged
BU18950300,Beerta-Centrum,BU18950300,Beerta-Centrum,100.0,1,1,unchanged
BU18950301,Beerta-Nieuwbouw,BU18950301,Beerta-Nieuwbouw,100.0,1,1,unchanged
BU18950302,Beerta-Centrum-West,BU18950302,Beerta-Centrum-West,100.0,1,1,unchanged
BU18950309,Verspreide huizen Beerta,BU18950309,Verspreide huizen Beerta,100.0,1,1,unchanged
BU18950400,Nieuw-Beerta,BU18950400,Nieuw-Beerta,100.0,1,1,unchanged
BU18950500,Nieuweschans De Bron,BU18950500,Nieuweschans De Bron,100.0,1,1,unchanged
BU18950501,Nieuweschans-Centrum,BU18950501,Nieuweschans-Centrum,100.0,1,1,unchanged
BU18950502,Nieuweschans Nieuwbouw,BU18950502,Nieuweschans Nieuwbouw,100.0,1,1,unchanged
BU18950600,Scheemda,BU18950600,Scheemda,100.0,1,1,unchanged
BU18950601,Eexta,BU18950601,Eexta,100.0,1,1,unchanged
BU18950602,Heiligerlee,BU18950602,Heiligerlee,100.0,1,1,unchanged
BU18950603,Eexta-Zuid,BU18950603,Eexta-Zuid,100.0,1,1,unchanged
BU18950604,Scheemdermeer,BU18950604,Scheemdermeer,100.0,1,1,unchanged
BU18950605,Napels,BU18950605,Napels,100.0,1,1,unchanged
BU18950700,Westerlee,BU18950700,Westerlee,100.0,1,1,unchanged
BU18950708,Verspreide huizen ten zuiden van Westerlee,BU18950708,Verspreide huizen ten zuiden van Westerlee,100.0,1,1,unchanged
BU18950709,Verspreide huizen ten noorden van Westerlee,BU18950709,Verspreide huizen ten noorden van Westerlee,100.0,1,1,unchanged
BU18950800,Nieuw-Scheemda,BU18950800,Nieuw-Scheemda,100.0,1,1,unchanged
BU18950801,'t Waar,BU18950801,'t Waar,100.0,1,1,unchanged
BU18950802,Hamrikkerweg,BU18950802,Hamrikkerweg,100.0,1,1,unchanged
BU18950803,Scheemderzwaag,BU18950803,Scheemderzwaag,100.0,1,1,unchanged
BU18950809,Verspreide huizen,BU18950809,Verspreide huizen,100.0,1,1,unchanged
BU18950900,Midwolda,BU18950900,Midwolda,100.0,1,1,unchanged
BU18950901,Oostwold,BU18950901,Oostwold,100.0,1,1,unchanged
BU18950902,Zuiderpolder,BU18950902,Zuiderpolder,100.0,1,1,unchanged
BU18950903,Ekamp,BU18950903,Ekamp,100.0,1,1,unchanged
BU18950904,Nieuweweg,BU18950904,Nieuweweg,100.0,1,1,unchanged
BU18950905,Niesoord,BU18950905,Niesoord,100.0,1,1,unchanged
BU18950907,Meerland,BU18950907,Meerland,100.0,1,1,unchanged
BU18950909,Verspreide huizen Midwolda,BU18950909,Verspreide huizen Midwolda,100.0,1,1,unchanged
BU18951000,Nieuwolda,BU18951000,Nieuwolda,100.0,1,1,unchanged
BU18951001,Oosteind,BU18951001,Oosteind,100.0,1,1,unchanged
BU18951009,Verspreide huizen Nieuwolda,BU18951009,Verspreide huizen Nieuwolda,100.0,1,1,unchanged
BU18959998,,BU18959998,Buitenwater,99.9,3,1,unchanged
BU18960000,Genemuiden (Oud),BU18960000,Genemuiden Kern,86.9,4,1,split
BU18960001,Genemuiden (Noord-Oost),BU18960010,Genemuiden Industrieterrein,61.2,7,1,split
BU18960002,Genemuiden-Zuidoost,BU18960013,Binnenlanden-West,58.3,7,1,split
BU18960003,Genemuiden-West,BU18960012,Achter 't Tag,58.3,6,1,split
BU18960008,Verspreide huizen Cellemuiden,BU18960008,Cellemuiden,66.5,10,1,split
BU18960009,Verspreide huizen Zuiderzeepolder,BU18960009,Zuiderzeepolder,94.4,7,1,split
BU18960100,Kamperzeedijk-Oost,BU18960100,Kamperzeedijk-Oost,93.3,3,1,split
BU18960101,Kamperzeedijk-West,BU18960101,Kamperzeedijk-West,63.6,4,1,split
BU18960108,Verspreide huizen Mastenbroek,BU18960108,Landelijk gebied Genemuiden,95.5,11,1,split
BU18960109,Verspreide huizen Polder,BU18960109,Pieperpolder,98.0,5,1,split
BU18960200,Hasselt Kern,BU18960200,Hasselt Kern,88.2,6,1,split
BU18960201,Hasselt Stenendijk,BU18960201,Hasselt Dedemsvaart-Zuid,95.4,4,1,split
BU18960202,Hasselt Dedemsvaart,BU18960202,Hasselt Dedemsvaart,81.7,5,1,split
BU18960203,Industrieterrein,BU18960203,Hasselt Industrieterrein,99.2,5,1,unchanged
BU18960204,Nadorst I,BU18960204,Nadorst,77.8,5,1,split
BU18960205,Nadorst II,BU18960205,Ter Wee's Hoek,59.1,3,1,split
BU18960206,Molenwaard,BU18960206,Molenwaard,96.7,4,1,split
BU18960306,Verspreide huizen Streukel-Noord,BU18960207,Hasselt om de Weede,58.5,6,1,split
BU18960307,Ter Wee's Hoek,BU18960500,Mastenbroek,49.3,9,1,split
BU18960308,Ter Wee's Hoek-Noordoost,BU18960310,Streukel-Holten-Genne,99.4,6,2,recoded
BU18960309,Ter Wee's Hoek-Noordwest,BU18960310,Streukel-Holten-Genne,100.0,1,2,recoded
BU18960400,Kern Zwartsluis,BU18960400,Zwartsluis Kern,84.9,5,1,split
BU18960402,Zwartsluis Buitenkwartier-Oud,BU18960402,Buitenkwartier,90.1,7,1,split
BU18960403,Zwartsluis Buitenkwartier-Nieuw,BU18960409,Landelijk gebied Zwartsluis,53.0,5,2,merged
BU18960404,Achter Het Singel,BU18960404,Achter het Singel,98.4,3,1,split
BU18960405,Zomerdijk,BU18960405,Zomerdijk,95.0,5,1,split
BU18960406,De Nieuwesluis,BU18960406,De Nieuwesluis,97.7,4,1,split
BU18960407,Industrieterrein Meppelerdiep en omgeving,BU18960407,Zwartsluis Industrieterrein,64.4,5,1,split
BU18960408,Verspreide huizen De Velde-Zwartewaterklooster,BU18960408,De Velde-Zwartewatersklooster,99.6,7,1,unchanged
BU18960409,Overig landelijk gebied Zwartsluis,BU18960409,Landelijk gebied Zwartsluis,97.7,12,2,merged
BU18960410,Barsbeek,BU18960410,Barsbeek,100.0,1,1,unchanged
BU18969997,,BU18969997,Groot binnenwater,83.6,3,1,split
BU19000000,Bolsward binnen De Wallen,BU19000000,Bolsward binnen De Wallen,100.0,1,1,unchanged
BU19000001,Bolsward-Noord,BU19000001,Bolsward-Noord,100.0,1,1,unchanged
BU19000002,Bolsward-Zuidoost,BU19000002,Bolsward-Zuidoost,100.0,1,1,unchanged
BU19000003,Bolsward-Zuidwest,BU19000003,Bolsward-Zuidwest,100.0,1,1,unchanged
BU19000004,Bolsward-Noordoost,BU19000004,Bolsward-Noordoost,100.0,1,1,unchanged
BU19000009,Verspreide huizen Bolsward,BU19000009,Verspreide huizen Bolsward,100.0,1,1,unchanged
BU19000101,Sneek binnen de grachten,BU19000101,Sneek binnen de grachten,100.0,1,1,unchanged
BU19000102,Stationsbuurt,BU19000102,Stationsbuurt,100.0,1,1,unchanged
BU19000103,Hemdijk,BU19000103,Hemdijk,100.0,1,1,unchanged
BU19000104,Noorderhoek I,BU19000104,Noorderhoek I,100.0,1,1,unchanged
BU19000105,Noorderhoek II,BU19000105,Noorderhoek II,100.0,1,1,unchanged
BU19000106,Noordoosthoek,BU19000106,Noordoosthoek,100.0,1,1,unchanged
BU19000107,Zwetteplan,BU19000107,Zwetteplan,100.0,1,1,unchanged
BU19000108,Bomenbuurt,BU19000108,Bomenbuurt,100.0,1,1,unchanged
BU19000109,Omgeving Leeuwarderweg en bungalowpark,BU19000109,Omgeving Leeuwarderweg en bungalowpark,100.0,1,1,unchanged
BU19000110,Stadsfenne,BU19000110,Stadsfenne,100.0,1,1,unchanged
BU19000111,De Domp,BU19000111,De Domp,100.0,1,1,unchanged
BU19000112,Het Eiland,BU19000112,Het Eiland,100.0,1,1,unchanged
BU19000113,Sperkhem en industrieterrein Houkesloot,BU19000113,Sperkhem en industrieterrein Houkesloot,100.0,1,1,unchanged
BU19000114,Lemmerweg-Oost,BU19000114,Lemmerweg-Oost,100.0,1,1,unchanged
BU19000115,Lemmerweg-West,BU19000115,Lemmerweg-West,100.0,1,1,unchanged
BU19000116,Tinga,BU19000116,Tinga,100.0,1,1,unchanged
BU19000117,Duinterpen,BU19000117,Duinterpen,100.0,1,1,unchanged
BU19000118,Offingawier,BU19000118,Offingawier,100.0,1,1,unchanged
BU19000119,Loënga,BU19000119,Loënga,100.0,1,1,unchanged
BU19000120,IJsbrechtum,BU19000120,IJsbrechtum,100.0,1,1,unchanged
BU19000200,Workum,BU19000200,Workum,100.0,3,1,unchanged
BU19000201,Nijhuizum,BU19000201,Nijhuizum,100.0,1,1,unchanged
BU19000202,Hindeloopen,BU19000202,Hindeloopen,99.6,2,1,unchanged
BU19000208,Verspreide huizen Workum,BU19000208,Verspreide huizen Workum,99.8,2,1,unchanged
BU19000209,Verspreide huizen Hindeloopen,BU19000209,Verspreide huizen Hindeloopen,99.8,2,1,unchanged
BU19000300,Koudum,BU19000300,Koudum,100.0,1,1,unchanged
BU19000301,Heidenschap,BU19000301,Heidenschap,100.0,1,1,unchanged
BU19000302,Molkwerum,BU19000302,Molkwerum,100.0,1,1,unchanged
BU19000308,Verspreide huizen Koudum,BU19000308,Verspreide huizen Koudum,100.0,1,1,unchanged
BU19000309,Verspreide huizen Molkwerum,BU19000309,Verspreide huizen Molkwerum,100.0,2,1,unchanged
BU19000400,Hemelum,BU19000400,Hemelum,100.0,1,1,unchanged
BU19000401,Warns,BU19000401,Warns,100.0,1,1,unchanged
BU19000402,Scharl,BU19000402,Scharl,99.8,2,1,unchanged
BU19000403,Stavoren,BU19000403,Stavoren,100.0,2,1,unchanged
BU19000408,Verspreide huizen Hemelum,BU19000408,Verspreide huizen Hemelum,100.0,1,1,unchanged
BU19000409,Verspreide huizen Stavoren,BU19000409,Verspreide huizen Stavoren,100.0,2,1,unchanged
BU19000500,Oud IJlst,BU19000500,Oud IJlst,100.0,1,1,unchanged
BU19000501,Nijezijl-Roodhem,BU19000501,Nijezijl-Roodhem,100.0,1,1,unchanged
BU19000502,De Rat-Cloosterkamp,BU19000502,De Rat-Cloosterkamp,100.0,1,1,unchanged
BU19000503,Verspreide huizen IJlst,BU19000503,Verspreide huizen IJlst,100.0,1,1,unchanged
BU19000600,Heeg,BU19000600,Heeg,100.0,1,1,unchanged
BU19000602,Hommerts,BU19000602,Hommerts,100.0,1,1,unchanged
BU19000603,Jutrijp,BU19000603,Jutrijp,100.0,1,1,unchanged
BU19000607,Verspreide huizen Heeg,BU19000607,Verspreide huizen Heeg,100.0,1,1,unchanged
BU19000608,Verspreide huizen Hommerts,BU19000608,Verspreide huizen Hommerts,100.0,1,1,unchanged
BU19000609,Verspreide huizen Jutrijp,BU19000609,Verspreide huizen Jutrijp,100.0,1,1,unchanged
BU19000700,Scharnegoutum,BU19000700,Scharnegoutum,100.0,1,1,unchanged
BU19000701,Goënga,BU19000701,Goënga,100.0,1,1,unchanged
BU19000702,Gauw,BU19000702,Gauw,100.0,1,1,unchanged
BU19000706,Verspreide huizen Scharnegoutum,BU19000706,Verspreide huizen Scharnegoutum,100.0,1,1,unchanged
BU19000707,Verspreide huizen Goënga,BU19000707,Verspreide huizen Goënga,100.0,1,1,unchanged
BU19000708,Verspreide huizen Gauw,BU19000708,Verspreide huizen Gauw,100.0,1,1,unchanged
BU19000800,Oudega,BU19000800,Oudega,100.0,1,1,unchanged
BU19000801,Gaastmeer,BU19000801,Gaastmeer,100.0,1,1,unchanged
BU19000802,Idzega,BU19000802,Idzega,100.0,1,1,unchanged
BU19000804,Sandfirden,BU19000804,Sandfirden,100.0,1,1,unchanged
BU19000808,Verspreide huizen Oudega,BU19000808,Verspreide huizen Oudega,100.0,1,1,unchanged
BU19000809,Verspreide huizen Gaastmeer,BU19000809,Verspreide huizen Gaastmeer,100.0,1,1,unchanged
BU19000900,Oosthem,BU19000900,Oosthem,100.0,1,1,unchanged
BU19000901,Blauwhuis,BU19000901,Blauwhuis,100.0,1,1,unchanged
BU19000902,Westhem,BU19000902,Westhem,100.0,1,1,unchanged
BU19000903,Abbega,BU19000903,Abbega,100.0,1,1,unchanged
BU19000904,Wolsum,BU19000904,Wolsum,100.0,1,1,unchanged
BU19000905,Greonterp,BU19000905,Greonterp,100.0,1,1,unchanged
BU19000906,Verspreide huizen-Greonterp,BU19000906,Verspreide huizen-Greonterp,100.0,1,1,unchanged
BU19000907,Verspreide huizen-Oosthem,BU19000907,Verspreide huizen-Oosthem,100.0,1,1,unchanged
BU19000908,Verspreide huizen Abbega,BU19000908,Verspreide huizen Abbega,100.0,1,1,unchanged
BU19000909,Verspreide huizen Wolsum,BU19000909,Verspreide huizen Wolsum,100.0,1,1,unchanged
BU19001000,Tirns,BU19001000,Tirns,100.0,1,1,unchanged
BU19001001,Nijland,BU19001001,Nijland,100.0,1,1,unchanged
BU19001002,Folsgare,BU19001002,Folsgare,100.0,1,1,unchanged
BU19001003,Tjalhuizum,BU19001003,Tjalhuizum,100.0,1,1,unchanged
BU19001007,Verspreide huizen Tirns,BU19001007,Verspreide huizen Tirns,100.0,1,1,unchanged
BU19001008,Verspreide huizen Nijland,BU19001008,Verspreide huizen Nijland,100.0,1,1,unchanged
BU19001100,Oppenhuizen,BU19001100,Oppenhuizen,100.0,1,1,unchanged
BU19001101,Uitwellingerga,BU19001101,Uitwellingerga,100.0,1,1,unchanged
BU19001108,Verspreide huizen Oppenhuizen,BU19001108,Verspreide huizen Oppenhuizen,100.0,1,1,unchanged
BU19001109,Verspreide huizen,BU19001109,Verspreide huizen,100.0,1,1,unchanged
BU19001200,Woudsend,BU19001200,Woudsend,100.0,1,1,unchanged
BU19001201,Indijk,BU19001201,Indijk,100.0,1,1,unchanged
BU19001202,IJpecolsga,BU19001202,IJpecolsga,100.0,1,1,unchanged
BU19001203,Smallebrugge,BU19001203,Smallebrugge,100.0,1,1,unchanged
BU19001204,Koufurderrige,BU19001204,Koufurderrige,100.0,1,1,unchanged
BU19001208,Verspreide huizen Woudsend,BU19001208,Verspreide huizen Woudsend,100.0,1,1,unchanged
BU19001209,Verspreide huizen Koufurderrige,BU19001209,Verspreide huizen Koufurderrige,100.0,1,1,unchanged
BU19001300,Witmarsum,BU19001300,Witmarsum,100.0,1,1,unchanged
BU19001301,Pingjum,BU19001301,Pingjum,100.0,1,1,unchanged
BU19001302,Kimswerd,BU19001302,Kimswerd,100.0,1,1,unchanged
BU19001303,Arum,BU19001303,Arum,100.0,1,1,unchanged
BU19001306,Verspreide huizen Witmarsum,BU19001306,Verspreide huizen Witmarsum,100.0,1,1,unchanged
BU19001307,Verspreide huizen Pingjum,BU19001307,Verspreide huizen Pingjum,100.0,1,1,unchanged
BU19001308,Verspreide huizen Kimswerd,BU19001308,Verspreide huizen Kimswerd,100.0,1,1,unchanged
BU19001309,Verspreide huizen Arum,BU19001309,Verspreide huizen Arum,100.0,1,1,unchanged
BU19001400,Lollum,BU19001400,Lollum,100.0,1,1,unchanged
BU19001401,Burgwerd,BU19001401,Burgwerd,100.0,1,1,unchanged
BU19001402,Hartwerd,BU19001402,Hartwerd,100.0,1,1,unchanged
BU19001403,Hichtum,BU19001403,Hichtum,100.0,1,1,unchanged
BU19001404,Schettens,BU19001404,Schettens,100.0,1,1,unchanged
BU19001405,Longerhouw,BU19001405,Longerhouw,100.0,1,1,unchanged
BU19001406,Schraard,BU19001406,Schraard,100.0,1,1,unchanged
BU19001407,Verspreide huizen Lollum,BU19001407,Verspreide huizen Lollum,100.0,1,1,unchanged
BU19001408,Verspreide huizen Burgwerd,BU19001408,Verspreide huizen Burgwerd,100.0,1,1,unchanged
BU19001409,Verspreide huizen Schettens,BU19001409,Verspreide huizen Schettens,100.0,1,1,unchanged
BU19001500,Zurich,BU19001500,Zurich,100.0,1,1,unchanged
BU19001501,Wons,BU19001501,Wons,100.0,1,1,unchanged
BU19001502,Cornwerd,BU19001502,Cornwerd,100.0,1,1,unchanged
BU19001503,Kornwerderzand,BU19001503,Kornwerderzand,100.0,3,1,unchanged
BU19001509,Verspreide huizen Zurich,BU19001509,Verspreide huizen Zurich,99.9,4,1,unchanged
BU19001600,Parrega,BU19001600,Parrega,100.0,1,1,unchanged
BU19001601,Hieslum,BU19001601,Hieslum,100.0,1,1,unchanged
BU19001602,Dedgum,BU19001602,Dedgum,100.0,1,1,unchanged
BU19001603,Tjerkwerd,BU19001603,Tjerkwerd,100.0,1,1,unchanged
BU19001604,Exmorra,BU19001604,Exmorra,100.0,1,1,unchanged
BU19001606,Verspreide huizen Parrega,BU19001606,Verspreide huizen Parrega,100.0,1,1,unchanged
BU19001607,Verspreide huizen Tjerkwerd,BU19001607,Verspreide huizen Tjerkwerd,100.0,1,1,unchanged
BU19001608,Verspreide huizen Exmorra,BU19001608,Verspreide huizen Exmorra,100.0,1,1,unchanged
BU19001700,Makkum,BU19001700,Makkum,100.0,1,1,unchanged
BU19001709,Verspreide huizen Makkum,BU19001709,Verspreide huizen Makkum,100.0,1,1,unchanged
BU19001800,Idsegahuizum,BU19001800,Idsegahuizum,99.8,2,1,unchanged
BU19001801,Allingawier,BU19001801,Allingawier,100.0,1,1,unchanged
BU19001802,Piaam,BU19001802,Piaam,100.0,1,1,unchanged
BU19001803,Gaast,BU19001803,Gaast,100.0,2,1,unchanged
BU19001804,Ferwoude,BU19001804,Ferwoude,100.0,1,1,unchanged
BU19001808,Verspreide huizen Ferwoude,BU19001808,Verspreide huizen Ferwoude,100.0,1,1,unchanged
BU19001809,Verspreide huizen Gaast,BU19001809,Verspreide huizen Gaast,100.0,2,1,unchanged
BU19001900,Raerd,BU19001900,Raerd,100.0,1,1,unchanged
BU19001901,Poppenwier,BU19001901,Poppenwier,100.0,1,1,unchanged
BU19001902,Sibrandabuorren,BU19001902,Sibrandabuorren,100.0,1,1,unchanged
BU19001903,Tersoal,BU19001903,Tersoal,100.0,2,1,unchanged
BU19001904,Dearsum,BU19001904,Dearsum,100.0,1,1,unchanged
BU19009997,,BU19009997,Groot binnenwater,100.0,18,1,unchanged
BU19009998,,BU19009998,Buitenwater,99.5,3,1,unchanged
BU19010101,Meije,BU19010101,Meije,99.7,4,1,unchanged
BU19010102,Buitenkerk,BU19010102,Buitengebied-Noord,97.6,4,3,merged
BU19010103,Burgemeester Kremerweg,BU19010102,Buitengebied-Noord,55.1,9,3,merged
BU19010104,Noordzijde,BU19010102,Buitengebied-Noord,99.6,4,3,recoded
BU19010205,Centrum,BU19010206,Centrum-Zuid,28.6,12,1,split
BU19010306,Dammekant,BU19010201,Dammekant,73.0,4,1,split
BU19010307,J.C. Hoogendoornlaan,BU19010203,Binnenpolder,99.5,6,1,recoded
BU19010308,Oud-Bodegraafseweg,BU19010204,Oud-Bodegraven,98.0,9,1,split
BU19010309,Dronenwijk,BU19010210,Dronenwijk-Zuid,37.0,8,1,split
BU19010310,Broekvelden,BU19010216,Broekvelden-Groote Wetering,36.7,11,2,merged
BU19010311,Groote Wetering,BU19010216,Broekvelden-Groote Wetering,97.9,3,2,merged
BU19010312,Zuidzijde,BU19010218,Zuidzijde,80.1,8,1,split
BU19010413,Weijland,BU19010301,Nieuwerbrug aan den Rijn buitengebied,98.6,4,2,merged
BU19010514,Weijpoort,BU19010301,Nieuwerbrug aan den Rijn buitengebied,89.2,7,2,merged
BU19010615,Oud-Reeuwijk,BU19010405,Oud-Reeuwijk,100.0,1,2,recoded
BU19010616,Tempel,BU19010403,Tempel,97.5,3,3,merged
BU19010617,Middelburg,BU19010402,Middelburg,92.8,5,1,split
BU19010618,Randenburg,BU19010401,Randenburg,97.0,2,1,split
BU19010619,Verspreide huizen polder Middelburg,BU19010403,Tempel,99.0,2,3,merged
BU19010620,Verspreide huizen polder Reeuwijk,BU19010403,Tempel,57.9,4,3,merged
BU19010621,Reeuwijk Dorp,BU19010405,Oud-Reeuwijk,81.2,3,2,merged
BU19010722,Reeuwijk Brug,BU19010504,Reeuwijk-Brug-Zuidwest,32.6,7,1,split
BU19010723,Zoutman,BU19010505,Zoutman,93.9,5,1,split
BU19010724,Ravensberg,BU19010511,Sluipwijk,54.3,9,2,merged
BU19010725,Sluipwijk,BU19010511,Sluipwijk,97.6,4,2,merged
BU19010726,Platteweg,BU19010512,Platteweg,91.2,3,1,split
BU19010727,Gravekoop,BU19010513,Gravekoop,96.9,4,1,split
BU19010728,Twaalfmorgen,BU19010515,Negen Viertel,97.0,6,1,split
BU19010729,Oukoop,BU19010514,Oukoop,96.6,5,1,split
BU19010730,Abessinië,BU19010510,Abessinie,51.6,10,1,split
BU19010831,Driebruggen,BU19010602,Driebruggen Kern,99.7,3,1,recoded
BU19010832,Hogebrug,BU19010604,Hogebrug,99.3,3,1,recoded
BU19010833,Hoogeind,BU19010603,Hoogeind,92.3,6,1,split
BU19010834,Laageind,BU19010601,Laageind,97.0,8,1,split
BU19010935,Waarder,BU19010702,Waarder Kern,95.5,4,1,split
BU19010936,Westeinde,BU19010701,Waarder-West,94.2,7,1,split
BU19010937,Oosteinde,BU19010703,Waarder-Oost,100.0,3,1,recoded
BU19030000,Eijsden-Breust,BU19030000,Eijsden-Breust,99.1,1,1,unchanged
BU19030001,Mariadorp-Beezepool,BU19030001,Mariadorp-Beezepool,100.0,1,1,unchanged
BU19030002,Withuis-Stationsstraat,BU19030002,Withuis-Stationsstraat,100.0,2,1,unchanged
BU19030003,Mesch,BU19030003,Mesch,100.0,1,1,unchanged
BU19030004,Oost,BU19030004,Oost,100.0,1,1,unchanged
BU19030005,Maarland,BU19030005,Maarland,100.0,1,1,unchanged
BU19030009,Verspreide huizen,BU19030009,Verspreide huizen,98.5,3,1,split
BU19030100,Gronsveld,BU19030100,Gronsveld,100.0,1,1,unchanged
BU19030101,Rijckholt,BU19030101,Rijckholt,100.0,1,1,unchanged
BU19030200,Margraten,BU19030200,Margraten,100.0,1,1,unchanged
BU19030201,Termaar,BU19030201,Termaar,100.0,1,1,unchanged
BU19030202,Groot- en Klein-Welsden,BU19030202,Groot- en Klein-Welsden,100.0,1,1,unchanged
BU19030203,'t Rooth,BU19030203,'t Rooth,100.0,1,1,unchanged
BU19030204,Scheulder,BU19030204,Scheulder,100.0,1,1,unchanged
BU19030205,Gasthuis-Wolfshuis,BU19030205,Gasthuis-Wolfshuis,100.0,1,1,unchanged
BU19030300,Cadier,BU19030300,Cadier,100.0,1,1,unchanged
BU19030301,Sint Antoniusbank,BU19030301,Sint Antoniusbank,100.0,1,1,unchanged
BU19030302,Berg,BU19030302,Berg,100.0,1,1,unchanged
BU19030303,Bemelen,BU19030303,Bemelen,100.0,1,1,unchanged
BU19030304,Honthem,BU19030304,Honthem,100.0,1,1,unchanged
BU19030309,Verspreide huizen,BU19030309,Verspreide huizen,100.0,1,1,unchanged
BU19030400,Sint Geertruid,BU19030400,Sint Geertruid,100.0,1,1,unchanged
BU19030401,Eckelrade,BU19030401,Eckelrade,100.0,1,1,unchanged
BU19030402,Herkenrade,BU19030402,Herkenrade,100.0,1,1,unchanged
BU19030403,Moerslag-Libeek,BU19030403,Moerslag-Libeek,100.0,1,1,unchanged
BU19030404,Bruisterbosch,BU19030404,Bruisterbosch,100.0,1,1,unchanged
BU19030409,Verspreide huizen,BU19030409,Verspreide huizen,100.0,1,1,unchanged
BU19030500,Mheer,BU19030500,Mheer,100.0,1,1,unchanged
BU19030501,Banholt,BU19030501,Banholt,100.0,1,1,unchanged
BU19030502,Noorbeek,BU19030502,Noorbeek,100.0,1,1,unchanged
BU19030503,Terlinden,BU19030503,Terlinden,100.0,1,1,unchanged
BU19030504,Bergenhuizen en Schey,BU19030504,Bergenhuizen en Schey,100.0,1,1,unchanged
BU19030505,Hoogcruts,BU19030505,Hoogcruts,100.0,1,1,unchanged
BU19030509,Verspreide huizen,BU19030509,Verspreide huizen,100.0,1,1,unchanged
BU19040101,Maarsseveen,BU19040101,Maarsseveen,100.0,1,1,unchanged
BU19040102,Bethunepolder-zuid,BU19040102,Bethunepolder-zuid,100.0,1,1,unchanged
BU19040103,Otterspoorbroek,BU19040103,Otterspoorbroek,100.0,1,1,unchanged
BU19040104,Op Buuren,BU19040104,Op Buuren,100.0,1,1,unchanged
BU19040105,Zandweg-Oostwaard,BU19040105,Zandweg-Oostwaard,100.0,1,1,unchanged
BU19040106,Staatsliedenbuurt,BU19040106,Staatsliedenbuurt,100.0,1,1,unchanged
BU19040107,Omgeving Goudestein,BU19040107,Omgeving Goudestein,100.0,2,1,unchanged
BU19040108,Componistenbuurt,BU19040108,Componistenbuurt,100.0,2,1,unchanged
BU19040109,Lanenkwartier,BU19040109,Lanenkwartier,100.0,1,1,unchanged
BU19040110,Centrum ten zuiden van de Vecht,BU19040110,Centrum ten zuiden van de Vecht,100.0,1,1,unchanged
BU19040111,Reizende man,BU19040111,Reizende man,100.0,2,1,unchanged
BU19040112,Schilderskwartier,BU19040112,Schilderskwartier,100.0,2,1,unchanged
BU19040113,Zogwetering,BU19040113,Zogwetering,100.0,2,1,unchanged
BU19040114,Park Vechtenstein,BU19040114,Park Vechtenstein,100.0,1,1,unchanged
BU19040115,Zeeheldenbuurt,BU19040115,Zeeheldenbuurt,100.0,1,1,unchanged
BU19040116,Hogebrug,BU19040116,Hogebrug,100.0,2,1,unchanged
BU19040117,Friezenbuurt,BU19040117,Friezenbuurt,100.0,1,1,unchanged
BU19040118,Centrum ten noorden van de Vecht,BU19040118,Centrum ten noorden van de Vecht,100.0,1,1,unchanged
BU19040119,Begraafplaats Maarssen,BU19040119,Begraafplaats Maarssen,100.0,1,1,unchanged
BU19040201,Polder Kortrijk,BU19040201,Polder Kortrijk,100.0,4,1,unchanged
BU19040202,Polder Breukelen Proosdij,BU19040202,Polder Breukelen Proosdij,100.0,2,1,unchanged
BU19040203,Polder Klein Oud Aa,BU19040203,Polder Klein Oud Aa,100.0,1,1,unchanged
BU19040204,Kievitsbuurt,BU19040204,Kievitsbuurt,100.0,1,1,unchanged
BU19040205,Polder Breukelerwaard,BU19040205,Polder Breukelerwaard,100.0,1,1,unchanged
BU19040206,Polder Nijenrode,BU19040206,Polder Nijenrode,100.0,1,1,unchanged
BU19040207,Breukelen Noord,BU19040207,Breukelen Noord,100.0,2,1,unchanged
BU19040208,Corridor,BU19040208,Corridor,100.0,3,1,unchanged
BU19040209,Landgoed Nijenrode,BU19040209,Landgoed Nijenrode,100.0,1,1,unchanged
BU19040210,Kanaalzone Zuid Breukelen,BU19040210,Kanaalzone Zuid Breukelen,100.0,1,1,unchanged
BU19040211,Scheendijk,BU19040211,Scheendijk,100.0,1,1,unchanged
BU19040212,Broeckland,BU19040212,Broeckland,100.0,1,1,unchanged
BU19040213,Breukelen Zuid,BU19040213,Breukelen Zuid,100.0,1,1,unchanged
BU19040214,Kanaalzone Noord Breukelen,BU19040214,Kanaalzone Noord Breukelen,100.0,2,1,unchanged
BU19040215,Breukelen Midden,BU19040215,Breukelen Midden,100.0,1,1,unchanged
BU19040216,Rode Dorp,BU19040216,Rode Dorp,100.0,1,1,unchanged
BU19040301,Polder Holland,BU19040301,Polder Holland,100.0,2,1,unchanged
BU19040302,Polder Garsten,BU19040302,Polder Garsten,100.0,2,1,unchanged
BU19040303,Polder Oud Over,BU19040303,Polder Oud Over,100.0,1,1,unchanged
BU19040304,Kanaalzone Loenen aan de Vecht,BU19040304,Kanaalzone Loenen aan de Vecht,100.0,1,1,unchanged
BU19040305,Kanaalzone sector Vreeland,BU19040305,Kanaalzone sector Vreeland,100.0,1,1,unchanged
BU19040306,Mijnden,BU19040306,Mijnden,100.0,2,1,unchanged
BU19040307,Hoefijzer,BU19040307,Hoefijzer,100.0,1,1,unchanged
BU19040308,Driehoven,BU19040308,Driehoven,100.0,2,1,unchanged
BU19040309,Oudover,BU19040309,Oudover,100.0,2,1,unchanged
BU19040310,Loenen Dorpskern,BU19040310,Loenen Dorpskern,100.0,1,1,unchanged
BU19040311,Cronenburgh,BU19040311,Cronenburgh,100.0,1,1,unchanged
BU19040312,Kerklaan,BU19040312,Kerklaan,100.0,2,1,unchanged
BU19040401,Polder Oukoop,BU19040401,Polder Oukoop,100.0,1,1,unchanged
BU19040402,Nieuwer Ter Aa,BU19040402,Nieuwer Ter Aa,100.0,2,1,unchanged
BU19040501,Polder Portengen,BU19040501,Polder Portengen,100.0,4,1,unchanged
BU19040502,Polder Groot Oud Aa,BU19040502,Polder Groot Oud Aa,100.0,2,1,unchanged
BU19040503,Polder Spengen,BU19040503,Polder Spengen,100.0,1,1,unchanged
BU19040504,Polder Kockengen,BU19040504,Polder Kockengen,100.0,1,1,unchanged
BU19040505,Kockengen Dorp,BU19040505,Kockengen Dorp,100.0,2,1,unchanged
BU19040506,Portengense Brug,BU19040506,Portengense Brug,100.0,1,1,unchanged
BU19040507,Welgelegen,BU19040507,Welgelegen,100.0,1,1,unchanged
BU19040508,Groenlust,BU19040508,Groenlust,100.0,1,1,unchanged
BU19040509,Vierde kwadrant Kockengen,BU19040509,Vierde kwadrant Kockengen,100.0,1,1,unchanged
BU19040601,Hoeker Polder,BU19040601,Hoeker Polder,100.0,2,1,unchanged
BU19040602,Polder Dorssewaard,BU19040602,Polder Dorssewaard,100.0,2,1,unchanged
BU19040603,Vreeland Dorp,BU19040603,Vreeland Dorp,100.0,3,1,unchanged
BU19040604,Vreeland,BU19040604,Vreeland,100.0,1,1,unchanged
BU19040701,Molenpolder,BU19040701,Molenpolder,100.0,1,1,unchanged
BU19040702,Bethunepolder-Noord,BU19040702,Bethunepolder-Noord,100.0,2,1,unchanged
BU19040703,Tienhoven-Oud Maarsseveen,BU19040703,Tienhoven-Oud Maarsseveen,100.0,1,1,unchanged
BU19040801,Polder Aetsveld,BU19040801,Polder Aetsveld,100.0,2,1,unchanged
BU19040802,Polder Garsten Noord,BU19040802,Polder Garsten Noord,100.0,1,1,unchanged
BU19040803,Kanaalzone sector Nigtevecht,BU19040803,Kanaalzone sector Nigtevecht,100.0,1,1,unchanged
BU19040804,Nigtevecht Dorp,BU19040804,Nigtevecht Dorp,100.0,1,1,unchanged
BU19040805,Nigtevecht Garsten,BU19040805,Nigtevecht Garsten,100.0,1,1,unchanged
BU19040901,Polder Mijnden,BU19040901,Polder Mijnden,100.0,1,1,unchanged
BU19040902,Polder Angstelkade,BU19040902,Polder Angstelkade,100.0,2,1,unchanged
BU19040903,Polder Sticht,BU19040903,Polder Sticht,100.0,1,1,unchanged
BU19040904,Polder Het Honderd,BU19040904,Polder Het Honderd,100.0,1,1,unchanged
BU19040905,Nieuwersluis,BU19040905,Nieuwersluis,100.0,2,1,unchanged
BU19040906,Angstelkade,BU19040906,Angstelkade,100.0,1,1,unchanged
BU19040907,Kanaalzone sector Nieuwersluis,BU19040907,Kanaalzone sector Nieuwersluis,100.0,3,1,unchanged
BU19041001,Poldergebied Loenersloot,BU19041001,Poldergebied Loenersloot,100.0,2,1,unchanged
BU19041002,Loenersloot Binnenweg,BU19041002,Loenersloot Binnenweg,100.0,1,1,unchanged
BU19041003,Loenersloot Dorp,BU19041003,Loenersloot Dorp,100.0,1,1,unchanged
BU19041004,Poldergebied Loenersloot,BU19041004,Poldergebied Loenersloot,100.0,1,1,unchanged
BU19041101,Oud-Zuilen,BU19041101,Oud-Zuilen,100.0,1,1,unchanged
BU19041201,Verbindingswegen,BU19041201,Verbindingswegen,100.0,3,1,unchanged
BU19041202,Industrieterrein Maarssenbroek,BU19041202,Industrieterrein Maarssenbroek,100.0,2,1,unchanged
BU19041203,Fazantenkamp,BU19041203,Fazantenkamp,100.0,1,1,unchanged
BU19041204,Boomstede,BU19041204,Boomstede,100.0,1,1,unchanged
BU19041205,Reigerskamp,BU19041205,Reigerskamp,100.0,1,1,unchanged
BU19041206,Zwanenkamp,BU19041206,Zwanenkamp,100.0,1,1,unchanged
BU19041207,Valkenkamp,BU19041207,Valkenkamp,100.0,1,1,unchanged
BU19041208,Duivenkamp,BU19041208,Duivenkamp,100.0,1,1,unchanged
BU19041209,Bloemstede,BU19041209,Bloemstede,100.0,1,1,unchanged
BU19041210,Zebraspoor,BU19041210,Zebraspoor,100.0,1,1,unchanged
BU19041211,Pauwenkamp,BU19041211,Pauwenkamp,100.0,1,1,unchanged
BU19041212,Kamelenspoor,BU19041212,Kamelenspoor,100.0,1,1,unchanged
BU19041213,Antilopespoor,BU19041213,Antilopespoor,100.0,1,1,unchanged
BU19041214,Bisonspoor,BU19041214,Bisonspoor,100.0,1,1,unchanged
BU19041215,Spechtenkamp,BU19041215,Spechtenkamp,100.0,1,1,unchanged
BU19080000,Menaldum,BU19493502,Menaam Oost,48.8,4,1,split
BU19080001,Dronrijp,BU19492602,Dronryp Midden,37.8,5,1,split
BU19080002,Schingen,BU19494500,Skingen,79.4,4,1,split
BU19080003,Slappeterp,BU19494600,Slappeterp,99.0,4,1,split
BU19080008,Verspreide huizen Menaldum,BU19493500,Buitengebied Menaam,87.7,11,1,split
BU19080009,Verspreide huizen Dronrijp,BU19492600,Buitengebied Dronryp,93.4,8,1,split
BU19080100,Marssum,BU19493401,Marsum,71.3,2,1,split
BU19080101,Deinum,BU19492401,Deinum,81.4,3,1,split
BU19080102,Blessum,BU19492100,Blessum,97.5,3,1,split
BU19080103,Boksum,BU19492300,Buitengebied Boksum,59.8,2,2,merged
BU19080107,Verspreide huizen Marssum,BU19493400,Buitengebied Marsum,96.9,5,1,split
BU19080108,Verspreide huizen Deinum,BU19492400,Buitengebied Deinum,77.5,6,1,split
BU19080109,Verspreide huizen Boksum,BU19492300,Buitengebied Boksum,99.8,3,2,recoded (gemeente change)
BU19080200,Berlikum,BU19491801,Berltsum Noord,41.0,6,1,split
BU19080201,Wier,BU19495200,Wier,100.0,1,1,recoded (gemeente change)
BU19080209,Verspreide huizen Berlikum,BU19491800,Buitengebied Berltsum,78.2,8,1,split
BU19080300,Beetgum,BU19491900,Buitengebied Bitgum,52.7,3,2,merged
BU19080301,Beetgumermolen,BU19492000,Buitengebied Bitgummole,56.3,3,2,merged
BU19080302,Engelum,BU19493100,Buitengebied Ingelum,59.3,6,1,split
BU19080308,Verspreide huizen Beetgum,BU19491900,Buitengebied Bitgum,56.8,7,2,merged
BU19080309,Verspreide huizen Beetgumermolen,BU19492000,Buitengebied Bitgummole,91.7,5,2,merged
BU19110000,Winkel,BU19111590,Buitengebied Winkel,62.0,10,3,merged
BU19110001,Lutjewinkel,BU19111490,Buitengebied Lutjewinkel,80.8,3,3,merged
BU19110002,De Weere (gedeeltelijk),BU19111490,Buitengebied Lutjewinkel,81.5,4,3,merged
BU19110003,Langereis (gedeeltelijk),BU19111590,Buitengebied Winkel,75.2,2,3,merged
BU19110009,Verspreide huizen in de Groetpolder,BU19111590,Buitengebied Winkel,45.0,6,3,merged
BU19110100,Nieuwe-Niedorp,BU19111690,Buitengebied Nieuwe Niedorp,69.4,5,4,merged
BU19110101,Terdiek,BU19111690,Buitengebied Nieuwe Niedorp,94.4,3,4,merged
BU19110102,Langereis (gedeeltelijk),BU19111690,Buitengebied Nieuwe Niedorp,82.5,2,4,merged
BU19110103,'t Veld en De Kampen,BU19111690,Buitengebied Nieuwe Niedorp,56.0,6,4,merged
BU19110104,Wateringskant,BU19111790,Buitengebied 't Veld,62.6,3,4,merged
BU19110105,Moerbeek,BU19111490,Buitengebied Lutjewinkel,94.0,4,3,merged
BU19110200,Oude-Niedorp,BU19111990,Buitengebied Oude Niedorp,75.5,5,1,split
BU19110201,'t Veld en De Weel (gedeeltelijk),BU19111790,Buitengebied 't Veld,67.5,4,4,merged
BU19110202,Zijdewind,BU19111890,Buitengebied Zijdewind/De Weel,75.1,4,1,split
BU19110203,Westermoerbeek (gedeeltelijk),BU19111790,Buitengebied 't Veld,56.0,3,4,merged
BU19110209,Verspreide huizen in De Kampen,BU19111790,Buitengebied 't Veld,70.4,3,4,merged
BU19110300,Barsingerhorn,BU19111290,Buitengebied Barsingerhorn,86.9,6,2,merged
BU19110301,Kolhorn,BU19111190,Buitengebied Kolhorn,68.0,3,1,split
BU19110302,Haringhuizen,BU19111390,Buitengebied Haringhuizen,83.4,5,2,merged
BU19110306,Verspreide huizen Westermoerbeek (gedeeltelijk),BU19111390,Buitengebied Haringhuizen,61.8,5,2,merged
BU19110307,Verspreide huizen Westfriese Zeedijk,BU19111290,Buitengebied Barsingerhorn,99.4,3,2,recoded
BU19110400,Hippolytushoef,BU19110590,Buitengebied Hippolytushoef,64.6,5,5,merged
BU19110401,Den Oever,BU19110601,Den Oever (woonkern),90.7,3,1,split
BU19110402,Oosterland,BU19110690,Buitengebied Den Oever,78.8,4,2,merged
BU19110403,Westerland,BU19110490,Buitengebied Westerland,86.6,6,2,merged
BU19110404,De Haukes,BU19110490,Buitengebied Westerland,80.3,3,2,merged
BU19110405,Stroe,BU19110590,Buitengebied Hippolytushoef,93.6,4,5,merged
BU19110406,Oosterklief en Westerklief,BU19110590,Buitengebied Hippolytushoef,69.5,3,5,merged
BU19110407,Verspreide huizen Hippolytushoeverpolder,BU19110590,Buitengebied Hippolytushoef,100.0,2,5,recoded
BU19110408,Verspreide huizen Oeverpolder,BU19110690,Buitengebied Den Oever,98.8,5,2,merged
BU19110409,Verspreide huizen Waard-Nieuwlandpolder,BU19110590,Buitengebied Hippolytushoef,96.7,3,5,merged
BU19110500,Wieringerwerf,BU19110701,Wieringerwerf Centrum,29.8,8,1,split
BU19110501,"Schepenwijk, Waddenwijk en Oosterterp",BU19110704,Schepenwijk,50.0,4,1,split
BU19110502,Middenmeer,BU19111090,Buitengebied Middenmeer,37.7,4,2,merged
BU19110503,Slootdorp,BU19110990,Buitengebied Slootdorp,68.1,2,3,merged
BU19110504,Kreileroord,BU19110801,Kreileroord,73.7,2,1,split
BU19110506,Verspreide huizen Wieringerwerf,BU19110990,Buitengebied Slootdorp,52.2,12,3,merged
BU19110507,Verspreide huizen Middenmeer,BU19111090,Buitengebied Middenmeer,82.7,11,2,merged
BU19110508,Verspreide huizen Slootdorp,BU19110990,Buitengebied Slootdorp,100.0,8,3,recoded
BU19110509,Verspreide huizen Kreileroord,BU19110790,Buitengebied Wieringerwerf,99.9,5,1,recoded
BU19110600,Kleine Sluis inclusief Spoorbuurt,BU19110190,Buitengebied Anna Paulowna,56.3,12,2,merged
BU19110601,Gelderse Buurt en omgeving,BU19110190,Buitengebied Anna Paulowna,81.6,3,2,merged
BU19110602,Breezand,BU19110290,Buitengebied Breezand,77.7,6,1,split
BU19110603,Van Ewijcksluis,BU19110103,Van Ewijcksluis,94.4,5,1,split
BU19110604,Oostpolder,BU19110191,Oostpolder,99.9,6,1,recoded
BU19110700,Wieringerwaard,BU19110390,Buitengebied Wieringerwaard,58.1,3,3,merged
BU19110701,Nieuwesluis,BU19110390,Buitengebied Wieringerwaard,66.0,2,3,merged
BU19110702,Buitengebied Wieringerwaard,BU19110390,Buitengebied Wieringerwaard,99.9,8,3,recoded
BU19119997,,BU19119997,Groot binnenwater,99.9,3,1,unchanged
BU19119998,,BU19119998,Buitenwater,99.8,8,1,unchanged
BU19160100,De Zijde,BU19160100,De Zijde,100.0,1,1,unchanged
BU19160101,Duivenvoorde,BU19160101,Duivenvoorde,100.0,1,1,unchanged
BU19160102,Park Veursehout,BU19160102,Park Veursehout,99.6,2,1,unchanged
BU19160103,Leidsenhage,BU19160103,Leidsenhage,99.8,2,1,unchanged
BU19160104,Schakenbosch,BU19160104,Schakenbosch en het Buitengebied,100.0,1,1,unchanged
BU19160200,Prinsenhof hoogbouw,BU19160200,Prinsenhof hoog,100.0,1,1,unchanged
BU19160201,Prinsenhof laagbouw,BU19160201,Prinsenhof laag,100.0,1,1,unchanged
BU19160300,'t Lien,BU19160300,'t Lien zuid,59.3,2,1,split
BU19160301,De Rietvink,BU19160301,De Rietvink / Veursestraatweg,100.0,1,1,unchanged
BU19160400,Kern Stompwijk,BU19160400,Kern Stompwijk,100.0,1,1,unchanged
BU19160401,Landelijk gebied Stompwijk,BU19160401,Landelijk gebied Stompwijk,97.4,2,1,split
BU19160500,Damcentrum,BU19160500,Damcentrum,100.0,1,1,unchanged
BU19160501,Klein Plaspoelpolder,BU19160501,Klein Plaspoelpolder,100.0,1,1,unchanged
BU19160502,Leidschendam-Zuid,BU19160502,Leidschendam - Zuid De Tol / 't Hert,54.1,2,1,split
BU19160503,Zeeheldenwijk,BU19160503,Zeeheldenwijk,100.0,1,1,unchanged
BU19160600,De Heuvel,BU19160602,De Heuvel noord,51.0,2,1,split
BU19160601,Amstelwijk,BU19160601,Amstelwijk,100.0,1,1,unchanged
BU19160700,Damsigt,BU19160704,Kleurenbuurt,52.7,3,1,split
BU19160701,Verzetsheldenwijk,BU19160701,Verzetsheldenwijk,100.0,1,1,unchanged
BU19160702,Raadhuiskwartier,BU19160702,Raadhuiskwartier,100.0,1,1,unchanged
BU19160703,Sijtwende 3 t/m 5,BU19160703,Sijtwende,77.7,3,1,split
BU19160800,Essesteijn,BU19160804,Essesteijn / Dreven,43.4,5,1,split
BU19160801,Nieuw Essesteijn / Zijdezigt,BU19160801,Nieuw Essesteijn / Zijdezigt,99.9,2,1,unchanged
BU19160900,Voorburg Midden,BU19160900,Voorburg Midden noord,47.8,3,1,split
BU19160901,Voorburg Oud,BU19161300,Voorburg Oud noord,58.6,2,1,split
BU19161000,Bovenveen,BU19161001,Bovenveen midden,43.5,3,1,split
BU19161100,Voorburg Noord,BU19161100,Voorburg Noord zuid,69.2,2,1,split
BU19161200,Voorburg West,BU19161200,Voorburg West zuid,69.9,2,1,split
BU19161201,Park Leeuwenbergh,BU19161201,Park Leeuwenbergh,100.0,1,1,unchanged
BU19210101,Akmarijp,BU19400101,Akmarijp,100.0,1,1,recoded (gemeente change)
BU19210201,Bakhuizen,BU19400201,Bakhuizen,100.0,1,1,recoded (gemeente change)
BU19210301,Balk,BU19400301,Balk,100.0,1,1,recoded (gemeente change)
BU19210401,Bantega,BU19400401,Bantega,100.0,1,1,recoded (gemeente change)
BU19210501,Boornzwaag,BU19400501,Boornzwaag,100.0,1,1,recoded (gemeente change)
BU19210601,Broek,BU19400601,Broek,100.0,1,1,recoded (gemeente change)
BU19210701,Delfstrahuizen-Buitengebied,BU19400701,Delfstrahuizen-Buitengebied,100.0,1,1,recoded (gemeente change)
BU19210702,Delfstrahuizen-Kom,BU19400702,Delfstrahuizen-Kom,100.0,1,1,recoded (gemeente change)
BU19210801,Dijken,BU19400801,Dijken,100.0,1,1,recoded (gemeente change)
BU19210901,Doniaga,BU19400901,Doniaga,100.0,1,1,recoded (gemeente change)
BU19211001,Echten,BU19401001,Echten,100.0,1,1,recoded (gemeente change)
BU19211101,Echtenerbrug-Buitengebied,BU19401101,Echtenerbrug-Buitengebied,100.0,1,1,recoded (gemeente change)
BU19211102,Echtenerbrug-Kom,BU19401102,Echtenerbrug-Kom,100.0,1,1,recoded (gemeente change)
BU19211201,Eesterga,BU19401201,Eesterga,100.0,1,1,recoded (gemeente change)
BU19211301,Elahuizen,BU19401301,Elahuizen,100.0,1,1,recoded (gemeente change)
BU19211401,Follega,BU19401401,Follega,100.0,1,1,recoded (gemeente change)
BU19211501,Goingarijp,BU19401501,Goingarijp,100.0,1,1,recoded (gemeente change)
BU19211601,Harich,BU19401601,Harich,100.0,1,1,recoded (gemeente change)
BU19211701,Haskerhorne,BU19401701,Haskerhorne,100.0,1,1,recoded (gemeente change)
BU19211801,Idskenhuizen,BU19401801,Idskenhuizen,100.0,1,1,recoded (gemeente change)
BU19211901,"Joure, Blaauwhof",BU19401901,"Joure, Blaauwhof",100.0,1,1,recoded (gemeente change)
BU19211902,"Joure, Buitengebied",BU19401902,"Joure, Buitengebied",100.0,1,1,recoded (gemeente change)
BU19211903,"Joure, Centrum",BU19401903,"Joure, Centrum",100.0,1,1,recoded (gemeente change)
BU19211904,"Joure, Jonkersland",BU19401904,"Joure, Jonkersland",100.0,1,1,recoded (gemeente change)
BU19211905,"Joure, Sewei/De Ekers",BU19401905,"Joure, Sewei/De Ekers",100.0,1,1,recoded (gemeente change)
BU19211906,"Joure, Skipsleat",BU19401906,"Joure, Skipsleat",100.0,1,1,recoded (gemeente change)
BU19211907,"Joure, Westermeer",BU19401907,"Joure, Westermeer",100.0,1,1,recoded (gemeente change)
BU19211908,"Joure, Woudfennen",BU19401908,"Joure, Woudfennen",100.0,1,1,recoded (gemeente change)
BU19211909,"Joure, Wyldehoarne",BU19401909,"Joure, Wyldehoarne",100.0,1,1,recoded (gemeente change)
BU19211910,"Joure, Zuiderveld",BU19401910,"Joure, Zuiderveld",100.0,1,1,recoded (gemeente change)
BU19212001,Kolderwolde,BU19402001,Kolderwolde,100.0,1,1,recoded (gemeente change)
BU19212101,Langweer,BU19402101,Langweer,100.0,1,1,recoded (gemeente change)
BU19212201,Legemeer,BU19402201,Legemeer,100.0,1,1,recoded (gemeente change)
BU19212301,Lemmer-Buitengebied,BU19402301,Lemmer-Buitengebied,100.0,3,1,recoded (gemeente change)
BU19212302,Lemmer-Frieslandpark,BU19402302,Lemmer-Frieslandpark,100.0,1,1,recoded (gemeente change)
BU19212303,Lemmer-Kom,BU19402303,Lemmer-Kom,99.9,2,1,recoded (gemeente change)
BU19212304,Lemmer-Lemstervaart,BU19402304,Lemmer-Lemstervaart,99.9,2,1,recoded (gemeente change)
BU19212305,Lemmer-Noord,BU19402305,Lemmer-Noord,100.0,1,1,recoded (gemeente change)
BU19212306,Lemmer-Rienplan,BU19402306,Lemmer-Rienplan,100.0,1,1,recoded (gemeente change)
BU19212307,Lemmer-West,BU19402307,Lemmer-West,100.0,1,1,recoded (gemeente change)
BU19212308,Lemmer-Zijlroede,BU19402308,Lemmer-Zijlroede,99.7,2,1,recoded (gemeente change)
BU19212401,Mirns,BU19402401,Mirns,99.6,2,1,recoded (gemeente change)
BU19212501,Nijehaske,BU19402501,Nijehaske,100.0,1,1,recoded (gemeente change)
BU19212601,Nijemirdum,BU19402601,Nijemirdum,100.0,1,1,recoded (gemeente change)
BU19212701,Oldeouwer,BU19402701,Oldeouwer,100.0,1,1,recoded (gemeente change)
BU19212801,Oosterzee-Buitengebied,BU19402801,Oosterzee-Buitengebied,100.0,1,1,recoded (gemeente change)
BU19212802,Oosterzee-Kom,BU19402802,Oosterzee-Kom,100.0,1,1,recoded (gemeente change)
BU19212901,Oudega,BU19402901,Oudega,100.0,1,1,recoded (gemeente change)
BU19213001,Oudehaske,BU19403001,Oudehaske,100.0,1,1,recoded (gemeente change)
BU19213101,Oudemirdum,BU19403101,Oudemirdum,100.0,2,1,recoded (gemeente change)
BU19213201,Ouwsterhaule,BU19403201,Ouwsterhaule,100.0,1,1,recoded (gemeente change)
BU19213301,Ouwster-Nijega,BU19403301,Ouwster-Nijega,100.0,1,1,recoded (gemeente change)
BU19213401,Rijs,BU19403401,Rijs,100.0,1,1,recoded (gemeente change)
BU19213501,Rohel,BU19403501,Rohel,100.0,1,1,recoded (gemeente change)
BU19213601,Rotstergaast,BU19403601,Rotstergaast,100.0,1,1,recoded (gemeente change)
BU19213701,Rotsterhaule,BU19403701,Rotsterhaule,100.0,1,1,recoded (gemeente change)
BU19213801,Rottum,BU19403801,Rottum,100.0,1,1,recoded (gemeente change)
BU19213901,Ruigahuizen,BU19403901,Ruigahuizen,100.0,1,1,recoded (gemeente change)
BU19214001,Scharsterbrug,BU19404001,Scharsterbrug,100.0,1,1,recoded (gemeente change)
BU19214101,Sint Nicolaasga,BU19404101,Sint Nicolaasga,100.0,1,1,recoded (gemeente change)
BU19214201,Sintjohannesga,BU19404201,Sintjohannesga,100.0,1,1,recoded (gemeente change)
BU19214301,Sloten,BU19404301,Sloten,100.0,1,1,recoded (gemeente change)
BU19214401,Snikzwaag,BU19404401,Snikzwaag,100.0,1,1,recoded (gemeente change)
BU19214501,Sondel,BU19404501,Sondel,100.0,2,1,recoded (gemeente change)
BU19214601,Terherne,BU19404601,Terherne,100.0,1,1,recoded (gemeente change)
BU19214701,Terkaple,BU19404701,Terkaple,100.0,1,1,recoded (gemeente change)
BU19214801,Teroele,BU19404801,Teroele,100.0,1,1,recoded (gemeente change)
BU19214901,Tjerkgaast,BU19404901,Tjerkgaast,100.0,2,1,recoded (gemeente change)
BU19215001,Vegelinsoord,BU19405001,Vegelinsoord,100.0,1,1,recoded (gemeente change)
BU19215101,Wijckel,BU19405101,Wijckel,100.0,1,1,recoded (gemeente change)
BU19219997,,BU19409997,Groot binnenwater,100.0,6,1,recoded (gemeente change)
BU19240000,Woonkern Goedereede,BU19240001,Goedereede woonkern,50.4,3,1,split
BU19240001,Goedereede-Havenhoofd,BU19240003,Goedereede buitengebied,72.2,2,3,merged
BU19240009,Verspreide huizen Goedereede,BU19240003,Goedereede buitengebied,87.2,6,3,merged
BU19240100,Woonkern Ouddorp,BU19240109,Ouddorp buitengebied,57.8,6,4,merged
BU19240101,Oudeland,BU19240109,Ouddorp buitengebied,80.0,3,4,merged
BU19240102,Westnieuwland,BU19240109,Ouddorp buitengebied,94.3,3,4,merged
BU19240103,Oudenieuwland,BU19240105,Ouddorp oude nieuwlandseweg,51.3,3,1,split
BU19240104,Horrelshoogten,BU19240102,Ouddorp noord,82.9,3,1,split
BU19240105,Oostdijk,BU19240003,Goedereede buitengebied,100.0,1,3,recoded
BU19240109,Verspreide huizen Ouddorp,BU19240109,Ouddorp buitengebied,67.0,12,4,merged
BU19240200,Woonkern Stellendam,BU19240205,Stellendam buitengebied,37.8,4,2,merged
BU19240209,Verspreide huizen Stellendam,BU19240205,Stellendam buitengebied,92.4,10,2,merged
BU19240300,Middelharnis-Sommelsdijk,BU19240301,Middelharnis westplaat,32.3,10,1,split
BU19240301,Middelharnis-nieuwbouw,BU19240304,Middelharnis bomenbuurt,46.0,7,1,split
BU19240302,Nieuwe Tonge,BU19241103,Nieuwe-Tonge buitengebied,51.1,3,1,split
BU19240303,Stad aan 't Haringvliet,BU19241201,Stad aan 't Haringvliet woonkern,48.0,4,1,split
BU19240304,Sommelsdijk-Zuid nieuwbouw,BU19241004,Sommelsdijk vogelbuurt oost,60.8,5,1,split
BU19240309,Verspreide huizen Middelharnis,BU19241006,Sommelsdijk buitengebied,31.5,20,1,split
BU19240400,Ooltgensplaat,BU19240401,Ooltgensplaat woonkern,49.4,3,1,split
BU19240401,Achthuizen (gedeeltelijk),BU19241302,Achthuizen buitengebied,79.1,3,3,merged
BU19240402,De Langstraat,BU19241302,Achthuizen buitengebied,99.4,2,3,recoded
BU19240409,Verspreide huizen,BU19240403,Ooltgensplaat buitengebied,74.8,6,1,split
BU19240500,Den Bommel,BU19240502,Den Bommel buitengebied,72.7,3,4,merged
BU19240501,Achthuizen (gedeeltelijk),BU19241302,Achthuizen buitengebied,61.2,2,3,merged
BU19240502,Kranendijk,BU19240502,Den Bommel buitengebied,75.2,2,4,merged
BU19240503,Zuidzijde,BU19240502,Den Bommel buitengebied,97.3,2,4,merged
BU19240509,Verspreide huizen,BU19240502,Den Bommel buitengebied,66.8,9,4,merged
BU19240600,Oude-Tonge,BU19240602,Oude-Tonge prinsessenbuurt handelskade,35.2,6,1,split
BU19240601,Ebbe en Vloed,BU19240601,Oude-Tonge centrum,90.6,3,1,split
BU19240609,Verspreide huizen,BU19240606,Oude-Tonge buitengebied,94.4,13,1,split
BU19240700,Dirksland-Oud,BU19240704,Dirksland industriegebied,35.4,5,1,split
BU19240701,Dirksland-Nieuw,BU19240705,Dirksland buitengebied,37.5,5,3,merged
BU19240709,Verspreide huizen polder Dirksland,BU19240705,Dirksland buitengebied,94.4,6,3,merged
BU19240800,Melissant-Oud,BU19240802,Melissant buitengebied,68.7,2,3,merged
BU19240801,Melissant-Nieuw,BU19240801,Melissant woonkern,54.8,2,1,split
BU19240806,Verspreide huizen in De Halspolder,BU19240802,Melissant buitengebied,51.2,5,3,merged
BU19240807,Verspr. h. in polder Oude Plaat en oost van Dirkslands haven,BU19240705,Dirksland buitengebied,94.3,5,3,merged
BU19240808,Verspreide huizen-Zuid,BU19240903,Herkingen buitengebied,77.8,4,4,merged
BU19240809,Verspreide huizen-Noord,BU19240802,Melissant buitengebied,55.7,7,3,merged
BU19240900,Herkingen,BU19240903,Herkingen buitengebied,53.2,4,4,merged
BU19240908,Verspreide huizen-Oost,BU19240903,Herkingen buitengebied,99.9,3,4,recoded
BU19240909,Verspreide huizen West,BU19240903,Herkingen buitengebied,96.7,3,4,merged
BU19249997,,BU19249997,Groot binnenwater,98.7,17,1,split
BU19249998,,BU19249998,Buitenwater,96.4,5,1,split
BU19260101,Pijnacker-Centrum / Dorp,BU19260101,Pijnacker-Centrum/Dorp,96.2,8,1,split
BU19260102,Pijnacker Noord,BU19260102,Pijnacker Noord,93.9,5,1,split
BU19260103,Koningshof,BU19260103,Koningshof,94.6,6,1,split
BU19260104,Klapwijk,BU19260104,Klapwijk,93.0,7,1,split
BU19260105,Tolhek,BU19260105,Tolhek,77.4,6,1,split
BU19260106,Keijzershof,BU19260108,Keijzershof Boszoom,34.1,5,1,split
BU19260107,Klapwijk Noord,BU19260107,Ackerswoude,87.9,5,1,split
BU19260111,Oude Leede / Zuidpolder,BU19260111,Zuidpolder Oude Leede,57.1,11,1,split
BU19260112,Pijnacker Noordpolder,BU19260353,Noordpolder Delfgauw,57.7,7,1,split
BU19260113,Pijnacker Oost,BU19260112,Pijnacker Oost,96.2,7,1,split
BU19260114,De Boezem,BU19260114,De Boezem,94.9,3,1,split
BU19260221,Nootdorp-Centrum / West,BU19260221,Nootdorp CentrumWest,98.4,4,1,split
BU19260222,Vrouwtjeslant / Nieuweveen,BU19260222,Vrouwtjeslant / Nieuweveen,98.0,4,1,split
BU19260223,Achter het Raadhuis,BU19260223,Achter het Raadhuis,95.7,3,1,split
BU19260224,'s Gravenhout,BU19260224,’s-Gravenhout,85.5,4,1,split
BU19260225,De Venen,BU19260225,De Venen Centrum,42.4,5,1,split
BU19260226,Craeyenburch,BU19260226,De Venen / Craeyenburch,97.5,3,1,split
BU19260231,Buitengebied Nootdorp,BU19260231,Buitengebied Nootdorp,99.8,6,1,unchanged
BU19260232,Oostambacht / Heronpark,BU19260232,Oostambacht / Heronpark,99.3,3,1,unchanged
BU19260341,Oud Delfgauw,BU19260341,Oud-Delfgauw,98.0,4,1,split
BU19260342,Emerald,BU19260343,Emerald Centrum,39.9,5,1,split
BU19260351,Ruyven,BU19260351,Ruyven,100.0,2,1,unchanged
BU19270000,Lekdijk,BU19781207,Dijkgebied-Nieuw-Lekkerland,57.7,8,1,split
BU19270001,Kinderdijk (gedeeltelijk),BU19780901,Dijkgebied-Kinderdijk,33.0,4,1,split
BU19270002,Middelweg,BU19781202,Nieuw-Lekkerland-Middelweg,81.9,4,1,split
BU19270003,Dorp,BU19781201,Nieuw-Lekkerland-Dorp,87.8,4,1,split
BU19270009,Verspreide huizen Nieuw-Lekkerland,BU19781204,Nieuw-Lekkerland-Buitengebied,75.7,9,1,split
BU19270100,Bleskensgraaf Kern,BU19780203,Bleskensgraaf-Dorp,51.7,5,1,split
BU19270109,Bleskensgraaf landelijk gedeelte,BU19780202,Bleskensgraaf-Buitengebied-Zuid,46.1,14,1,split
BU19270200,Brandwijk,BU19780307,Brandwijk-Buitengebied,95.9,8,3,merged
BU19270201,Gijbeland Kern,BU19780307,Brandwijk-Buitengebied,58.1,2,3,merged
BU19270202,"Gijbeland, landelijk gebied",BU19780307,Brandwijk-Buitengebied,90.2,9,3,merged
BU19270300,Dorp Goudriaan,BU19780504,Goudriaan-Buitengebied-Zuid,33.4,6,2,merged
BU19270309,Landelijk gebied Goudriaan,BU19780504,Goudriaan-Buitengebied-Zuid,57.2,5,2,merged
BU19270400,Molenaarsgraaf Kern,BU19781105,Molenaarsgraaf-Buitengebied,64.6,3,2,merged
BU19270409,Molenaarsgraaf landelijk gebied,BU19781105,Molenaarsgraaf-Buitengebied,94.3,14,2,merged
BU19270500,Ottoland,BU19781507,Ottoland-Buitengebied-Zuid,66.7,10,2,merged
BU19270501,Laag-Blokland,BU19781507,Ottoland-Buitengebied-Zuid,49.0,9,2,merged
BU19270600,Oud-Alblas Kern,BU19781603,Oud-Alblas-Dorp,62.2,5,1,split
BU19270609,Oud-Alblas landelijk gebied,BU19781605,Oud-Alblas-Buitengebied-Noord,50.5,10,1,split
BU19270700,Wijngaarden,BU19782001,Wijngaarden-Buitengebied,90.5,7,1,split
BU19270800,Groot-Ammers,BU19780604,Groot-Ammers-Dorp,68.0,9,1,split
BU19270801,Gelkenes,BU19780603,Dijkgebied-Groot-Ammers,37.9,7,1,split
BU19270802,Graafland,BU19780609,Groot-Ammers-Buitengebied-Zuid,61.0,5,2,merged
BU19270803,Achterland,BU19780609,Groot-Ammers-Buitengebied-Zuid,99.9,7,2,recoded (gemeente change)
BU19270900,Langerak-Dorp,BU19781003,Langerak-Dorp,56.4,5,1,split
BU19270901,Waal,BU19781002,Dijkgebied-Langerak,36.8,3,1,split
BU19270909,Langerak-landelijk gebied,BU19781004,Langerak-Buitengebied,88.5,7,1,split
BU19271000,Nieuwpoort,BU19781301,Nieuwpoort-Stad,70.0,10,1,split
BU19271100,Streefkerk-Dorp,BU19781803,Streefkerk-Dorp,74.9,3,1,split
BU19271109,Streefkerk landelijk gebied,BU19781802,Streefkerk-Buitengebied,87.9,10,1,split
BU19300101,Kern,BU19300101,Kern,100.0,1,1,unchanged
BU19300102,Molenwei,BU19300102,Molenwei,100.0,1,1,unchanged
BU19300103,Oranjebuurt,BU19300103,Oranjebuurt,100.0,1,1,unchanged
BU19300104,Vogelbuurt,BU19300104,Vogelbuurt,100.0,1,1,unchanged
BU19300105,Centrum-Oost,BU19300105,Centrum-Oost,100.0,1,1,unchanged
BU19300106,Centrum-Zuid,BU19300106,Centrum-Zuid,100.0,2,1,unchanged
BU19300201,Schiekamp-Noord,BU19300201,Schiekamp-Noord,100.0,1,1,unchanged
BU19300202,Schiekamp-Zuid,BU19300202,Schiekamp-Zuid,100.0,1,1,unchanged
BU19300301,Hoogwerf-Noord,BU19300301,Hoogwerf-Noord,100.0,1,1,unchanged
BU19300302,Hoogwerf-Zuid,BU19300302,Hoogwerf-Zuid,100.0,1,1,unchanged
BU19300401,Vierambachten,BU19300401,Vierambachten,100.0,1,1,unchanged
BU19300501,De Hoek-1,BU19300501,De Hoek-1,100.0,1,1,unchanged
BU19300502,De Hoek-2,BU19300502,De Hoek-2,100.0,1,1,unchanged
BU19300503,De Hoek-3,BU19300503,De Hoek-3,100.0,1,1,unchanged
BU19300504,De Hoek-4,BU19300504,De Hoek-4,100.0,1,1,unchanged
BU19300601,Gildenwijk-Oost,BU19300601,Gildenwijk-Oost,100.0,1,1,unchanged
BU19300602,Gildenwijk-West,BU19300602,Gildenwijk-West,100.0,1,1,unchanged
BU19300603,Ziekenhuis,BU19300603,Ziekenhuis,100.0,1,1,unchanged
BU19300701,Groenewoud-Hoog,BU19300701,Groenewoud-Hoog,100.0,1,1,unchanged
BU19300702,Groenewoud-Huur,BU19300702,Groenewoud-Huur,100.0,1,1,unchanged
BU19300703,Groenewoud-Koop,BU19300703,Groenewoud-Koop,100.0,1,1,unchanged
BU19300801,Sterrenkwartier-Hoog,BU19300801,Sterrenkwartier-Hoog,100.0,2,1,unchanged
BU19300802,Sterrenkwartier-Midden,BU19300802,Sterrenkwartier-Midden,100.0,1,1,unchanged
BU19300803,Sterrenkwartier-Oost,BU19300803,Sterrenkwartier-Oost,100.0,1,1,unchanged
BU19300804,Sterrenkwartier-Zuid,BU19300804,Sterrenkwartier-Zuid,100.0,1,1,unchanged
BU19300805,Sterrenkwartier-West,BU19300805,Sterrenkwartier-West,100.0,1,1,unchanged
BU19300901,Schenkel-Noordwest,BU19300901,Schenkel-Noordwest,100.0,1,1,unchanged
BU19300902,Schenkel-Industrieterrein,BU19300902,Schenkel-Industrieterrein,100.0,1,1,unchanged
BU19300903,Schenkel-Zuidwest,BU19300903,Schenkel-Zuidwest,100.0,1,1,unchanged
BU19300904,Schenkel-Zuidoost,BU19300904,Schenkel-Zuidoost,100.0,1,1,unchanged
BU19300905,Schenkel-Noordoost,BU19300905,Schenkel-Noordoost,100.0,1,1,unchanged
BU19301001,De Dijk,BU19301001,De Dijk,100.0,1,1,unchanged
BU19301002,Bedrijventerrein Haven-Noord,BU19301002,Bedrijventerrein Haven-Noord,100.0,1,1,unchanged
BU19301003,De Haven,BU19301003,De Haven,100.0,1,1,unchanged
BU19301004,Het Land,BU19301004,Het Land,100.0,1,1,unchanged
BU19301101,Vogelenzang-Zuid,BU19301101,Vogelenzang-Zuid,100.0,1,1,unchanged
BU19301102,Vogelenzang-Noord,BU19301102,Vogelenzang-Noord,100.0,1,1,unchanged
BU19301201,Gaarden,BU19301201,Gaarden,100.0,1,1,unchanged
BU19301202,Dreven,BU19301202,Dreven,100.0,1,1,unchanged
BU19301203,Voorden,BU19301203,Voorden,100.0,1,1,unchanged
BU19301204,Akkers-Centrum,BU19301204,Akkers-Centrum,100.0,1,1,unchanged
BU19301205,Donken,BU19301205,Donken,100.0,1,1,unchanged
BU19301206,Kreken,BU19301206,Kreken,100.0,1,1,unchanged
BU19301301,Vriesland,BU19301301,Vriesland,100.0,1,1,unchanged
BU19301401,Ottersveen,BU19301401,Ottersveen,100.0,1,1,unchanged
BU19301402,Kikkerveen,BU19301402,Kikkerveen,100.0,1,1,unchanged
BU19301403,Beverveen,BU19301403,Beverveen,100.0,1,1,unchanged
BU19301404,Egel- en Salamanderveen,BU19301404,Egel- en Salamanderveen,100.0,1,1,unchanged
BU19301405,Krekelveen,BU19301405,Krekelveen,100.0,1,1,unchanged
BU19301406,Slakkenveen,BU19301406,Slakkenveen,100.0,1,1,unchanged
BU19301407,Middengebied,BU19301407,Middengebied,100.0,2,1,unchanged
BU19301408,Karperveen,BU19301408,Karperveen,100.0,1,1,unchanged
BU19301409,Snoekenveen,BU19301409,Snoekenveen,100.0,1,1,unchanged
BU19301410,Baarsveen,BU19301410,Baarsveen,100.0,1,1,unchanged
BU19301411,Park Waterland,BU19301411,Park Waterland,100.0,1,1,unchanged
BU19301501,Maaswijk-Noordoost,BU19301501,Maaswijk-Noordoost,100.0,1,1,unchanged
BU19301502,Maaswijk-Noordwest,BU19301502,Maaswijk-Noordwest,100.0,1,1,unchanged
BU19301503,Maaswijk-Zuidwest,BU19301503,Maaswijk-Zuidwest,100.0,1,1,unchanged
BU19301504,Maaswijk-Zuidoost,BU19301504,Maaswijk-Zuidoost,100.0,1,1,unchanged
BU19301505,Maaswijktuinen,BU19301505,Maaswijktuinen,100.0,2,1,unchanged
BU19301506,Park Welgelegen,BU19301506,Park Welgelegen,100.0,1,1,unchanged
BU19301601,Industrieterrein Halfweg,BU19301601,Industrieterrein Halfweg,100.0,1,1,unchanged
BU19301701,Oostbroek,BU19301701,Oostbroek,100.0,1,1,unchanged
BU19301702,Landtong,BU19301702,Landtong,100.0,1,1,unchanged
BU19301703,Hartelpark-Oost,BU19301703,Hartelpark-Oost,100.0,1,1,unchanged
BU19301704,Hartelpark-West,BU19301704,Hartelpark-West,100.0,1,1,unchanged
BU19301705,Markenburg,BU19301705,Markenburg,100.0,1,1,unchanged
BU19301706,Westrand,BU19301706,Westrand,100.0,1,1,unchanged
BU19301707,Waterrijk,BU19301707,Waterrijk,100.0,1,1,unchanged
BU19301708,Berenplaat,BU19301708,Berenplaat,100.0,1,1,unchanged
BU19302501,Kern Heenvliet,BU19302501,Kern Heenvliet,100.0,1,1,unchanged
BU19302502,Bloemendaele,BU19302502,Bloemendaele,100.0,1,1,unchanged
BU19302503,Ravensteijn-West,BU19302503,Ravensteijn-West,100.0,1,1,unchanged
BU19302504,Poldergebied Heenvliet,BU19302504,Poldergebied Heenvliet,100.0,1,1,unchanged
BU19302701,Kern Geervliet,BU19302701,Kern Geervliet,100.0,1,1,unchanged
BU19302702,Geervliet-Noordoost,BU19302702,Geervliet-Noordoost,100.0,1,1,unchanged
BU19302703,Poldergebied Geervliet,BU19302703,Poldergebied Geervliet,100.0,1,1,unchanged
BU19302901,Kern Abbenbroek,BU19302901,Kern Abbenbroek,100.0,1,1,unchanged
BU19302902,Poldergebied Abbenbroek,BU19302902,Poldergebied Abbenbroek,100.0,1,1,unchanged
BU19303101,Kern Zuidland,BU19303101,Kern Zuidland,100.0,1,1,unchanged
BU19303102,Kerckhoek,BU19303102,Kerckhoek,100.0,1,1,unchanged
BU19303103,Kreken van Nibbeland,BU19303103,Kreken van Nibbeland,100.0,1,1,unchanged
BU19303104,Harregat,BU19303104,Harregat,100.0,1,1,unchanged
BU19303105,Poldergebied Zuidland,BU19303105,Poldergebied Zuidland,99.7,3,1,unchanged
BU19303301,Kern Simonshaven,BU19303301,Kern Simonshaven,100.0,1,1,unchanged
BU19303302,Poldergebied Simonshaven,BU19303302,Poldergebied Simonshaven,100.0,1,1,unchanged
BU19303501,Kern Oudenhoorn,BU19921001,Kern Oudenhoorn,100.0,1,1,recoded (gemeente change)
BU19303502,Poldergebied Oudenhoorn,BU19921002,Poldergebied Oudenhoorn,99.1,3,1,recoded (gemeente change)
BU19303503,Poldergebied Nieuwenhoorn,BU19921003,Poldergebied Nieuwenhoorn,100.0,1,1,recoded (gemeente change)
BU19305001,Hekelingen-Dorp,BU19305001,Hekelingen-Dorp,100.0,1,1,unchanged
BU19305002,Uitslag van Putten-Zuid,BU19305002,Uitslag van Putten-Zuid,100.0,1,1,unchanged
BU19305003,Oud-Schuddebeurs,BU19305003,Oud-Schuddebeurs,100.0,1,1,unchanged
BU19309997,,BU19929997,Groot binnenwater,60.6,4,2,merged
BU19310000,Tiendhoek,BU19310000,Tiendhoek,100.0,1,1,unchanged
BU19310001,Schuwacht,BU19310001,Schuwacht,100.0,1,1,unchanged
BU19310002,Opperduit,BU19310002,Opperduit,100.0,1,1,unchanged
BU19310003,Tiendweg-West,BU19310003,Tiendweg-West,100.0,1,1,unchanged
BU19310004,Lekkerkerk-Oost,BU19310004,Lekkerkerk-Oost,100.0,1,1,unchanged
BU19310005,Prinsessenbuurt,BU19310005,Prinsessenbuurt,100.0,1,1,unchanged
BU19310006,Koninginnenbuurt,BU19310006,Koninginnenbuurt,100.0,1,1,unchanged
BU19310007,Wibautsraat en Lorentzweg,BU19310007,Wibautsraat en Lorentzweg,100.0,1,1,unchanged
BU19310008,Molenwerf en omstreken,BU19310008,Molenwerf en omstreken,100.0,1,1,unchanged
BU19310009,Voorstraat en Centrum,BU19310009,Voorstraat en Centrum,100.0,1,1,unchanged
BU19310010,Industrieterrein,BU19310010,Industrieterrein,100.0,1,1,unchanged
BU19310011,Verspr. huizen Lekkerkerk,BU19310011,Verspr. huizen Lekkerkerk,100.0,1,1,unchanged
BU19310100,Hoofdstraat,BU19310100,Hoofdstraat,100.0,1,1,unchanged
BU19310101,Binnen Krimpen,BU19310101,Binnen Krimpen,100.0,1,1,unchanged
BU19310102,Beroepenbuurt,BU19310102,Beroepenbuurt,100.0,1,1,unchanged
BU19310103,Krimpen-Oost,BU19310103,Krimpen-Oost,100.0,1,1,unchanged
BU19310104,Zaag,BU19310104,Zaag,100.0,1,1,unchanged
BU19310105,Tiendweg Noord,BU19310105,Tiendweg Noord,100.0,1,1,unchanged
BU19310106,Krimpen Centrum,BU19310106,Krimpen Centrum,100.0,1,1,unchanged
BU19310107,Industrieterrein Krimpen,BU19310107,Industrieterrein Krimpen,100.0,1,1,unchanged
BU19310108,Lekdijk,BU19310108,Lekdijk,100.0,1,1,unchanged
BU19310109,Verspr. huizen Krimpen aan de Lek,BU19310109,Verspr. huizen Krimpen aan de Lek,100.0,1,1,unchanged
BU19310200,Ouderkerk aan den IJssel,BU19310200,Ouderkerk aan den IJssel,100.0,2,1,unchanged
BU19310208,Verspr. huizen Ouderkerk Noord,BU19310208,Verspr. huizen Ouderkerk Noord,100.0,1,1,unchanged
BU19310209,Verspr. huizen Ouderkerk Oost,BU19310209,Verspr. huizen Ouderkerk Oost,100.0,1,1,unchanged
BU19310300,Gouderak,BU19310300,Gouderak,100.0,1,1,unchanged
BU19310400,Bergambacht-Dorp,BU19310400,Bergambacht-Dorp,100.0,1,1,unchanged
BU19310401,Kadijk en Kadijkselaan,BU19310401,Kadijk en Kadijkselaan,100.0,1,1,unchanged
BU19310402,Uitbreiding Dorp,BU19310402,Uitbreiding Dorp,100.0,1,1,unchanged
BU19310403,Benedenberg en Zuidbroek,BU19310403,Benedenberg en Zuidbroek,100.0,1,1,unchanged
BU19310404,Tussenlanen,BU19310404,Tussenlanen,100.0,1,1,unchanged
BU19310409,Bovenberg westelijk van de Fransekade,BU19310409,Bovenberg westelijk van de Fransekade,100.0,1,1,unchanged
BU19310500,Bergstoep,BU19310500,Bergstoep,100.0,1,1,unchanged
BU19310501,Lekdijk-West en Provinciale weg (ged.),BU19310501,Lekdijk-West en Provinciale weg (ged.),100.0,1,1,unchanged
BU19310502,Lekdijk-Oost en Provinciale weg (ged.),BU19310502,Lekdijk-Oost en Provinciale weg (ged.),100.0,1,1,unchanged
BU19310503,Bovenstad,BU19310503,Bovenstad,100.0,1,1,unchanged
BU19310504,Provinciale weg (ged.) De Hem en Hogedijk (ged.),BU19310504,Provinciale weg (ged.) De Hem en Hogedijk (ged.),100.0,1,1,unchanged
BU19310600,Ammerstol,BU19310600,Ammerstol,100.0,1,1,unchanged
BU19310700,Berkenwoude,BU19310700,Berkenwoude,100.0,1,1,unchanged
BU19310701,Achterbroek,BU19310701,Achterbroek,100.0,1,1,unchanged
BU19310800,Haastrecht-Dorpskern,BU19310800,Haastrecht-Dorpskern,100.0,1,1,unchanged
BU19310801,Boven-Haastrecht,BU19310801,Boven-Haastrecht,100.0,1,1,unchanged
BU19310802,Beneden-Haastrecht,BU19310802,Beneden-Haastrecht,100.0,1,1,unchanged
BU19310803,Rozendaal,BU19310803,Rozendaal,100.0,2,1,unchanged
BU19310804,Stolwijkersluis (ged.),BU19310804,Stolwijkersluis (ged.),100.0,1,1,unchanged
BU19310805,Hofkamp,BU19310805,Hofkamp,100.0,1,1,unchanged
BU19310806,Agterpoort,BU19310806,Agterpoort,100.0,1,1,unchanged
BU19310807,Stein,BU19310807,Stein,100.0,1,1,unchanged
BU19310808,Verspr. huizen Haastrecht Noord,BU19310808,Verspr. huizen Haastrecht Noord,100.0,1,1,unchanged
BU19310809,Verspr. huizen Haastrecht Zuid,BU19310809,Verspr. huizen Haastrecht Zuid,100.0,1,1,unchanged
BU19310810,Bergvliet,BU19310810,Bergvliet,100.0,1,1,unchanged
BU19311000,Stolwijk,BU19311000,Stolwijk,100.0,1,1,unchanged
BU19311001,Bovenkerk,BU19311001,Bovenkerk,100.0,1,1,unchanged
BU19311002,Benedenkerk,BU19311002,Benedenkerk,100.0,1,1,unchanged
BU19311003,Benedenheul,BU19311003,Benedenheul,100.0,1,1,unchanged
BU19311004,Goudseweg,BU19311004,Goudseweg,100.0,1,1,unchanged
BU19311005,Het Beijersche,BU19311005,Het Beijersche,100.0,1,1,unchanged
BU19311006,Koolwijk,BU19311006,Koolwijk,100.0,1,1,unchanged
BU19311007,Schoonouwen,BU19311007,Schoonouwen,100.0,1,1,unchanged
BU19311008,Bilwijk,BU19311008,Bilwijk,100.0,1,1,unchanged
BU19311100,Vlist,BU19311100,Vlist,100.0,1,1,unchanged
BU19311101,Bonrepas,BU19311101,Bonrepas,100.0,1,1,unchanged
BU19311200,Schoonhoven-Oude Stad,BU19311200,Schoonhoven-Oude Stad,100.0,1,1,unchanged
BU19311201,Schoonhoven-Noord,BU19311201,Schoonhoven-Noord,100.0,1,1,unchanged
BU19311202,Schoonhoven-West,BU19311202,Schoonhoven-West,100.0,1,1,unchanged
BU19311203,Zevender,BU19311203,Zevender,100.0,1,1,unchanged
BU19311204,Willige-Langerak,BU19311204,Willige-Langerak,100.0,1,1,unchanged
BU19311205,"Vlist, Bovenberg en Lekdijk",BU19311205,"Vlist, Bovenberg en Lekdijk",100.0,1,1,unchanged
BU19550000,'s-Heerenberg,BU19550000,'s-Heerenberg,100.0,1,1,unchanged
BU19550001,"'s-Heerenberg, oostelijke uitbreiding",BU19550001,"'s-Heerenberg, oostelijke uitbreiding",100.0,1,1,unchanged
BU19550002,Zeddam,BU19550002,Zeddam,100.0,1,1,unchanged
BU19550003,Azewijn,BU19550003,Azewijn,100.0,1,1,unchanged
BU19550004,Braamt,BU19550004,Braamt,100.0,1,1,unchanged
BU19550005,Stokkum,BU19550005,Stokkum,100.0,1,1,unchanged
BU19550006,Verspreide huizen Zeddam,BU19550006,Verspreide huizen Zeddam,100.0,1,1,unchanged
BU19550007,Verspreide huizen Mengelenberg en Lengel,BU19550007,Verspreide huizen Mengelenberg en Lengel,100.0,1,1,unchanged
BU19550008,Verspreide huizen Braamt,BU19550008,Verspreide huizen Braamt,100.0,1,1,unchanged
BU19550009,Verspreide huizen Azewijn,BU19550009,Verspreide huizen Azewijn,100.0,1,1,unchanged
BU19550010,Verspreide huizen Stokkum,BU19550010,Verspreide huizen Stokkum,100.0,1,1,unchanged
BU19550100,Beek,BU19550100,Beek,100.0,1,1,unchanged
BU19550101,Kilder,BU19550101,Kilder,100.0,1,1,unchanged
BU19550102,Loerbeek,BU19550102,Loerbeek,100.0,1,1,unchanged
BU19550106,Verspreide huizen Loerbeek,BU19550106,Verspreide huizen Loerbeek,100.0,1,1,unchanged
BU19550107,Verspreide huizen Kilder,BU19550107,Verspreide huizen Kilder,100.0,1,1,unchanged
BU19550108,Verspreide huizen Beek,BU19550108,Verspreide huizen Beek,100.0,1,1,unchanged
BU19550109,Verspreide huizen Montferland,BU19550109,Verspreide huizen Montferland,100.0,1,1,unchanged
BU19550200,Didam-Zuid,BU19550200,Didam-Zuid,100.0,1,1,unchanged
BU19550201,Didam-Noord,BU19550201,Didam-Noord,100.0,1,1,unchanged
BU19550202,Loil,BU19550202,Loil,100.0,1,1,unchanged
BU19550203,Nieuw-Dijk,BU19550203,Nieuw-Dijk,100.0,1,1,unchanged
BU19550205,Verspreide huizen De Heegh,BU19550205,Verspreide huizen De Heegh,100.0,1,1,unchanged
BU19550206,Verspreide huizen Greffelkamp,BU19550206,Verspreide huizen Greffelkamp,100.0,1,1,unchanged
BU19550207,Verspreide huizen De Hogenend en Oud-Dijk,BU19550207,Verspreide huizen De Hogenend en Oud-Dijk,100.0,1,1,unchanged
BU19550208,Verspreide huizen Nieuw-Dijk,BU19550208,Verspreide huizen Nieuw-Dijk,100.0,1,1,unchanged
BU19550209,Verspreide huizen Loil,BU19550209,Verspreide huizen Loil,100.0,1,1,unchanged
BU19870000,Zuidbroek,BU19522001,Zuidbroek,65.1,6,5,merged
BU19870001,Uiterburen,BU19522001,Zuidbroek,93.3,5,5,merged
BU19870002,Heiligelaan,BU19522001,Zuidbroek,98.7,2,5,merged
BU19870003,Westeind,BU19522001,Zuidbroek,84.2,2,5,merged
BU19870005,W A Schottenweg,BU19522001,Zuidbroek,99.2,3,5,recoded (gemeente change)
BU19870009,Verspreide huizen Zuidbroek,BU19522003,Zuidbroek Buitengebied west,42.6,8,1,split
BU19870100,Noordbroek,BU19521901,Noordbroek,84.1,4,1,split
BU19870101,Stootshorn,BU19521902,Noordbroek Buitengebied,100.0,1,2,recoded (gemeente change)
BU19870109,Verspreide huizen Noordbroek,BU19521902,Noordbroek Buitengebied,99.0,4,2,merged
BU19870200,Meeden,BU19522101,Meeden,83.5,2,1,split
BU19870203,Beneden-Veensloot en Boven-Veensloot,BU19522102,Meeden Buitengebied,97.0,2,2,merged
BU19870209,Verspreide huizen Meeden,BU19522102,Meeden Buitengebied,99.6,3,2,recoded (gemeente change)
BU19870300,Muntendam met Oude Verlaat,BU19521802,Muntendam-oost,53.4,4,1,split
BU19870302,Tussenklappen,BU19521801,Muntendam-west,49.0,4,1,split
BU19870303,Tripscompagnie,BU19521805,Tripscompagnie,80.5,2,1,split
BU19870304,Borgercompagnie (gedeeltelijk),BU19521806,Borgercompagnie,100.0,1,1,recoded (gemeente change)
BU19870309,Verspreide huizen Muntendam,BU19521803,Muntendam Buitengebied oost,42.2,10,1,split
BU99999999,,BU09989999,Buitenland,100.0,1,1,recoded (gemeente change)
